{"type":"FeatureCollection","generated":"2026-09-21","source":"OpenStreetMap contributors (ODbL), via Overpass API","features":[{"type":"Feature","id":30839686,"geometry":{"type":"Point","coordinates":[4.688009,52.603883]},"properties":{"chain":"ah","name":"Albert Heijn","street":"Het Hoekstuk 6","city":"Heiloo","postcode":"1852KX","osm":"node/30839686"}},{"type":"Feature","id":30845027,"geometry":{"type":"Point","coordinates":[4.712323,52.592146]},"properties":{"chain":"ah","name":"Albert Heijn","street":"Rosendaal 95","city":"Heiloo","postcode":"1851RK","osm":"node/30845027"}},{"type":"Feature","id":31071749,"geometry":{"type":"Point","coordinates":[4.902182,52.090039]},"properties":{"chain":"aldi","name":"ALDI","osm":"node/31071749"}},{"type":"Feature","id":34044302,"geometry":{"type":"Point","coordinates":[3.607634,51.496281]},"properties":{"chain":"ah","name":"Albert Heijn","street":"Pottenbakkerssingel 2","city":"Middelburg","postcode":"4331NA","osm":"node/34044302"}},{"type":"Feature","id":34044313,"geometry":{"type":"Point","coordinates":[4.309704,51.485735]},"properties":{"chain":"ah","name":"Albert Heijn","street":"Zonneplein 31","city":"Bergen op Zoom","postcode":"4624BC","osm":"node/34044313"}},{"type":"Feature","id":34044320,"geometry":{"type":"Point","coordinates":[4.144604,51.830358]},"properties":{"chain":"ah","name":"Albert Heijn","street":"Struytse Hoeck 91","city":"Hellevoetsluis","postcode":"3224HA","osm":"node/34044320"}},{"type":"Feature","id":34044321,"geometry":{"type":"Point","coordinates":[4.130833,51.833402]},"properties":{"chain":"ah","name":"Albert Heijn","street":"Evertsenplein 68","city":"Hellevoetsluis","postcode":"3221BL","osm":"node/34044321"}},{"type":"Feature","id":34044327,"geometry":{"type":"Point","coordinates":[4.316777,51.855197]},"properties":{"chain":"ah","name":"Albert Heijn","street":"'t Plateau 31","city":"Spijkenisse","postcode":"3202GL","osm":"node/34044327"}},{"type":"Feature","id":34044328,"geometry":{"type":"Point","coordinates":[4.355179,51.865086]},"properties":{"chain":"ah","name":"Albert Heijn XL","street":"Kinheim 305","city":"Hoogvliet Rotterdam","postcode":"3191EG","osm":"node/34044328"}},{"type":"Feature","id":34044329,"geometry":{"type":"Point","coordinates":[4.33113,51.849591]},"properties":{"chain":"ah","name":"Albert Heijn","street":"Nieuwstraat 370","city":"Spijkenisse","postcode":"3201EG","osm":"node/34044329"}},{"type":"Feature","id":34044349,"geometry":{"type":"Point","coordinates":[4.791321,51.570001]},"properties":{"chain":"ah","name":"Albert Heijn","street":"Valkeniersplein 2B","city":"Breda","postcode":"4835RB","osm":"node/34044349"}},{"type":"Feature","id":34044350,"geometry":{"type":"Point","coordinates":[5.018818,51.581513]},"properties":{"chain":"ah","name":"Albert Heijn","street":"Buurmalsenplein 1","city":"Tilburg","postcode":"5043XL","osm":"node/34044350"}},{"type":"Feature","id":34044351,"geometry":{"type":"Point","coordinates":[4.918338,51.588432]},"properties":{"chain":"ah","name":"Albert Heijn","street":"Wilhelminaplein 8","city":"Rijen","postcode":"5121ES","osm":"node/34044351"}},{"type":"Feature","id":34044355,"geometry":{"type":"Point","coordinates":[5.069751,51.52126]},"properties":{"chain":"ah","name":"Albert Heijn","street":"De Hovel 19","city":"Goirle","postcode":"5051NP","osm":"node/34044355"}},{"type":"Feature","id":34044365,"geometry":{"type":"Point","coordinates":[4.702225,51.836206]},"properties":{"chain":"ah","name":"Albert Heijn","street":"Espenhof 20","city":"Papendrecht","postcode":"3355BM","osm":"node/34044365"}},{"type":"Feature","id":34044368,"geometry":{"type":"Point","coordinates":[4.652613,51.822994]},"properties":{"chain":"ah","name":"Albert Heijn","street":"Hof van Holland 30","city":"Zwijndrecht","postcode":"3332EH","osm":"node/34044368"}},{"type":"Feature","id":34044372,"geometry":{"type":"Point","coordinates":[4.96148,51.77104]},"properties":{"chain":"ah","name":"Albert Heijn","street":"Voorstraat 2a","city":"Almkerk","postcode":"4286AL","osm":"node/34044372"}},{"type":"Feature","id":34044379,"geometry":{"type":"Point","coordinates":[4.210451,51.993313]},"properties":{"chain":"ah","name":"Albert Heijn","street":"Verdilaan 4","city":"Naaldwijk","postcode":"2671VX","osm":"node/34044379"}},{"type":"Feature","id":34044389,"geometry":{"type":"Point","coordinates":[4.317313,51.976258]},"properties":{"chain":"ah","name":"Albert Heijn","street":"Keenenburgweg 15","city":"Schipluiden","postcode":"2636GK","osm":"node/34044389"}},{"type":"Feature","id":34044390,"geometry":{"type":"Point","coordinates":[4.265345,52.03467]},"properties":{"chain":"ah","name":"Albert Heijn","street":"Ambachtsgaarde 162","city":"'s-Gravenhage","postcode":"2542EJ","osm":"node/34044390"}},{"type":"Feature","id":34044391,"geometry":{"type":"Point","coordinates":[4.260896,51.918604]},"properties":{"chain":"ah","name":"Albert Heijn","street":"Mesdaglaan 199","city":"Maassluis","postcode":"3141HE","osm":"node/34044391"}},{"type":"Feature","id":34044395,"geometry":{"type":"Point","coordinates":[4.261087,52.042961]},"properties":{"chain":"ah","name":"Albert Heijn","street":"De Stede 10","city":"'s-Gravenhage","postcode":"2543BG","osm":"node/34044395"}},{"type":"Feature","id":34044396,"geometry":{"type":"Point","coordinates":[4.376917,51.93471]},"properties":{"chain":"ah","name":"Albert Heijn","street":"Hof van Spaland 1","city":"Schiedam","postcode":"3121CA","osm":"node/34044396"}},{"type":"Feature","id":34044402,"geometry":{"type":"Point","coordinates":[4.305893,52.077751]},"properties":{"chain":"ah","name":"Albert Heijn","street":"Torenstraat 27","city":"'s-Gravenhage","postcode":"2513BN","osm":"node/34044402"}},{"type":"Feature","id":34044413,"geometry":{"type":"Point","coordinates":[4.332281,52.083938]},"properties":{"chain":"ah","name":"Albert Heijn","street":"Theresiastraat 75","city":"'s-Gravenhage","postcode":"2593AB","osm":"node/34044413"}},{"type":"Feature","id":34044416,"geometry":{"type":"Point","coordinates":[4.32052,52.090284]},"properties":{"chain":"ah","name":"Albert Heijn","street":"Weissenbruchstraat 116","city":"'s-Gravenhage","postcode":"2596GK","osm":"node/34044416"}},{"type":"Feature","id":34044418,"geometry":{"type":"Point","coordinates":[4.466891,51.960864]},"properties":{"chain":"ah","name":"Albert Heijn","street":"Peppelweg 151","city":"Rotterdam","postcode":"3053GL","osm":"node/34044418"}},{"type":"Feature","id":34044420,"geometry":{"type":"Point","coordinates":[4.458232,51.912715]},"properties":{"chain":"ah","name":"Albert Heijn","street":"Nieuwe Binnenweg 288B","city":"Rotterdam","postcode":"3021GS","osm":"node/34044420"}},{"type":"Feature","id":34044421,"geometry":{"type":"Point","coordinates":[4.457686,51.930717]},"properties":{"chain":"ah","name":"Albert Heijn","street":"Statenweg 103","city":"Rotterdam","postcode":"3039HJ","osm":"node/34044421"}},{"type":"Feature","id":34044422,"geometry":{"type":"Point","coordinates":[4.444885,51.917801]},"properties":{"chain":"ah","name":"Albert Heijn","street":"Mathenesserplein 76","city":"Rotterdam","postcode":"3022LD","osm":"node/34044422"}},{"type":"Feature","id":34044424,"geometry":{"type":"Point","coordinates":[4.400437,51.918307]},"properties":{"chain":"ah","name":"Albert Heijn","street":"Lange Kerkstraat 34","city":"Schiedam","postcode":"3111NP","osm":"node/34044424"}},{"type":"Feature","id":34044430,"geometry":{"type":"Point","coordinates":[4.382936,52.087387]},"properties":{"chain":"ah","name":"Albert Heijn","street":"Weigelia 48","city":"Leidschendam","postcode":"2262AB","osm":"node/34044430"}},{"type":"Feature","id":34044435,"geometry":{"type":"Point","coordinates":[4.478075,51.911248]},"properties":{"chain":"ah","name":"Albert Heijn","street":"Vasteland 108","city":"Rotterdam","postcode":"3011BP","osm":"node/34044435"}},{"type":"Feature","id":34044436,"geometry":{"type":"Point","coordinates":[4.489011,51.928259]},"properties":{"chain":"ah","name":"Albert Heijn","street":"Goudse Rijweg 707","city":"Rotterdam","postcode":"3031CG","osm":"node/34044436"}},{"type":"Feature","id":34044437,"geometry":{"type":"Point","coordinates":[4.481096,51.945164]},"properties":{"chain":"ah","name":"Albert Heijn","street":"Kleiweg 45","city":"Rotterdam","postcode":"3051GJ","osm":"node/34044437"}},{"type":"Feature","id":34044440,"geometry":{"type":"Point","coordinates":[4.546209,51.928664]},"properties":{"chain":"ah","name":"Albert Heijn","street":"Mia van IJperenplein 89","city":"Rotterdam","postcode":"3065JK","osm":"node/34044440"}},{"type":"Feature","id":34044448,"geometry":{"type":"Point","coordinates":[4.704366,52.032018]},"properties":{"chain":"ah","name":"Albert Heijn","street":"Lekkenburg 3","city":"Gouda","postcode":"2804XA","osm":"node/34044448"}},{"type":"Feature","id":34044455,"geometry":{"type":"Point","coordinates":[4.494433,52.071207]},"properties":{"chain":"ah","name":"Albert Heijn","street":"Broekwegzijde 150","city":"Zoetermeer","postcode":"2725PE","osm":"node/34044455"}},{"type":"Feature","id":34044459,"geometry":{"type":"Point","coordinates":[5.462806,51.423354]},"properties":{"chain":"ah","name":"Albert Heijn","street":"Franz Leharplein 19","city":"Eindhoven","postcode":"5654AZ","osm":"node/34044459"}},{"type":"Feature","id":34044465,"geometry":{"type":"Point","coordinates":[5.472279,51.451601]},"properties":{"chain":"ah","name":"Albert Heijn","street":"Woenselse Markt 5","city":"Eindhoven","postcode":"5612CP","osm":"node/34044465"}},{"type":"Feature","id":34044470,"geometry":{"type":"Point","coordinates":[5.451631,51.435001]},"properties":{"chain":"ah","name":"Albert Heijn XL","street":"Limburglaan 2","city":"Eindhoven","postcode":"5652AA","osm":"node/34044470"}},{"type":"Feature","id":34044471,"geometry":{"type":"Point","coordinates":[5.44576,51.386942]},"properties":{"chain":"ah","name":"Albert Heijn","street":"De Bus 38","city":"Waalre","postcode":"5581GP","osm":"node/34044471"}},{"type":"Feature","id":34044472,"geometry":{"type":"Point","coordinates":[5.405754,51.421583]},"properties":{"chain":"ah","name":"Albert Heijn","street":"Meiveld 8","city":"Veldhoven","postcode":"5501KA","osm":"node/34044472"}},{"type":"Feature","id":34044486,"geometry":{"type":"Point","coordinates":[5.074692,51.563276]},"properties":{"chain":"ah","name":"Albert Heijn XL","street":"Jan Heijnsstraat 10","city":"Tilburg","postcode":"5041GB","osm":"node/34044486"}},{"type":"Feature","id":34044490,"geometry":{"type":"Point","coordinates":[5.826832,50.967147]},"properties":{"chain":"ah","name":"Albert Heijn","street":"Rijksweg Zuid 2","city":"Geleen","postcode":"6161BP","osm":"node/34044490"}},{"type":"Feature","id":34044491,"geometry":{"type":"Point","coordinates":[5.794116,50.949959]},"properties":{"chain":"ah","name":"Albert Heijn","street":"Wethouder Sangersstraat 174","city":"Beek","postcode":"6191NA","osm":"node/34044491"}},{"type":"Feature","id":34044495,"geometry":{"type":"Point","coordinates":[5.492961,51.476995]},"properties":{"chain":"ah","name":"Albert Heijn","street":"Tarwelaan 70","city":"Eindhoven","postcode":"5632KG","osm":"node/34044495"}},{"type":"Feature","id":34044498,"geometry":{"type":"Point","coordinates":[5.47392,51.489136]},"properties":{"chain":"ah","name":"Albert Heijn","street":"Ouverture 214","city":"Eindhoven","postcode":"5629PX","osm":"node/34044498"}},{"type":"Feature","id":34044500,"geometry":{"type":"Point","coordinates":[5.490945,51.51131]},"properties":{"chain":"ah","name":"Albert Heijn","street":"17 Septemberplein 9","city":"Son en Breugel","postcode":"5691DG","osm":"node/34044500"}},{"type":"Feature","id":34044503,"geometry":{"type":"Point","coordinates":[5.303851,51.691507]},"properties":{"chain":"ah","name":"Albert Heijn","street":"Arena 16","city":"'s-Hertogenbosch","postcode":"5211XT","osm":"node/34044503"}},{"type":"Feature","id":34044505,"geometry":{"type":"Point","coordinates":[5.34956,51.638056]},"properties":{"chain":"ah","name":"Albert Heijn","street":"Kloosterpad 3","city":"Sint-Michielsgestel","postcode":"5271AX","osm":"node/34044505"}},{"type":"Feature","id":34044506,"geometry":{"type":"Point","coordinates":[6.151943,51.365029]},"properties":{"chain":"jumbo","name":"Jumbo","street":"Laurentiusplein 7","city":"Venlo","postcode":"5921GX","osm":"node/34044506"}},{"type":"Feature","id":34044508,"geometry":{"type":"Point","coordinates":[5.545738,51.472283]},"properties":{"chain":"ah","name":"Albert Heijn","street":"Parkstraat 22","city":"Nuenen","postcode":"5671GG","osm":"node/34044508"}},{"type":"Feature","id":34044513,"geometry":{"type":"Point","coordinates":[6.141212,51.341316]},"properties":{"chain":"ah","name":"Albert Heijn Jan Linders","street":"Raadhuislaan 48","city":"Tegelen","postcode":"5931NS","osm":"node/34044513"}},{"type":"Feature","id":34044514,"geometry":{"type":"Point","coordinates":[5.984467,50.890457]},"properties":{"chain":"ah","name":"Albert Heijn","street":"Schandelerboord 25","city":"Heerlen","postcode":"6415AA","osm":"node/34044514"}},{"type":"Feature","id":34044515,"geometry":{"type":"Point","coordinates":[5.995002,51.196227]},"properties":{"chain":"ah","name":"Albert Heijn","street":"Godsweerdersingel 74","city":"Roermond","postcode":"6041GM","osm":"node/34044515"}},{"type":"Feature","id":34044519,"geometry":{"type":"Point","coordinates":[5.923592,50.941377]},"properties":{"chain":"ah","name":"Albert Heijn Jan Linders","street":"Hoofdstraat 45","city":"Amstenrade","postcode":"6436CB","osm":"node/34044519"}},{"type":"Feature","id":34044520,"geometry":{"type":"Point","coordinates":[5.931203,50.925064]},"properties":{"chain":"ah","name":"Albert Heijn","street":"Kouvenderstraat 100","city":"Hoensbroek","postcode":"6431HH","osm":"node/34044520"}},{"type":"Feature","id":34044522,"geometry":{"type":"Point","coordinates":[5.796855,51.462284]},"properties":{"chain":"ah","name":"Albert Heijn","street":"Wolfsberg 20","city":"Deurne","postcode":"5751GX","osm":"node/34044522"}},{"type":"Feature","id":34044525,"geometry":{"type":"Point","coordinates":[5.702081,51.470072]},"properties":{"chain":"ah","name":"Albert Heijn","street":"Brouwhorst 49","city":"Helmond","postcode":"5704EG","osm":"node/34044525"}},{"type":"Feature","id":34044528,"geometry":{"type":"Point","coordinates":[5.672234,51.604775]},"properties":{"chain":"aldi","name":"ALDI","street":"Kerkstraat 8","city":"Boekel","postcode":"5427BC","osm":"node/34044528"}},{"type":"Feature","id":34044530,"geometry":{"type":"Point","coordinates":[5.653736,51.484439]},"properties":{"chain":"ah","name":"Albert Heijn XL","street":"Torenstraat 1","city":"Helmond","postcode":"5701SH","osm":"node/34044530"}},{"type":"Feature","id":34044537,"geometry":{"type":"Point","coordinates":[5.549589,51.464664]},"properties":{"chain":"lidl","name":"Lidl","street":"Hoge Brake 8","city":"Nuenen","postcode":"5672GL","osm":"node/34044537"}},{"type":"Feature","id":34044551,"geometry":{"type":"Point","coordinates":[5.094374,51.991453]},"properties":{"chain":"ah","name":"Albert Heijn","street":"Lijnbaan 11","city":"Vianen","postcode":"4132CB","osm":"node/34044551"}},{"type":"Feature","id":34044552,"geometry":{"type":"Point","coordinates":[5.948991,51.646476]},"properties":{"chain":"ah","name":"Albert Heijn","street":"Koorstraat 10","city":"Boxmeer","postcode":"5831GH","osm":"node/34044552"}},{"type":"Feature","id":34044554,"geometry":{"type":"Point","coordinates":[5.240085,52.086752]},"properties":{"chain":"ah","name":"Albert Heijn","street":"Emmaplein 2","city":"Zeist","postcode":"3701DA","osm":"node/34044554"}},{"type":"Feature","id":34044555,"geometry":{"type":"Point","coordinates":[5.220391,52.083342]},"properties":{"chain":"ah","name":"Albert Heijn","street":"De Clomp 3104","city":"Zeist","postcode":"3704KA","osm":"node/34044555"}},{"type":"Feature","id":34044557,"geometry":{"type":"Point","coordinates":[5.168764,52.034047]},"properties":{"chain":"ah","name":"Albert Heijn","street":"Onderdoor 66","city":"Houten","postcode":"3995DX","osm":"node/34044557"}},{"type":"Feature","id":34044558,"geometry":{"type":"Point","coordinates":[5.416458,52.082532]},"properties":{"chain":"ah","name":"Albert Heijn","street":"Dorpsstraat 27","city":"Woudenberg","postcode":"3931ED","osm":"node/34044558"}},{"type":"Feature","id":34044561,"geometry":{"type":"Point","coordinates":[5.262774,52.076126]},"properties":{"chain":"ah","name":"Albert Heijn","street":"Hoog Kanje 110","city":"Zeist","postcode":"3708DL","osm":"node/34044561"}},{"type":"Feature","id":34044567,"geometry":{"type":"Point","coordinates":[5.798303,51.82326]},"properties":{"chain":"ah","name":"Albert Heijn XL","street":"Zwanenveld 5505","city":"Nijmegen","postcode":"6538TZ","osm":"node/34044567"}},{"type":"Feature","id":34044569,"geometry":{"type":"Point","coordinates":[5.727809,51.807003]},"properties":{"chain":"ah","name":"Albert Heijn","street":"Europaplein 85","city":"Wijchen","postcode":"6602GV","osm":"node/34044569"}},{"type":"Feature","id":34044570,"geometry":{"type":"Point","coordinates":[5.530351,51.735917]},"properties":{"chain":"ah","name":"Albert Heijn","street":"'t Dorp 40","city":"Heesch","postcode":"5384MC","osm":"node/34044570"}},{"type":"Feature","id":34044575,"geometry":{"type":"Point","coordinates":[5.0857,52.086595]},"properties":{"chain":"ah","name":"Albert Heijn","street":"Händelstraat 63","city":"Utrecht","postcode":"3533GH","osm":"node/34044575"}},{"type":"Feature","id":34044580,"geometry":{"type":"Point","coordinates":[5.094388,52.074042]},"properties":{"chain":"ah","name":"Albert Heijn","street":"Hammarskjöldhof 64","city":"Utrecht","postcode":"3527HE","osm":"node/34044580"}},{"type":"Feature","id":34044581,"geometry":{"type":"Point","coordinates":[5.113303,52.089225]},"properties":{"chain":"ah","name":"Albert Heijn","street":"Godebaldkwartier 149","city":"Utrecht","postcode":"3511DP","osm":"node/34044581"}},{"type":"Feature","id":34044582,"geometry":{"type":"Point","coordinates":[5.13816,52.06492]},"properties":{"chain":"ah","name":"Albert Heijn","street":"Hondsrug 60","city":"Utrecht","postcode":"3524BR","osm":"node/34044582"}},{"type":"Feature","id":34044583,"geometry":{"type":"Point","coordinates":[5.134891,52.082364]},"properties":{"chain":"jumbo","name":"Jumbo","street":"Ina Boudier-Bakkerhof 64","city":"Utrecht","postcode":"3582VX","osm":"node/34044583"}},{"type":"Feature","id":34044584,"geometry":{"type":"Point","coordinates":[5.123483,52.083532]},"properties":{"chain":"ah","name":"Albert Heijn","street":"Twijnstraat 8-14","city":"Utrecht","postcode":"3511ZK","osm":"node/34044584"}},{"type":"Feature","id":34044585,"geometry":{"type":"Point","coordinates":[5.135847,52.089221]},"properties":{"chain":"ah","name":"Albert Heijn","street":"Burgemeester Reigerstraat 57","city":"Utrecht","postcode":"3581KM","osm":"node/34044585"}},{"type":"Feature","id":34044586,"geometry":{"type":"Point","coordinates":[5.668054,51.969959]},"properties":{"chain":"ah","name":"Albert Heijn","street":"Stadsbrink 375","city":"Wageningen","postcode":"6707AA","osm":"node/34044586"}},{"type":"Feature","id":34044590,"geometry":{"type":"Point","coordinates":[5.893905,51.990129]},"properties":{"chain":"ah","name":"Albert Heijn","street":"Van Lawick van Pabststraat 76","city":"Arnhem","postcode":"6814HK","osm":"node/34044590"}},{"type":"Feature","id":34044592,"geometry":{"type":"Point","coordinates":[5.915043,51.983061]},"properties":{"chain":"ah","name":"Albert Heijn","street":"Velperbuitensingel 4","city":"Arnhem","postcode":"6828CT","osm":"node/34044592"}},{"type":"Feature","id":34044596,"geometry":{"type":"Point","coordinates":[5.967336,51.962221]},"properties":{"chain":"ah","name":"Albert Heijn","street":"Dorpsplein 6","city":"Westervoort","postcode":"6931CZ","osm":"node/34044596"}},{"type":"Feature","id":34044600,"geometry":{"type":"Point","coordinates":[6.257278,51.960958]},"properties":{"chain":"aldi","name":"ALDI","street":"de Bongerd 63","city":"Doetinchem","postcode":"7006NH","osm":"node/34044600"}},{"type":"Feature","id":34044603,"geometry":{"type":"Point","coordinates":[5.838077,51.879197]},"properties":{"chain":"ah","name":"Albert Heijn","street":"Jonagoldstraat 57","city":"Nijmegen","postcode":"6515EN","osm":"node/34044603"}},{"type":"Feature","id":34044607,"geometry":{"type":"Point","coordinates":[5.851722,51.821401]},"properties":{"chain":"ah","name":"Albert Heijn XL","street":"Sint Jacobslaan 61","city":"Nijmegen","postcode":"6533BP","osm":"node/34044607"}},{"type":"Feature","id":34044608,"geometry":{"type":"Point","coordinates":[5.853747,51.782109]},"properties":{"chain":"ah","name":"Albert Heijn","street":"Winkelcentrum 19","city":"Malden","postcode":"6581BV","osm":"node/34044608"}},{"type":"Feature","id":34044613,"geometry":{"type":"Point","coordinates":[6.020936,51.948406]},"properties":{"chain":"ah","name":"Albert Heijn","street":"Thuvinestraat 33","city":"Duiven","postcode":"6921BB","osm":"node/34044613"}},{"type":"Feature","id":34044614,"geometry":{"type":"Point","coordinates":[6.078382,51.930906]},"properties":{"chain":"ah","name":"Albert Heijn","street":"Kampsingel 2","city":"Zevenaar","postcode":"6901JE","osm":"node/34044614"}},{"type":"Feature","id":34044617,"geometry":{"type":"Point","coordinates":[6.57919,51.927225]},"properties":{"chain":"ah","name":"Albert Heijn","street":"De Hoven 25","city":"Aalten","postcode":"7122BJ","osm":"node/34044617"}},{"type":"Feature","id":34044625,"geometry":{"type":"Point","coordinates":[4.476824,52.146692]},"properties":{"chain":"ah","name":"Albert Heijn XL","street":"Bevrijdingsplein 50","city":"Leiden","postcode":"2321BX","osm":"node/34044625"}},{"type":"Feature","id":34044627,"geometry":{"type":"Point","coordinates":[4.577472,52.292448]},"properties":{"chain":"ah","name":"Albert Heijn","street":"Henri Dunantplein 6","city":"Hillegom","postcode":"2181EM","osm":"node/34044627"}},{"type":"Feature","id":34044631,"geometry":{"type":"Point","coordinates":[4.419045,52.206192]},"properties":{"chain":"ah","name":"Albert Heijn","street":"Hoornesplein 137","city":"Katwijk","postcode":"2221BE","osm":"node/34044631"}},{"type":"Feature","id":34044634,"geometry":{"type":"Point","coordinates":[4.277276,52.094234]},"properties":{"chain":"ah","name":"Albert Heijn","street":"Frederik Hendriklaan 80","city":"'s-Gravenhage","postcode":"2582BE","osm":"node/34044634"}},{"type":"Feature","id":34044635,"geometry":{"type":"Point","coordinates":[4.28771,52.111805]},"properties":{"chain":"ah","name":"Albert Heijn","street":"Amsterdamsestraat 9","city":"'s-Gravenhage","postcode":"2587CN","osm":"node/34044635"}},{"type":"Feature","id":34044638,"geometry":{"type":"Point","coordinates":[6.568224,51.988481]},"properties":{"chain":"ah","name":"Albert Heijn","street":"Varkensmarkt 12","city":"Lichtenvoorde","postcode":"7131DH","osm":"node/34044638"}},{"type":"Feature","id":34044642,"geometry":{"type":"Point","coordinates":[4.468704,52.177021]},"properties":{"chain":"ah","name":"Albert Heijn","street":"Terweeplein 3","city":"Oegstgeest","postcode":"2341CZ","osm":"node/34044642"}},{"type":"Feature","id":34044643,"geometry":{"type":"Point","coordinates":[4.470942,52.18721]},"properties":{"chain":"ah","name":"Albert Heijn","street":"Irislaan 83","city":"Oegstgeest","postcode":"2343CH","osm":"node/34044643"}},{"type":"Feature","id":34044644,"geometry":{"type":"Point","coordinates":[4.448713,52.126643]},"properties":{"chain":"ah","name":"Albert Heijn","street":"Schoolstraat 1","city":"Voorschoten","postcode":"2251BD","osm":"node/34044644"}},{"type":"Feature","id":34044645,"geometry":{"type":"Point","coordinates":[4.453075,52.151068]},"properties":{"chain":"ah","name":"Albert Heijn","street":"Stevensbloem 11","city":"Leiden","postcode":"2331JA","osm":"node/34044645"}},{"type":"Feature","id":34044646,"geometry":{"type":"Point","coordinates":[4.403656,52.144574]},"properties":{"chain":"ah","name":"Albert Heijn","street":"Stadhoudersplein 4","city":"Wassenaar","postcode":"2241EB","osm":"node/34044646"}},{"type":"Feature","id":34044648,"geometry":{"type":"Point","coordinates":[4.304313,52.091943]},"properties":{"chain":"ah","name":"Albert Heijn","street":"Sumatrastraat 8","city":"'s-Gravenhage","postcode":"2585CS","osm":"node/34044648"}},{"type":"Feature","id":34044652,"geometry":{"type":"Point","coordinates":[5.107732,52.096056]},"properties":{"chain":"ah","name":"Albert Heijn","street":"Amsterdamsestraatweg 56","city":"Utrecht","postcode":"3513AH","osm":"node/34044652"}},{"type":"Feature","id":34044655,"geometry":{"type":"Point","coordinates":[4.955099,52.315619]},"properties":{"chain":"ah","name":"Albert Heijn","street":"Bijlmerplein 526","city":"Amsterdam","postcode":"1102DP","osm":"node/34044655"}},{"type":"Feature","id":34044657,"geometry":{"type":"Point","coordinates":[5.014164,52.105584]},"properties":{"chain":"ah","name":"Albert Heijn","street":"Hindersteinlaan 23","city":"Vleuten","postcode":"3451EV","osm":"node/34044657"}},{"type":"Feature","id":34044662,"geometry":{"type":"Point","coordinates":[5.119881,52.09479]},"properties":{"chain":"ah","name":"Albert Heijn","street":"Voorstraat 38","city":"Utrecht","postcode":"3512AP","osm":"node/34044662"}},{"type":"Feature","id":34044663,"geometry":{"type":"Point","coordinates":[5.112616,52.112838]},"properties":{"chain":"ah","name":"Albert Heijn XL","street":"Roelantdreef 41","city":"Utrecht","postcode":"3562KC","osm":"node/34044663"}},{"type":"Feature","id":34044664,"geometry":{"type":"Point","coordinates":[5.131337,52.091564]},"properties":{"chain":"ah","name":"Albert Heijn","street":"Nachtegaalstraat 55","city":"Utrecht","postcode":"3581AD","osm":"node/34044664"}},{"type":"Feature","id":34044665,"geometry":{"type":"Point","coordinates":[5.123039,52.102233]},"properties":{"chain":"ah","name":"Albert Heijn","street":"Willem van Noortplein 6","city":"Utrecht","postcode":"3514GK","osm":"node/34044665"}},{"type":"Feature","id":34044667,"geometry":{"type":"Point","coordinates":[4.749245,52.234009]},"properties":{"chain":"ah","name":"Albert Heijn","street":"Einsteinstraat 103","city":"Kudelstaart","postcode":"1433KJ","osm":"node/34044667"}},{"type":"Feature","id":34044670,"geometry":{"type":"Point","coordinates":[4.620446,52.271106]},"properties":{"chain":"lidl","name":"Lidl","street":"Händelplein 197","city":"Nieuw-Vennep","postcode":"2151NN","osm":"node/34044670"}},{"type":"Feature","id":34044673,"geometry":{"type":"Point","coordinates":[4.664191,52.30178]},"properties":{"chain":"ah","name":"Albert Heijn","street":"Markenburg 99","city":"Hoofddorp","postcode":"2135DS","osm":"node/34044673"}},{"type":"Feature","id":34044674,"geometry":{"type":"Point","coordinates":[4.840269,52.34894]},"properties":{"chain":"ah","name":"Albert Heijn","street":"Delflandplein 31","city":"Amsterdam","postcode":"1062HP","osm":"node/34044674"}},{"type":"Feature","id":34044675,"geometry":{"type":"Point","coordinates":[4.851397,52.281362]},"properties":{"chain":"ah","name":"Albert Heijn","street":"Brink 20","city":"Amstelveen","postcode":"1188NC","osm":"node/34044675"}},{"type":"Feature","id":34044676,"geometry":{"type":"Point","coordinates":[4.860131,52.303331]},"properties":{"chain":"ah","name":"Albert Heijn","street":"Rembrandthof 49","city":"Amstelveen","postcode":"1181ZL","osm":"node/34044676"}},{"type":"Feature","id":34044677,"geometry":{"type":"Point","coordinates":[4.869984,52.288815]},"properties":{"chain":"ah","name":"Albert Heijn","street":"Groenhof 144","city":"Amstelveen","postcode":"1186EX","osm":"node/34044677"}},{"type":"Feature","id":34044679,"geometry":{"type":"Point","coordinates":[4.826773,52.354993]},"properties":{"chain":"ah","name":"Albert Heijn","street":"Sierplein 78","city":"Amsterdam","postcode":"1065LN","osm":"node/34044679"}},{"type":"Feature","id":34044681,"geometry":{"type":"Point","coordinates":[4.828877,52.232471]},"properties":{"chain":"ah","name":"Albert Heijn","street":"Amstelplein 37","city":"Uithoorn","postcode":"1421SB","osm":"node/34044681"}},{"type":"Feature","id":34044682,"geometry":{"type":"Point","coordinates":[4.630932,52.376375]},"properties":{"chain":"ah","name":"Albert Heijn","street":"Grote Houtstraat 182","city":"Haarlem","postcode":"2011SZ","osm":"node/34044682"}},{"type":"Feature","id":34044683,"geometry":{"type":"Point","coordinates":[4.635775,52.384462]},"properties":{"chain":"ah","name":"Albert Heijn","street":"Kruisstraat 10","city":"Haarlem","postcode":"2011PX","osm":"node/34044683"}},{"type":"Feature","id":34044685,"geometry":{"type":"Point","coordinates":[4.622389,52.387101]},"properties":{"chain":"ah","name":"Albert Heijn","street":"Spoorwegstraat 1-3","city":"Haarlem","postcode":"2015BL","osm":"node/34044685"}},{"type":"Feature","id":34044693,"geometry":{"type":"Point","coordinates":[4.92018,52.354718]},"properties":{"chain":"ah","name":"Albert Heijn","street":"Krugerplein 3","city":"Amsterdam","postcode":"1092JZ","osm":"node/34044693"}},{"type":"Feature","id":34044694,"geometry":{"type":"Point","coordinates":[4.604471,52.359741]},"properties":{"chain":"ah","name":"Albert Heijn","street":"Zandvoortselaan 169","city":"Heemstede","postcode":"2106AM","osm":"node/34044694"}},{"type":"Feature","id":34044700,"geometry":{"type":"Point","coordinates":[4.879776,52.357214]},"properties":{"chain":"ah","name":"Albert Heijn","street":"Van Baerlestraat 33A","city":"Amsterdam","postcode":"1071AP","osm":"node/34044700"}},{"type":"Feature","id":34044701,"geometry":{"type":"Point","coordinates":[4.877746,52.348821]},"properties":{"chain":"ah","name":"Albert Heijn","street":"Gerrit van der Veenstraat 57","city":"Amsterdam","postcode":"1077DP","osm":"node/34044701"}},{"type":"Feature","id":34044703,"geometry":{"type":"Point","coordinates":[4.902601,52.352758]},"properties":{"chain":"ah","name":"Albert Heijn","street":"Van Woustraat 150","city":"Amsterdam","postcode":"1073LV","osm":"node/34044703"}},{"type":"Feature","id":34044706,"geometry":{"type":"Point","coordinates":[4.865929,52.318013]},"properties":{"chain":"ah","name":"Albert Heijn","street":"Bourgondischelaan 14-28","city":"Amstelveen","postcode":"1181DD","osm":"node/34044706"}},{"type":"Feature","id":34044707,"geometry":{"type":"Point","coordinates":[4.863689,52.345754]},"properties":{"chain":"ah","name":"Albert Heijn","street":"Stadionweg 159","city":"Amsterdam","postcode":"1076NN","osm":"node/34044707"}},{"type":"Feature","id":34044709,"geometry":{"type":"Point","coordinates":[5.240684,52.139261]},"properties":{"chain":"ah","name":"Albert Heijn","street":"Paduaweg 3","city":"Den Dolder","postcode":"3734GG","osm":"node/34044709"}},{"type":"Feature","id":34044712,"geometry":{"type":"Point","coordinates":[4.87804,52.331068]},"properties":{"chain":"ah","name":"Albert Heijn XL","street":"Gelderlandplein 47","city":"Amsterdam","postcode":"1082KZ","osm":"node/34044712"}},{"type":"Feature","id":34044713,"geometry":{"type":"Point","coordinates":[4.869631,52.35366]},"properties":{"chain":"ah","name":"Albert Heijn","street":"Johannes Verhulststraat 149-1","city":"Amsterdam","postcode":"1071NB","osm":"node/34044713"}},{"type":"Feature","id":34044720,"geometry":{"type":"Point","coordinates":[4.855153,52.364062]},"properties":{"chain":"ah","name":"Albert Heijn","street":"Postjesweg 65","city":"Amsterdam","postcode":"1057DW","osm":"node/34044720"}},{"type":"Feature","id":34044723,"geometry":{"type":"Point","coordinates":[4.723528,52.631632]},"properties":{"chain":"ah","name":"Albert Heijn","street":"Van Ostadelaan 294","city":"Alkmaar","postcode":"1816JH","osm":"node/34044723"}},{"type":"Feature","id":34044729,"geometry":{"type":"Point","coordinates":[4.759327,52.502909]},"properties":{"chain":"ah","name":"Albert Heijn","street":"Rosariumplein 20","city":"Krommenie","postcode":"1561DX","osm":"node/34044729"}},{"type":"Feature","id":34044730,"geometry":{"type":"Point","coordinates":[4.837582,52.363673]},"properties":{"chain":"ah","name":"Albert Heijn","street":"August Allebéplein 12","city":"Amsterdam","postcode":"1062AC","osm":"node/34044730"}},{"type":"Feature","id":34044731,"geometry":{"type":"Point","coordinates":[4.837169,52.444288]},"properties":{"chain":"ah","name":"Albert Heijn XL","street":"Vrieschgroenstraat 5","city":"Zaandam","postcode":"1503MC","osm":"node/34044731"}},{"type":"Feature","id":34044748,"geometry":{"type":"Point","coordinates":[4.888881,52.381614]},"properties":{"chain":"ah","name":"Albert Heijn","street":"Haarlemmerdijk 1","city":"Amsterdam","postcode":"1013JZ","osm":"node/34044748"}},{"type":"Feature","id":34044750,"geometry":{"type":"Point","coordinates":[4.883927,52.373881]},"properties":{"chain":"ah","name":"Albert Heijn","street":"Westermarkt 21","city":"Amsterdam","postcode":"1016DJ","osm":"node/34044750"}},{"type":"Feature","id":34044751,"geometry":{"type":"Point","coordinates":[4.884454,52.378446]},"properties":{"chain":"ah","name":"Albert Heijn","street":"Westerstraat 79","city":"Amsterdam","postcode":"1015LW","osm":"node/34044751"}},{"type":"Feature","id":34044752,"geometry":{"type":"Point","coordinates":[4.878395,52.437216]},"properties":{"chain":"ah","name":"Albert Heijn","street":"Klaverweide 10","city":"Oostzaan","postcode":"1511XW","osm":"node/34044752"}},{"type":"Feature","id":34044760,"geometry":{"type":"Point","coordinates":[4.939839,52.362436]},"properties":{"chain":"ah","name":"Albert Heijn","street":"Molukkenstraat 101A","city":"Amsterdam","postcode":"1095AZ","osm":"node/34044760"}},{"type":"Feature","id":34044762,"geometry":{"type":"Point","coordinates":[4.925553,52.362449]},"properties":{"chain":"ah","name":"Albert Heijn","street":"Eerste Van Swindenstraat 91","city":"Amsterdam","postcode":"1093EZ","osm":"node/34044762"}},{"type":"Feature","id":34044767,"geometry":{"type":"Point","coordinates":[4.89973,52.372688]},"properties":{"chain":"ah","name":"Albert Heijn","street":"Nieuwmarkt 18","city":"Amsterdam","postcode":"1012CR","osm":"node/34044767"}},{"type":"Feature","id":34044769,"geometry":{"type":"Point","coordinates":[4.892207,52.362843]},"properties":{"chain":"ah","name":"Albert Heijn","street":"Vijzelstraat 113","city":"Amsterdam","postcode":"1017HJ","osm":"node/34044769"}},{"type":"Feature","id":34044772,"geometry":{"type":"Point","coordinates":[4.88187,52.369856]},"properties":{"chain":"ah","name":"Albert Heijn","street":"Elandsgracht 13A","city":"Amsterdam","postcode":"1016TM","osm":"node/34044772"}},{"type":"Feature","id":34044774,"geometry":{"type":"Point","coordinates":[4.87464,52.362763]},"properties":{"chain":"ah","name":"Albert Heijn","street":"Overtoom 116-H","city":"Amsterdam","postcode":"1054HM","osm":"node/34044774"}},{"type":"Feature","id":34044779,"geometry":{"type":"Point","coordinates":[5.280844,52.394518]},"properties":{"chain":"ah","name":"Albert Heijn","street":"Rio de Janeiroplein 1","city":"Almere","postcode":"1334HE","osm":"node/34044779"}},{"type":"Feature","id":34044782,"geometry":{"type":"Point","coordinates":[6.003054,52.217188]},"properties":{"chain":"ah","name":"Albert Heijn","street":"Linie 189","city":"Apeldoorn","postcode":"7325DR","osm":"node/34044782"}},{"type":"Feature","id":34044785,"geometry":{"type":"Point","coordinates":[5.243511,52.376009]},"properties":{"chain":"ah","name":"Albert Heijn","street":"Watercipresstraat 15","city":"Almere","postcode":"1326CM","osm":"node/34044785"}},{"type":"Feature","id":34044790,"geometry":{"type":"Point","coordinates":[5.405549,52.151629]},"properties":{"chain":"ah","name":"Albert Heijn","street":"Euterpeplein 43","city":"Amersfoort","postcode":"3816NR","osm":"node/34044790"}},{"type":"Feature","id":34044791,"geometry":{"type":"Point","coordinates":[5.428339,52.130747]},"properties":{"chain":"ah","name":"Albert Heijn","street":"'t Erf 9","city":"Leusden","postcode":"3831NA","osm":"node/34044791"}},{"type":"Feature","id":34044792,"geometry":{"type":"Point","coordinates":[5.477925,52.216485]},"properties":{"chain":"ah","name":"Albert Heijn","street":"Frieswijkstraat 72","city":"Nijkerk","postcode":"3862BM","osm":"node/34044792"}},{"type":"Feature","id":34044793,"geometry":{"type":"Point","coordinates":[5.58989,52.137673]},"properties":{"chain":"ah","name":"Albert Heijn","street":"Burgemeester Kuntzelaan 35","city":"Barneveld","postcode":"3771EP","osm":"node/34044793"}},{"type":"Feature","id":34044796,"geometry":{"type":"Point","coordinates":[5.403886,52.176781]},"properties":{"chain":"ah","name":"Albert Heijn","street":"Albert Schweitzersingel 92","city":"Amersfoort","postcode":"3822BX","osm":"node/34044796"}},{"type":"Feature","id":34044798,"geometry":{"type":"Point","coordinates":[5.29367,52.187553]},"properties":{"chain":"ah","name":"Albert Heijn","street":"Burgemeester Grothestraat 2","city":"Soest","postcode":"3761CM","osm":"node/34044798"}},{"type":"Feature","id":34044804,"geometry":{"type":"Point","coordinates":[5.286009,52.214126]},"properties":{"chain":"ah","name":"Albert Heijn","street":"Eemnesserweg 40","city":"Baarn","postcode":"3741GB","osm":"node/34044804"}},{"type":"Feature","id":34044808,"geometry":{"type":"Point","coordinates":[5.198589,52.382267]},"properties":{"chain":"ah","name":"Albert Heijn","street":"Lavendelplantsoen 60","city":"Almere","postcode":"1313GA","osm":"node/34044808"}},{"type":"Feature","id":34044810,"geometry":{"type":"Point","coordinates":[6.466049,52.364191]},"properties":{"chain":"ah","name":"Albert Heijn","street":"Spoelerstraat 6","city":"Nijverdal","postcode":"7442AA","osm":"node/34044810"}},{"type":"Feature","id":34044819,"geometry":{"type":"Point","coordinates":[6.793714,52.26683]},"properties":{"chain":"ah","name":"Albert Heijn","street":"Thiemsbrug 19","city":"Hengelo","postcode":"7551EZ","osm":"node/34044819"}},{"type":"Feature","id":34044824,"geometry":{"type":"Point","coordinates":[6.523597,52.309577]},"properties":{"chain":"aldi","name":"ALDI","street":"Watermolen 2","city":"Rijssen","postcode":"7461AZ","osm":"node/34044824"}},{"type":"Feature","id":34044827,"geometry":{"type":"Point","coordinates":[7.007839,52.260695]},"properties":{"chain":"ah","name":"Albert Heijn","street":"Langenkamp 8","city":"Losser","postcode":"7581JE","osm":"node/34044827"}},{"type":"Feature","id":34044828,"geometry":{"type":"Point","coordinates":[6.926263,52.313456]},"properties":{"chain":"ah","name":"Albert Heijn","street":"In den Vijfhoek 1","city":"Oldenzaal","postcode":"7571DT","osm":"node/34044828"}},{"type":"Feature","id":34044829,"geometry":{"type":"Point","coordinates":[6.898438,52.409981]},"properties":{"chain":"ah","name":"Albert Heijn","street":"Denekamperstraat 5A","city":"Ootmarsum","postcode":"7631AA","osm":"node/34044829"}},{"type":"Feature","id":34044830,"geometry":{"type":"Point","coordinates":[6.829528,52.284236]},"properties":{"chain":"ah","name":"Albert Heijn","street":"Christiaan Langefeldstraat 83","city":"Hengelo","postcode":"7558CZ","osm":"node/34044830"}},{"type":"Feature","id":34044833,"geometry":{"type":"Point","coordinates":[6.820804,52.262667]},"properties":{"chain":"ah","name":"Albert Heijn","street":"Willem de Mérodestraat 10","city":"Hengelo","postcode":"7552WZ","osm":"node/34044833"}},{"type":"Feature","id":34044834,"geometry":{"type":"Point","coordinates":[5.643844,52.571692]},"properties":{"chain":"ah","name":"Albert Heijn","street":"De Poort 10","city":"Swifterbant","postcode":"8255AA","osm":"node/34044834"}},{"type":"Feature","id":34044837,"geometry":{"type":"Point","coordinates":[5.503279,52.513939]},"properties":{"chain":"ah","name":"Albert Heijn","street":"Voorhof 12","city":"Lelystad","postcode":"8212CA","osm":"node/34044837"}},{"type":"Feature","id":34044839,"geometry":{"type":"Point","coordinates":[5.477665,52.509072]},"properties":{"chain":"ah","name":"Albert Heijn","street":"Neringpassage 127","city":"Lelystad","postcode":"8224JB","osm":"node/34044839"}},{"type":"Feature","id":34044840,"geometry":{"type":"Point","coordinates":[5.460214,52.517643]},"properties":{"chain":"ah","name":"Albert Heijn","street":"Kempenaar 03 41","city":"Lelystad","postcode":"8242BD","osm":"node/34044840"}},{"type":"Feature","id":34044843,"geometry":{"type":"Point","coordinates":[5.780697,52.376124]},"properties":{"chain":"ah","name":"Albert Heijn","street":"Harderwijkerweg 18","city":"Nunspeet","postcode":"8071GA","osm":"node/34044843"}},{"type":"Feature","id":34044849,"geometry":{"type":"Point","coordinates":[5.623041,52.347892]},"properties":{"chain":"ah","name":"Albert Heijn","street":"Selhorstweg 2","city":"Harderwijk","postcode":"3841GL","osm":"node/34044849"}},{"type":"Feature","id":34044850,"geometry":{"type":"Point","coordinates":[6.14308,52.26663]},"properties":{"chain":"ah","name":"Albert Heijn","street":"Johannes van Vlotenlaan 1","city":"Deventer","postcode":"7412SB","osm":"node/34044850"}},{"type":"Feature","id":34044855,"geometry":{"type":"Point","coordinates":[6.110939,52.483383]},"properties":{"chain":"ah","name":"Albert Heijn","street":"Pijmanstraat 18","city":"Zwolle","postcode":"8014VB","osm":"node/34044855"}},{"type":"Feature","id":34044858,"geometry":{"type":"Point","coordinates":[6.420128,52.162337]},"properties":{"chain":"ah","name":"Albert Heijn","street":"Prins Bernhardweg 40","city":"Lochem","postcode":"7241DH","osm":"node/34044858"}},{"type":"Feature","id":34044864,"geometry":{"type":"Point","coordinates":[6.224307,52.260734]},"properties":{"chain":"aldi","name":"ALDI","street":"Andriessenplein 35","city":"Deventer","postcode":"7425GZ","osm":"node/34044864"}},{"type":"Feature","id":34044865,"geometry":{"type":"Point","coordinates":[6.224358,52.260576]},"properties":{"chain":"ah","name":"Albert Heijn","street":"Andriessenplein 34","city":"Deventer","postcode":"7425GZ","osm":"node/34044865"}},{"type":"Feature","id":34044867,"geometry":{"type":"Point","coordinates":[6.859269,52.228762]},"properties":{"chain":"ah","name":"Albert Heijn","street":"Zonstraat 28","city":"Enschede","postcode":"7521HH","osm":"node/34044867"}},{"type":"Feature","id":34044870,"geometry":{"type":"Point","coordinates":[6.786259,52.255151]},"properties":{"chain":"ah","name":"Albert Heijn","street":"Boekeloseweg 26","city":"Hengelo","postcode":"7553DN","osm":"node/34044870"}},{"type":"Feature","id":34044871,"geometry":{"type":"Point","coordinates":[6.740766,52.156479]},"properties":{"chain":"ah","name":"Albert Heijn","street":"Spoorstraat 30","city":"Haaksbergen","postcode":"7481HZ","osm":"node/34044871"}},{"type":"Feature","id":34044873,"geometry":{"type":"Point","coordinates":[6.8555,52.193954]},"properties":{"chain":"ah","name":"Albert Heijn","street":"Kevelhamhoek 71","city":"Enschede","postcode":"7546EN","osm":"node/34044873"}},{"type":"Feature","id":34044890,"geometry":{"type":"Point","coordinates":[6.956155,52.987907]},"properties":{"chain":"ah","name":"Albert Heijn","street":"Gandhiplein 12","city":"Stadskanaal","postcode":"9501DE","osm":"node/34044890"}},{"type":"Feature","id":34044896,"geometry":{"type":"Point","coordinates":[6.501204,53.214933]},"properties":{"chain":"ah","name":"Albert Heijn","street":"Zuiderweg 27","city":"Groningen","postcode":"9745AA","osm":"node/34044896"}},{"type":"Feature","id":34044907,"geometry":{"type":"Point","coordinates":[5.729998,52.720182]},"properties":{"chain":"ah","name":"Albert Heijn","street":"Haarlemmermeer 2","city":"Emmeloord","postcode":"8302NP","osm":"node/34044907"}},{"type":"Feature","id":34044908,"geometry":{"type":"Point","coordinates":[5.762877,52.711151]},"properties":{"chain":"ah","name":"Albert Heijn","street":"Lange Nering 200","city":"Emmeloord","postcode":"8302EZ","osm":"node/34044908"}},{"type":"Feature","id":34044919,"geometry":{"type":"Point","coordinates":[5.65555,53.033782]},"properties":{"chain":"ah","name":"Albert Heijn","street":"Sint Antoniusplein 35","city":"Sneek","postcode":"8601HK","osm":"node/34044919"}},{"type":"Feature","id":34044924,"geometry":{"type":"Point","coordinates":[5.792743,53.215347]},"properties":{"chain":"ah","name":"Albert Heijn","street":"Bilgaardpassage 1","city":"Leeuwarden","postcode":"8918HR","osm":"node/34044924"}},{"type":"Feature","id":34044928,"geometry":{"type":"Point","coordinates":[5.817829,53.191856]},"properties":{"chain":"ah","name":"Albert Heijn XL","street":"Tijnjedijk 76","city":"Leeuwarden","postcode":"8936AD","osm":"node/34044928"}},{"type":"Feature","id":34044949,"geometry":{"type":"Point","coordinates":[3.570325,51.444998]},"properties":{"chain":"aldi","name":"ALDI","osm":"node/34044949"}},{"type":"Feature","id":34044955,"geometry":{"type":"Point","coordinates":[4.046659,51.276449]},"properties":{"chain":"aldi","name":"ALDI","street":"Stationsplein 13","city":"Hulst","postcode":"4561GC","osm":"node/34044955"}},{"type":"Feature","id":34044960,"geometry":{"type":"Point","coordinates":[3.596922,51.504018]},"properties":{"chain":"aldi","name":"ALDI","osm":"node/34044960"}},{"type":"Feature","id":34044961,"geometry":{"type":"Point","coordinates":[3.603039,51.489193]},"properties":{"chain":"aldi","name":"ALDI","osm":"node/34044961"}},{"type":"Feature","id":34044964,"geometry":{"type":"Point","coordinates":[4.291347,51.488273]},"properties":{"chain":"aldi","name":"ALDI","osm":"node/34044964"}},{"type":"Feature","id":34044971,"geometry":{"type":"Point","coordinates":[4.525579,51.591533]},"properties":{"chain":"aldi","name":"ALDI","osm":"node/34044971"}},{"type":"Feature","id":34044977,"geometry":{"type":"Point","coordinates":[5.166664,51.361193]},"properties":{"chain":"aldi","name":"ALDI","street":"Kruisstraat 3","city":"Reusel","postcode":"5541CH","osm":"node/34044977"}},{"type":"Feature","id":34044989,"geometry":{"type":"Point","coordinates":[4.943889,51.626466]},"properties":{"chain":"aldi","name":"ALDI","osm":"node/34044989"}},{"type":"Feature","id":34044995,"geometry":{"type":"Point","coordinates":[5.078807,51.590556]},"properties":{"chain":"aldi","name":"ALDI","osm":"node/34044995"}},{"type":"Feature","id":34044997,"geometry":{"type":"Point","coordinates":[3.905269,51.65477]},"properties":{"chain":"aldi","name":"ALDI","street":"Grevelingenstraat 7","city":"Zierikzee","postcode":"4301XZ","osm":"node/34044997"}},{"type":"Feature","id":34045001,"geometry":{"type":"Point","coordinates":[4.396991,51.822951]},"properties":{"chain":"aldi","name":"ALDI","street":"Zoomwijckplein 7","city":"Oud-Beijerland","postcode":"3262DA","osm":"node/34045001"}},{"type":"Feature","id":34045005,"geometry":{"type":"Point","coordinates":[4.510009,51.896699]},"properties":{"chain":"aldi","name":"ALDI","street":"Strijensestraat 61","city":"Rotterdam","postcode":"3074GG","osm":"node/34045005"}},{"type":"Feature","id":34045006,"geometry":{"type":"Point","coordinates":[4.470013,51.87341]},"properties":{"chain":"aldi","name":"ALDI","osm":"node/34045006"}},{"type":"Feature","id":34045012,"geometry":{"type":"Point","coordinates":[4.471258,51.932887]},"properties":{"chain":"aldi","name":"ALDI","street":"Eudokiaplein 8-10","city":"Rotterdam","postcode":"3037EP","osm":"node/34045012"}},{"type":"Feature","id":34045017,"geometry":{"type":"Point","coordinates":[4.337401,52.056811]},"properties":{"chain":"aldi","name":"ALDI","osm":"node/34045017"}},{"type":"Feature","id":34045018,"geometry":{"type":"Point","coordinates":[4.35427,52.0021]},"properties":{"chain":"aldi","name":"ALDI","street":"Papsouwselaan 1","city":"Delft","postcode":"2624AE","osm":"node/34045018"}},{"type":"Feature","id":34045024,"geometry":{"type":"Point","coordinates":[4.796506,51.684528]},"properties":{"chain":"aldi","name":"ALDI","osm":"node/34045024"}},{"type":"Feature","id":34045025,"geometry":{"type":"Point","coordinates":[4.904483,51.800729]},"properties":{"chain":"aldi","name":"ALDI","street":"Grote Waardweg 1a","city":"Werkendam","postcode":"4251NV","osm":"node/34045025"}},{"type":"Feature","id":34045029,"geometry":{"type":"Point","coordinates":[4.499788,51.916333]},"properties":{"chain":"aldi","name":"ALDI","street":"Maaskade 23A","city":"Rotterdam","postcode":"3071NA","osm":"node/34045029"}},{"type":"Feature","id":34045031,"geometry":{"type":"Point","coordinates":[4.579034,51.937529]},"properties":{"chain":"aldi","name":"ALDI","street":"Bermweg 69","city":"Capelle aan den IJssel","postcode":"2906LB","osm":"node/34045031"}},{"type":"Feature","id":34045032,"geometry":{"type":"Point","coordinates":[4.601843,51.649324]},"properties":{"chain":"aldi","name":"ALDI","street":"De Donk 12-14","city":"Zevenbergen","postcode":"4761JK","osm":"node/34045032"}},{"type":"Feature","id":34045039,"geometry":{"type":"Point","coordinates":[5.112217,51.746712]},"properties":{"chain":"aldi","name":"ALDI","street":"Parallelweg 2","city":"Wijk en Aalburg","postcode":"4261GA","osm":"node/34045039"}},{"type":"Feature","id":34045049,"geometry":{"type":"Point","coordinates":[5.080285,51.890206]},"properties":{"chain":"aldi","name":"ALDI","street":"Europaplein 36","city":"Leerdam","postcode":"4142CD","osm":"node/34045049"}},{"type":"Feature","id":34045059,"geometry":{"type":"Point","coordinates":[5.676682,50.848548]},"properties":{"chain":"aldi","name":"ALDI","osm":"node/34045059"}},{"type":"Feature","id":34045065,"geometry":{"type":"Point","coordinates":[5.831752,50.959798]},"properties":{"chain":"aldi","name":"ALDI","street":"Jos Klijnenlaan 42","city":"Geleen","postcode":"6164AR","osm":"node/34045065"}},{"type":"Feature","id":34045069,"geometry":{"type":"Point","coordinates":[5.824026,50.870469]},"properties":{"chain":"aldi","name":"ALDI","street":"Koningswinkelstraat 2","city":"Valkenburg","postcode":"6301WJ","osm":"node/34045069"}},{"type":"Feature","id":34045074,"geometry":{"type":"Point","coordinates":[5.550457,51.348125]},"properties":{"chain":"aldi","name":"ALDI","street":"Margrietlaan 3c","city":"Leende","postcode":"5595EA","osm":"node/34045074"}},{"type":"Feature","id":34045080,"geometry":{"type":"Point","coordinates":[5.955794,50.916014]},"properties":{"chain":"aldi","name":"ALDI","osm":"node/34045080"}},{"type":"Feature","id":34045089,"geometry":{"type":"Point","coordinates":[6.067372,50.85912]},"properties":{"chain":"aldi","name":"ALDI","street":"Maria Gorettiplein 2","city":"Kerkrade","postcode":"6462XB","osm":"node/34045089"}},{"type":"Feature","id":34045110,"geometry":{"type":"Point","coordinates":[5.667619,51.494775]},"properties":{"chain":"aldi","name":"ALDI","osm":"node/34045110"}},{"type":"Feature","id":34045112,"geometry":{"type":"Point","coordinates":[6.02777,51.199872]},"properties":{"chain":"aldi","name":"ALDI","street":"Sint Wirosingel 174","city":"Roermond","postcode":"6042KZ","osm":"node/34045112"}},{"type":"Feature","id":34045123,"geometry":{"type":"Point","coordinates":[5.653937,52.030664]},"properties":{"chain":"aldi","name":"ALDI","street":"Verlengde Blokkenweg 16","city":"Ede","postcode":"6717AD","osm":"node/34045123"}},{"type":"Feature","id":34045125,"geometry":{"type":"Point","coordinates":[5.843356,51.917867]},"properties":{"chain":"aldi","name":"ALDI","street":"Europaplein 4","city":"Elst","postcode":"6662DD","osm":"node/34045125"}},{"type":"Feature","id":34045127,"geometry":{"type":"Point","coordinates":[5.830142,51.808585]},"properties":{"chain":"aldi","name":"ALDI","street":"Binnenhof 10-12","city":"Nijmegen","postcode":"6535TN","osm":"node/34045127"}},{"type":"Feature","id":34045129,"geometry":{"type":"Point","coordinates":[5.500097,51.752772]},"properties":{"chain":"aldi","name":"ALDI","street":"Schaepmanlaan 109","city":"Oss","postcode":"5344BC","osm":"node/34045129"}},{"type":"Feature","id":34045131,"geometry":{"type":"Point","coordinates":[5.672716,51.695701]},"properties":{"chain":"aldi","name":"ALDI","street":"Kerkstraat 33b","city":"Zeeland","postcode":"5411EA","osm":"node/34045131"}},{"type":"Feature","id":34045145,"geometry":{"type":"Point","coordinates":[5.894257,51.941654]},"properties":{"chain":"aldi","name":"ALDI","street":"Op het Toneel 3","city":"Arnhem","postcode":"6836ND","osm":"node/34045145"}},{"type":"Feature","id":34045147,"geometry":{"type":"Point","coordinates":[5.86164,51.815001]},"properties":{"chain":"aldi","name":"ALDI","osm":"node/34045147"}},{"type":"Feature","id":34045149,"geometry":{"type":"Point","coordinates":[6.07602,51.929865]},"properties":{"chain":"aldi","name":"ALDI","osm":"node/34045149"}},{"type":"Feature","id":34045152,"geometry":{"type":"Point","coordinates":[4.447852,52.12656]},"properties":{"chain":"aldi","name":"ALDI","street":"Schoolstraat 6","city":"Voorschoten","postcode":"2251BH","osm":"node/34045152"}},{"type":"Feature","id":34045156,"geometry":{"type":"Point","coordinates":[4.319158,52.066043]},"properties":{"chain":"aldi","name":"ALDI","street":"Van der Kunstraat 75","city":"'s-Gravenhage","postcode":"2521BA","osm":"node/34045156"}},{"type":"Feature","id":34045158,"geometry":{"type":"Point","coordinates":[4.403078,52.144956]},"properties":{"chain":"aldi","name":"ALDI","street":"Hofcampweg 57","city":"Wassenaar","postcode":"2241KD","osm":"node/34045158"}},{"type":"Feature","id":34045171,"geometry":{"type":"Point","coordinates":[4.8599,52.325899]},"properties":{"chain":"aldi","name":"ALDI","street":"Bolestein 41","city":"Amsterdam","postcode":"1081CR","osm":"node/34045171"}},{"type":"Feature","id":34045176,"geometry":{"type":"Point","coordinates":[4.554346,52.261026]},"properties":{"chain":"aldi","name":"ALDI","osm":"node/34045176"}},{"type":"Feature","id":34045183,"geometry":{"type":"Point","coordinates":[4.883273,52.080551]},"properties":{"chain":"aldi","name":"ALDI","street":"Industrieweg 2","city":"Woerden","postcode":"3442AE","osm":"node/34045183"}},{"type":"Feature","id":34045184,"geometry":{"type":"Point","coordinates":[4.908663,52.343843]},"properties":{"chain":"aldi","name":"ALDI","street":"Gaaspstraat 41","city":"Amsterdam","postcode":"1079VC","osm":"node/34045184"}},{"type":"Feature","id":34045186,"geometry":{"type":"Point","coordinates":[4.888611,52.350081]},"properties":{"chain":"aldi","name":"ALDI","street":"Pijnackerstraat 36","city":"Amsterdam","postcode":"1072JV","osm":"node/34045186"}},{"type":"Feature","id":34045187,"geometry":{"type":"Point","coordinates":[5.607755,52.188069]},"properties":{"chain":"aldi","name":"ALDI","street":"Kerkstraat 12","city":"Voorthuizen","postcode":"3781GB","osm":"node/34045187"}},{"type":"Feature","id":34045188,"geometry":{"type":"Point","coordinates":[5.586827,52.135714]},"properties":{"chain":"aldi","name":"ALDI","street":"Theaterplein 7","city":"Barneveld","postcode":"3772KX","osm":"node/34045188"}},{"type":"Feature","id":34045189,"geometry":{"type":"Point","coordinates":[5.416235,52.082528]},"properties":{"chain":"aldi","name":"ALDI","street":"Dorpsstraat 25","city":"Woudenberg","postcode":"3931ED","osm":"node/34045189"}},{"type":"Feature","id":34045190,"geometry":{"type":"Point","coordinates":[5.374331,52.180176]},"properties":{"chain":"aldi","name":"ALDI","osm":"node/34045190"}},{"type":"Feature","id":34045194,"geometry":{"type":"Point","coordinates":[5.128532,52.115816]},"properties":{"chain":"aldi","name":"ALDI","street":"Euterpedreef 5","city":"Utrecht","postcode":"3561CV","osm":"node/34045194"}},{"type":"Feature","id":34045198,"geometry":{"type":"Point","coordinates":[5.001821,52.172377]},"properties":{"chain":"aldi","name":"ALDI","street":"Hazeslinger 10","city":"Breukelen","postcode":"3621AT","osm":"node/34045198"}},{"type":"Feature","id":34045203,"geometry":{"type":"Point","coordinates":[4.664549,52.495784]},"properties":{"chain":"aldi","name":"ALDI","street":"Frank Sinatraplein 42","city":"Beverwijk","postcode":"1945WM","osm":"node/34045203"}},{"type":"Feature","id":34045207,"geometry":{"type":"Point","coordinates":[5.970089,52.288672]},"properties":{"chain":"aldi","name":"ALDI","osm":"node/34045207"}},{"type":"Feature","id":34045208,"geometry":{"type":"Point","coordinates":[5.619478,52.299856]},"properties":{"chain":"aldi","name":"ALDI","street":"Stationsstraat 94","city":"Ermelo","postcode":"3851NL","osm":"node/34045208"}},{"type":"Feature","id":34045210,"geometry":{"type":"Point","coordinates":[5.285105,52.212799]},"properties":{"chain":"aldi","name":"ALDI","street":"Nieuwstraat 13","city":"Baarn","postcode":"3743BK","osm":"node/34045210"}},{"type":"Feature","id":34045212,"geometry":{"type":"Point","coordinates":[5.220913,52.374389]},"properties":{"chain":"aldi","name":"ALDI","street":"Regisseurstraat 1A","city":"Almere","postcode":"1315LT","osm":"node/34045212"}},{"type":"Feature","id":34045215,"geometry":{"type":"Point","coordinates":[5.172402,52.225868]},"properties":{"chain":"aldi","name":"ALDI","street":"Noordse Bosje 23","city":"Hilversum","postcode":"1211BD","osm":"node/34045215"}},{"type":"Feature","id":34045216,"geometry":{"type":"Point","coordinates":[5.085592,52.660292]},"properties":{"chain":"aldi","name":"ALDI","street":"Westerblokker 129","city":"Blokker","postcode":"1695AD","osm":"node/34045216"}},{"type":"Feature","id":34045218,"geometry":{"type":"Point","coordinates":[4.960464,52.907135]},"properties":{"chain":"aldi","name":"ALDI","street":"Hoofdstraat 4","city":"Hippolytushoef","postcode":"1777CB","osm":"node/34045218"}},{"type":"Feature","id":34045224,"geometry":{"type":"Point","coordinates":[5.719782,52.52552]},"properties":{"chain":"ah","name":"Albert Heijn","street":"Kop van Het Ruim 1","city":"Dronten","postcode":"8251KD","osm":"node/34045224"}},{"type":"Feature","id":34045229,"geometry":{"type":"Point","coordinates":[5.924738,52.560908]},"properties":{"chain":"aldi","name":"ALDI","street":"Burgemeester van Engelenweg 12","city":"IJsselmuiden","postcode":"8271AS","osm":"node/34045229"}},{"type":"Feature","id":34045244,"geometry":{"type":"Point","coordinates":[4.843721,52.651051]},"properties":{"chain":"aldi","name":"ALDI","osm":"node/34045244"}},{"type":"Feature","id":34045256,"geometry":{"type":"Point","coordinates":[5.995818,52.464939]},"properties":{"chain":"aldi","name":"ALDI","osm":"node/34045256"}},{"type":"Feature","id":34045261,"geometry":{"type":"Point","coordinates":[6.070218,52.432729]},"properties":{"chain":"aldi","name":"ALDI","street":"Stationsweg 1","city":"Wapenveld","postcode":"8191AG","osm":"node/34045261"}},{"type":"Feature","id":34045262,"geometry":{"type":"Point","coordinates":[6.106375,52.517247]},"properties":{"chain":"aldi","name":"ALDI","street":"Bisschop Willebrandlaan 28","city":"Zwolle","postcode":"8021GA","osm":"node/34045262"}},{"type":"Feature","id":34045263,"geometry":{"type":"Point","coordinates":[6.097819,52.53627]},"properties":{"chain":"aldi","name":"ALDI","street":"Rijnlaan 125","city":"Zwolle","postcode":"8032MX","osm":"node/34045263"}},{"type":"Feature","id":34045268,"geometry":{"type":"Point","coordinates":[5.758982,53.262515]},"properties":{"chain":"aldi","name":"ALDI","street":"Bûterhoek 6","city":"Stiens","postcode":"9051BW","osm":"node/34045268"}},{"type":"Feature","id":34045270,"geometry":{"type":"Point","coordinates":[5.797135,53.215439]},"properties":{"chain":"aldi","name":"ALDI","street":"Bilgaardpassage 41","city":"Leeuwarden","postcode":"8918HT","osm":"node/34045270"}},{"type":"Feature","id":34045282,"geometry":{"type":"Point","coordinates":[6.588959,52.358447]},"properties":{"chain":"aldi","name":"ALDI","street":"Schoolstraat 25","city":"Wierden","postcode":"7642AS","osm":"node/34045282"}},{"type":"Feature","id":34045283,"geometry":{"type":"Point","coordinates":[6.570867,52.459967]},"properties":{"chain":"aldi","name":"ALDI","street":"Julianaplein 35","city":"Vroomshoop","postcode":"7681AX","osm":"node/34045283"}},{"type":"Feature","id":34045288,"geometry":{"type":"Point","coordinates":[6.061845,53.001287]},"properties":{"chain":"aldi","name":"ALDI","street":"Hoofdstraat 100","city":"Gorredijk","postcode":"8401CC","osm":"node/34045288"}},{"type":"Feature","id":34045291,"geometry":{"type":"Point","coordinates":[6.931135,52.316339]},"properties":{"chain":"aldi","name":"ALDI","osm":"node/34045291"}},{"type":"Feature","id":34045295,"geometry":{"type":"Point","coordinates":[6.64441,52.346334]},"properties":{"chain":"aldi","name":"ALDI","street":"Vincent van Goghplein 3","city":"Almelo","postcode":"7606HN","osm":"node/34045295"}},{"type":"Feature","id":34045296,"geometry":{"type":"Point","coordinates":[6.583805,52.232041]},"properties":{"chain":"aldi","name":"ALDI","street":"Het Jannink 121","city":"Goor","postcode":"7471VE","osm":"node/34045296"}},{"type":"Feature","id":34045297,"geometry":{"type":"Point","coordinates":[6.744317,52.153817]},"properties":{"chain":"aldi","name":"ALDI","street":"Jhr.von Heijdenstraat 22","city":"Haaksbergen","postcode":"7481ED","osm":"node/34045297"}},{"type":"Feature","id":34045300,"geometry":{"type":"Point","coordinates":[6.209536,52.647399]},"properties":{"chain":"aldi","name":"ALDI","street":"Meestersweg 1h","city":"Staphorst","postcode":"7951BR","osm":"node/34045300"}},{"type":"Feature","id":34045301,"geometry":{"type":"Point","coordinates":[6.261951,52.504939]},"properties":{"chain":"aldi","name":"ALDI","street":"Kerkplein 17","city":"Dalfsen","postcode":"7721AC","osm":"node/34045301"}},{"type":"Feature","id":34045310,"geometry":{"type":"Point","coordinates":[6.752782,52.301852]},"properties":{"chain":"aldi","name":"ALDI","street":"Grotestraat 232-234","city":"Borne","postcode":"7622GV","osm":"node/34045310"}},{"type":"Feature","id":34045316,"geometry":{"type":"Point","coordinates":[6.527745,53.225209]},"properties":{"chain":"aldi","name":"ALDI","street":"Siersteenlaan 466","city":"Groningen","postcode":"9743ES","osm":"node/34045316"}},{"type":"Feature","id":34045334,"geometry":{"type":"Point","coordinates":[6.112308,53.106842]},"properties":{"chain":"aldi","name":"ALDI","street":"Leidijk 30","city":"Drachten","postcode":"9202TZ","osm":"node/34045334"}},{"type":"Feature","id":34045336,"geometry":{"type":"Point","coordinates":[6.036979,53.254632]},"properties":{"chain":"aldi","name":"ALDI","street":"Ljurkstrjitte 43","city":"De Westereen","postcode":"9271CR","osm":"node/34045336"}},{"type":"Feature","id":34045342,"geometry":{"type":"Point","coordinates":[5.994185,53.191425]},"properties":{"chain":"aldi","name":"ALDI","osm":"node/34045342"}},{"type":"Feature","id":34045381,"geometry":{"type":"Point","coordinates":[3.585419,51.45326]},"properties":{"chain":"jumbo","name":"Jumbo","street":"Hermesweg 25","city":"Vlissingen","postcode":"4382ND","osm":"node/34045381"}},{"type":"Feature","id":34045382,"geometry":{"type":"Point","coordinates":[3.614472,51.319827]},"properties":{"chain":"plus","name":"PLUS Ruben","street":"Oranjestraat 19","city":"IJzendijke","postcode":"4515CA","osm":"node/34045382"}},{"type":"Feature","id":34045392,"geometry":{"type":"Point","coordinates":[4.111373,51.430987]},"properties":{"chain":"jumbo","name":"Jumbo","street":"Dorpsstraat 90","city":"Krabbendijke","postcode":"4413CE","osm":"node/34045392"}},{"type":"Feature","id":34045396,"geometry":{"type":"Point","coordinates":[3.702017,51.572912]},"properties":{"chain":"ah","name":"Albert Heijn","street":"Ruiterplaatweg 5","city":"Kamperland","postcode":"4493PG","osm":"node/34045396"}},{"type":"Feature","id":34045399,"geometry":{"type":"Point","coordinates":[3.773411,51.731863]},"properties":{"chain":"jumbo","name":"Jumbo","street":"Wilhelminaweg 1","city":"Renesse","postcode":"4325BD","osm":"node/34045399"}},{"type":"Feature","id":34045401,"geometry":{"type":"Point","coordinates":[3.936364,51.812493]},"properties":{"chain":"jumbo","name":"Jumbo Sperling","street":"Molenblok 6","city":"Ouddorp","postcode":"3253AL","osm":"node/34045401"}},{"type":"Feature","id":34045404,"geometry":{"type":"Point","coordinates":[4.106709,51.602078]},"properties":{"chain":"jumbo","name":"Jumbo Bert Slingerland","street":"Spuistraat 1","city":"Sint-Annaland","postcode":"4697BB","osm":"node/34045404"}},{"type":"Feature","id":34045406,"geometry":{"type":"Point","coordinates":[4.152538,51.842469]},"properties":{"chain":"jumbo","name":"Jumbo","street":"Jachthoorn 9","city":"Hellevoetsluis","postcode":"3223HA","osm":"node/34045406"}},{"type":"Feature","id":34045408,"geometry":{"type":"Point","coordinates":[4.272867,51.522579]},"properties":{"chain":"ah","name":"Albert Heijn","street":"Vogelenzang 95","city":"Halsteren","postcode":"4661JD","osm":"node/34045408"}},{"type":"Feature","id":34045413,"geometry":{"type":"Point","coordinates":[4.291046,51.488169]},"properties":{"chain":"ah","name":"Albert Heijn","street":"Glacisstraat 15","city":"Bergen op Zoom","postcode":"4615AE","osm":"node/34045413"}},{"type":"Feature","id":34045421,"geometry":{"type":"Point","coordinates":[4.472888,51.520299]},"properties":{"chain":"jumbo","name":"Jumbo","street":"Lindenburg 2","city":"Roosendaal","postcode":"4707CR","osm":"node/34045421"}},{"type":"Feature","id":34045422,"geometry":{"type":"Point","coordinates":[4.780263,51.577395]},"properties":{"chain":"ah","name":"Albert Heijn","street":"Ginnekenweg 46","city":"Breda","postcode":"4818JG","osm":"node/34045422"}},{"type":"Feature","id":34045423,"geometry":{"type":"Point","coordinates":[4.79552,51.6828]},"properties":{"chain":"jumbo","name":"Jumbo","osm":"node/34045423"}},{"type":"Feature","id":34045426,"geometry":{"type":"Point","coordinates":[4.918762,51.590515]},"properties":{"chain":"aldi","name":"ALDI","street":"Hoofdstraat 50","city":"Rijen","postcode":"5121JG","osm":"node/34045426"}},{"type":"Feature","id":34045428,"geometry":{"type":"Point","coordinates":[4.85669,51.62752]},"properties":{"chain":"jumbo","name":"Jumbo","street":"Zuiderhout 4","city":"Oosterhout","postcode":"4904AS","osm":"node/34045428"}},{"type":"Feature","id":34045429,"geometry":{"type":"Point","coordinates":[4.79694,51.5663]},"properties":{"chain":"lidl","name":"Lidl","street":"Jorisstraat 28","city":"Breda","postcode":"4834VD","osm":"node/34045429"}},{"type":"Feature","id":34045430,"geometry":{"type":"Point","coordinates":[4.420581,51.824192]},"properties":{"chain":"jumbo","name":"Jumbo Koornneef","street":"Koninginneplein 17","city":"Oud-Beijerland","postcode":"3261AZ","osm":"node/34045430"}},{"type":"Feature","id":34045440,"geometry":{"type":"Point","coordinates":[4.610247,51.818915]},"properties":{"chain":"ah","name":"Albert Heijn","street":"Oudeland 84","city":"Zwijndrecht","postcode":"3335VH","osm":"node/34045440"}},{"type":"Feature","id":34045442,"geometry":{"type":"Point","coordinates":[4.82002,51.8756]},"properties":{"chain":"jumbo","name":"Jumbo","street":"Dorpsstraat 5","city":"Molenaarsgraaf","postcode":"2973AB","osm":"node/34045442"}},{"type":"Feature","id":34045443,"geometry":{"type":"Point","coordinates":[4.890822,51.80942]},"properties":{"chain":"ah","name":"Albert Heijn","street":"Sigmondstraat 52","city":"Werkendam","postcode":"4251ZB","osm":"node/34045443"}},{"type":"Feature","id":34045450,"geometry":{"type":"Point","coordinates":[4.255637,51.923658]},"properties":{"chain":"jumbo","name":"Jumbo","street":"Lange Boonestraat 31","city":"Maassluis","postcode":"3142CC","osm":"node/34045450"}},{"type":"Feature","id":34045453,"geometry":{"type":"Point","coordinates":[4.345968,51.987473]},"properties":{"chain":"jumbo","name":"Jumbo","osm":"node/34045453"}},{"type":"Feature","id":34045461,"geometry":{"type":"Point","coordinates":[4.364753,52.009118]},"properties":{"chain":"jumbo","name":"Jumbo","street":"Bastiaansplein 135","city":"Delft","postcode":"2611DC","osm":"node/34045461"}},{"type":"Feature","id":34045466,"geometry":{"type":"Point","coordinates":[4.249938,52.054281]},"properties":{"chain":"lidl","name":"Lidl","street":"Hildo Kroplaan 145","city":"'s-Gravenhage","postcode":"2552XR","osm":"node/34045466"}},{"type":"Feature","id":34045469,"geometry":{"type":"Point","coordinates":[4.250892,52.054802]},"properties":{"chain":"ah","name":"Albert Heijn","street":"Hildo Kroplaan 20","city":"'s-Gravenhage","postcode":"2552XS","osm":"node/34045469"}},{"type":"Feature","id":34045470,"geometry":{"type":"Point","coordinates":[4.234439,52.052752]},"properties":{"chain":"ah","name":"Albert Heijn","street":"Loosduinse Hoofdplein 260","city":"'s-Gravenhage","postcode":"2553CT","osm":"node/34045470"}},{"type":"Feature","id":34045472,"geometry":{"type":"Point","coordinates":[4.245324,52.066326]},"properties":{"chain":"ah","name":"Albert Heijn XL","street":"De Savornin Lohmanplein 20","city":"'s-Gravenhage","postcode":"2566AC","osm":"node/34045472"}},{"type":"Feature","id":34045475,"geometry":{"type":"Point","coordinates":[4.314266,52.055548]},"properties":{"chain":"ah","name":"Albert Heijn","street":"Goeverneurplein 20","city":"'s-Gravenhage","postcode":"2523EC","osm":"node/34045475"}},{"type":"Feature","id":34045477,"geometry":{"type":"Point","coordinates":[4.3045,52.0515]},"properties":{"chain":"plus","name":"PLUS","street":"Heeswijkplein 200","city":"'s-Gravenhage","postcode":"2531HV","osm":"node/34045477"}},{"type":"Feature","id":34045482,"geometry":{"type":"Point","coordinates":[4.50991,51.89629]},"properties":{"chain":"ah","name":"Albert Heijn","street":"Strijensestraat 77","city":"Rotterdam","postcode":"3074GH","osm":"node/34045482"}},{"type":"Feature","id":34045484,"geometry":{"type":"Point","coordinates":[4.500743,51.989324]},"properties":{"chain":"jumbo","name":"Jumbo","street":"Dorpsstraat 39","city":"Bergschenhoek","postcode":"2661CE","osm":"node/34045484"}},{"type":"Feature","id":34045486,"geometry":{"type":"Point","coordinates":[4.47075,51.932888]},"properties":{"chain":"ah","name":"Albert Heijn","street":"Eudokiaplein 12","city":"Rotterdam","postcode":"3037BT","osm":"node/34045486"}},{"type":"Feature","id":34045491,"geometry":{"type":"Point","coordinates":[4.617421,51.914673]},"properties":{"chain":"jumbo","name":"Jumbo","street":"Olm 7","city":"Krimpen aan den IJssel","postcode":"2925CJ","osm":"node/34045491"}},{"type":"Feature","id":34045495,"geometry":{"type":"Point","coordinates":[4.567064,51.935312]},"properties":{"chain":"jumbo","name":"Jumbo","street":"Wingerd 251","city":"Capelle aan den IJssel","postcode":"2906TH","osm":"node/34045495"}},{"type":"Feature","id":34045498,"geometry":{"type":"Point","coordinates":[4.489603,52.002845]},"properties":{"chain":"jumbo","name":"Jumbo","street":"Esdoornlaan 1","city":"Berkel en Rodenrijs","postcode":"2651RC","osm":"node/34045498"}},{"type":"Feature","id":34045501,"geometry":{"type":"Point","coordinates":[4.4687,52.0556]},"properties":{"chain":"jumbo","name":"Jumbo","street":"Middelwaard 52","city":"Zoetermeer","postcode":"2716CW","osm":"node/34045501"}},{"type":"Feature","id":34045509,"geometry":{"type":"Point","coordinates":[4.775427,52.001294]},"properties":{"chain":"plus","name":"PLUS","street":"Kleine Haven 11","city":"Haastrecht","postcode":"2851BP","osm":"node/34045509"}},{"type":"Feature","id":34045513,"geometry":{"type":"Point","coordinates":[5.289601,51.420204]},"properties":{"chain":"plus","name":"PLUS","street":"Kuilenhurk 1","city":"Vessem","postcode":"5512CA","osm":"node/34045513"}},{"type":"Feature","id":34045516,"geometry":{"type":"Point","coordinates":[4.530533,52.01038]},"properties":{"chain":"jumbo","name":"Jumbo","osm":"node/34045516"}},{"type":"Feature","id":34045519,"geometry":{"type":"Point","coordinates":[4.579637,52.01305]},"properties":{"chain":"jumbo","name":"Jumbo","osm":"node/34045519"}},{"type":"Feature","id":34045522,"geometry":{"type":"Point","coordinates":[5.665003,50.850462]},"properties":{"chain":"ah","name":"Albert Heijn XL","street":"Brusselsepoort 45","city":"Maastricht","postcode":"6216CG","osm":"node/34045522"}},{"type":"Feature","id":34045524,"geometry":{"type":"Point","coordinates":[5.722207,51.192566]},"properties":{"chain":"jumbo","name":"Jumbo","street":"Doctor Schaepmanstraat 3","city":"Stramproy","postcode":"6039CP","osm":"node/34045524"}},{"type":"Feature","id":34045525,"geometry":{"type":"Point","coordinates":[5.728024,50.844152]},"properties":{"chain":"ah","name":"Albert Heijn Jan Linders","street":"Burgemeester Cortenstraat 8","city":"Maastricht","postcode":"6226GV","osm":"node/34045525"}},{"type":"Feature","id":34045526,"geometry":{"type":"Point","coordinates":[5.733652,50.895809]},"properties":{"chain":"ah","name":"Albert Heijn","street":"Sint Rochusstraat 20","city":"Bunde","postcode":"6241CD","osm":"node/34045526"}},{"type":"Feature","id":34045529,"geometry":{"type":"Point","coordinates":[5.046397,51.544682]},"properties":{"chain":"jumbo","name":"Jumbo","street":"Amer 13","city":"Tilburg","postcode":"5032AZ","osm":"node/34045529"}},{"type":"Feature","id":34045530,"geometry":{"type":"Point","coordinates":[5.316679,51.361506]},"properties":{"chain":"jumbo","name":"Jumbo Jan Daris","street":"Willibrorduslaan 8","city":"Eersel","postcode":"5521KC","osm":"node/34045530"}},{"type":"Feature","id":34045531,"geometry":{"type":"Point","coordinates":[5.356824,51.321654]},"properties":{"chain":"jumbo","name":"Jumbo","street":"Elsenhof 50","city":"Bergeijk","postcode":"5571LA","osm":"node/34045531"}},{"type":"Feature","id":34045532,"geometry":{"type":"Point","coordinates":[5.396977,51.404339]},"properties":{"chain":"ah","name":"Albert Heijn","street":"Rapportstraat 2","city":"Veldhoven","postcode":"5504BP","osm":"node/34045532"}},{"type":"Feature","id":34045535,"geometry":{"type":"Point","coordinates":[5.469664,51.399874]},"properties":{"chain":"jumbo","name":"Jumbo","street":"Hortensialaan 2","city":"Waalre","postcode":"5582CL","osm":"node/34045535"}},{"type":"Feature","id":34045541,"geometry":{"type":"Point","coordinates":[5.4633,51.479305]},"properties":{"chain":"jumbo","name":"Jumbo","street":"Nederlandplein 103","city":"Eindhoven","postcode":"5628AJ","osm":"node/34045541"}},{"type":"Feature","id":34045542,"geometry":{"type":"Point","coordinates":[5.774348,50.946551]},"properties":{"chain":"ah","name":"Albert Heijn","street":"Stationsstraat 110","city":"Elsloo","postcode":"6181AK","osm":"node/34045542"}},{"type":"Feature","id":34045544,"geometry":{"type":"Point","coordinates":[5.633972,51.46565]},"properties":{"chain":"ah","name":"Albert Heijn Jan Linders","street":"Janssen & Fritsenplein 11","city":"Helmond","postcode":"5706DZ","osm":"node/34045544"}},{"type":"Feature","id":34045545,"geometry":{"type":"Point","coordinates":[5.546905,51.474026]},"properties":{"chain":"jumbo","name":"Jumbo Ton Grimberg","street":"De Smidse 1","city":"Nuenen","postcode":"5671EW","osm":"node/34045545"}},{"type":"Feature","id":34045549,"geometry":{"type":"Point","coordinates":[5.085754,51.584034]},"properties":{"chain":"ah","name":"Albert Heijn","street":"Wagnerplein 52","city":"Tilburg","postcode":"5011LR","osm":"node/34045549"}},{"type":"Feature","id":34045560,"geometry":{"type":"Point","coordinates":[6.050353,50.916463]},"properties":{"chain":"aldi","name":"ALDI","street":"Korte Hovenstraat 10","city":"Landgraaf","postcode":"6374GG","osm":"node/34045560"}},{"type":"Feature","id":34045562,"geometry":{"type":"Point","coordinates":[5.814687,50.984474]},"properties":{"chain":"jumbo","name":"Jumbo","street":"Bloemenmarkt 32","city":"Geleen","postcode":"6163CG","osm":"node/34045562"}},{"type":"Feature","id":34045563,"geometry":{"type":"Point","coordinates":[5.823744,50.904266]},"properties":{"chain":"plus","name":"PLUS","street":"Weidestraat 3","city":"Schimmert","postcode":"6333DE","osm":"node/34045563"}},{"type":"Feature","id":34045565,"geometry":{"type":"Point","coordinates":[5.808847,51.032586]},"properties":{"chain":"jumbo","name":"Jumbo","street":"Kapelweg 4A","city":"Born","postcode":"6121JB","osm":"node/34045565"}},{"type":"Feature","id":34045569,"geometry":{"type":"Point","coordinates":[5.853358,51.006402]},"properties":{"chain":"jumbo","name":"Jumbo","street":"Dempseystraat 38","city":"Sittard","postcode":"6135CH","osm":"node/34045569"}},{"type":"Feature","id":34045570,"geometry":{"type":"Point","coordinates":[6.149932,51.368238]},"properties":{"chain":"ah","name":"Albert Heijn Jan Linders","street":"Wieënpassage 40","city":"Venlo","postcode":"5921GD","osm":"node/34045570"}},{"type":"Feature","id":34045571,"geometry":{"type":"Point","coordinates":[6.139818,51.374107]},"properties":{"chain":"plus","name":"PLUS","street":"Vastenavondkampstraat 148","city":"Venlo","postcode":"5922AX","osm":"node/34045571"}},{"type":"Feature","id":34045576,"geometry":{"type":"Point","coordinates":[6.079579,51.536662]},"properties":{"chain":"ah","name":"Albert Heijn Jan Linders","street":"Burgemeester de Weichshavenstraat 1","city":"Wanssum","postcode":"5861AX","osm":"node/34045576"}},{"type":"Feature","id":34045578,"geometry":{"type":"Point","coordinates":[5.900912,51.180428]},"properties":{"chain":"jumbo","name":"Jumbo","osm":"node/34045578"}},{"type":"Feature","id":34045583,"geometry":{"type":"Point","coordinates":[5.785283,51.451226]},"properties":{"chain":"plus","name":"PLUS Bouwmans","street":"Sint Jozefstraat 36","city":"Deurne","postcode":"5753AV","osm":"node/34045583"}},{"type":"Feature","id":34045585,"geometry":{"type":"Point","coordinates":[5.814917,51.455633]},"properties":{"chain":"plus","name":"PLUS Bouwmans","street":"Zeilbergsestraat 46","city":"Deurne","postcode":"5751LL","osm":"node/34045585"}},{"type":"Feature","id":34045591,"geometry":{"type":"Point","coordinates":[5.326978,51.973517]},"properties":{"chain":"ah","name":"Albert Heijn","street":"Sluishoofd 2","city":"Wijk bij Duurstede","postcode":"3961KW","osm":"node/34045591"}},{"type":"Feature","id":34045593,"geometry":{"type":"Point","coordinates":[5.420042,51.962553]},"properties":{"chain":"jumbo","name":"Jumbo","street":"Raadhuisstraat 54","city":"Maurik","postcode":"4021EJ","osm":"node/34045593"}},{"type":"Feature","id":34045594,"geometry":{"type":"Point","coordinates":[5.211485,51.817336]},"properties":{"chain":"plus","name":"PLUS","street":"Dorpshuisstraat 4","city":"Haaften","postcode":"4175EA","osm":"node/34045594"}},{"type":"Feature","id":34045595,"geometry":{"type":"Point","coordinates":[5.266967,51.694717]},"properties":{"chain":"jumbo","name":"Jumbo","street":"Helftheuvelpassage 346","city":"'s-Hertogenbosch","postcode":"5224AR","osm":"node/34045595"}},{"type":"Feature","id":34045596,"geometry":{"type":"Point","coordinates":[5.293128,51.654845]},"properties":{"chain":"ah","name":"Albert Heijn","street":"Stationsstraat 31","city":"Vught","postcode":"5261VB","osm":"node/34045596"}},{"type":"Feature","id":34045598,"geometry":{"type":"Point","coordinates":[6.18173,51.384645]},"properties":{"chain":"ah","name":"Albert Heijn XL","street":"Nijmeegseweg 20","city":"Venlo","postcode":"5916PT","osm":"node/34045598"}},{"type":"Feature","id":34045600,"geometry":{"type":"Point","coordinates":[5.07839,51.682418]},"properties":{"chain":"ah","name":"Albert Heijn","street":"Bloemenoordplein 50","city":"Waalwijk","postcode":"5143TC","osm":"node/34045600"}},{"type":"Feature","id":34045601,"geometry":{"type":"Point","coordinates":[5.194654,51.692013]},"properties":{"chain":"plus","name":"PLUS","street":"Burgemeester van Houtplein 66","city":"Vlijmen","postcode":"5251PV","osm":"node/34045601"}},{"type":"Feature","id":34045603,"geometry":{"type":"Point","coordinates":[5.16837,52.035244]},"properties":{"chain":"jumbo","name":"Jumbo","street":"Spoorhaag 129","city":"Houten","postcode":"3995ED","osm":"node/34045603"}},{"type":"Feature","id":34045607,"geometry":{"type":"Point","coordinates":[5.091826,52.018483]},"properties":{"chain":"ah","name":"Albert Heijn","street":"Rapenburgerschans 9","city":"Nieuwegein","postcode":"3432TN","osm":"node/34045607"}},{"type":"Feature","id":34045609,"geometry":{"type":"Point","coordinates":[5.085568,52.005557]},"properties":{"chain":"ah","name":"Albert Heijn","street":"Winkelcentrum Hoogzandveld 2","city":"Nieuwegein","postcode":"3434EE","osm":"node/34045609"}},{"type":"Feature","id":34045610,"geometry":{"type":"Point","coordinates":[5.071772,52.036221]},"properties":{"chain":"jumbo","name":"Jumbo","street":"Walnootgaarde 4A","city":"Nieuwegein","postcode":"3436JA","osm":"node/34045610"}},{"type":"Feature","id":34045611,"geometry":{"type":"Point","coordinates":[5.04762,52.0273]},"properties":{"chain":"jumbo","name":"Jumbo","street":"De Clinckhoeff 2","city":"IJsselstein","postcode":"3402GB","osm":"node/34045611"}},{"type":"Feature","id":34045613,"geometry":{"type":"Point","coordinates":[5.027952,52.022564]},"properties":{"chain":"jumbo","name":"Jumbo Ruben Metselaar","street":"de Biezen 11","city":"IJsselstein","postcode":"3401GD","osm":"node/34045613"}},{"type":"Feature","id":34045615,"geometry":{"type":"Point","coordinates":[5.526184,51.734367]},"properties":{"chain":"jumbo","name":"Jumbo","street":"Schoonstraat 8","city":"Heesch","postcode":"5384AN","osm":"node/34045615"}},{"type":"Feature","id":34045616,"geometry":{"type":"Point","coordinates":[5.52208,51.880766]},"properties":{"chain":"jumbo","name":"Jumbo","street":"Nijverheidsstraat 4","city":"Beneden-Leeuwen","postcode":"6658EM","osm":"node/34045616"}},{"type":"Feature","id":34045619,"geometry":{"type":"Point","coordinates":[5.842916,51.917463]},"properties":{"chain":"jumbo","name":"Jumbo","osm":"node/34045619"}},{"type":"Feature","id":34045621,"geometry":{"type":"Point","coordinates":[5.78027,51.8322]},"properties":{"chain":"jumbo","name":"Jumbo","street":"Leuvensbroek 1028","city":"Nijmegen","postcode":"6546XB","osm":"node/34045621"}},{"type":"Feature","id":34045622,"geometry":{"type":"Point","coordinates":[5.737287,51.909613]},"properties":{"chain":"plus","name":"PLUS","street":"Het Dorpsplein 8","city":"Herveld","postcode":"6674BW","osm":"node/34045622"}},{"type":"Feature","id":34045623,"geometry":{"type":"Point","coordinates":[5.738869,51.759512]},"properties":{"chain":"ah","name":"Albert Heijn","street":"Hoofschestraat 2","city":"Grave","postcode":"5361EV","osm":"node/34045623"}},{"type":"Feature","id":34045624,"geometry":{"type":"Point","coordinates":[5.67398,51.696885]},"properties":{"chain":"jumbo","name":"Jumbo","osm":"node/34045624"}},{"type":"Feature","id":34045639,"geometry":{"type":"Point","coordinates":[6.561686,51.985871]},"properties":{"chain":"jumbo","name":"Jumbo Bennink","street":"van Heijdenstraat 17","city":"Lichtenvoorde","postcode":"7131CA","osm":"node/34045639"}},{"type":"Feature","id":34045643,"geometry":{"type":"Point","coordinates":[4.284623,52.080605]},"properties":{"chain":"ah","name":"Albert Heijn","street":"Conradkade 67","city":"'s-Gravenhage","postcode":"2517BS","osm":"node/34045643"}},{"type":"Feature","id":34045647,"geometry":{"type":"Point","coordinates":[4.465446,52.156814]},"properties":{"chain":"jumbo","name":"Jumbo","osm":"node/34045647"}},{"type":"Feature","id":34045651,"geometry":{"type":"Point","coordinates":[6.078141,51.931487]},"properties":{"chain":"jumbo","name":"Jumbo Van Heemskerk","street":"Kampsingel 7","city":"Zevenaar","postcode":"6901JC","osm":"node/34045651"}},{"type":"Feature","id":34045654,"geometry":{"type":"Point","coordinates":[5.543777,52.02977]},"properties":{"chain":"jumbo","name":"Jumbo Huibers","street":"Prins Willem-Alexanderpark 617","city":"Veenendaal","postcode":"3905CT","osm":"node/34045654"}},{"type":"Feature","id":34045656,"geometry":{"type":"Point","coordinates":[6.379668,51.891199]},"properties":{"chain":"jumbo","name":"Jumbo","street":"Middelgraaf 4","city":"Ulft","postcode":"7071WT","osm":"node/34045656"}},{"type":"Feature","id":34045661,"geometry":{"type":"Point","coordinates":[5.662972,51.97862]},"properties":{"chain":"jumbo","name":"Jumbo","street":"Tarthorst 1223","city":"Wageningen","postcode":"6708HZ","osm":"node/34045661"}},{"type":"Feature","id":34045662,"geometry":{"type":"Point","coordinates":[5.905969,51.952886]},"properties":{"chain":"ah","name":"Albert Heijn","street":"Groningensingel 959","city":"Arnhem","postcode":"6835GL","osm":"node/34045662"}},{"type":"Feature","id":34045664,"geometry":{"type":"Point","coordinates":[5.757345,51.959287]},"properties":{"chain":"jumbo","name":"Jumbo","street":"Beemdhof 38","city":"Heteren","postcode":"6666DL","osm":"node/34045664"}},{"type":"Feature","id":34045666,"geometry":{"type":"Point","coordinates":[4.826815,52.2462]},"properties":{"chain":"ah","name":"Albert Heijn","street":"Zijdelwaardplein 84","city":"Uithoorn","postcode":"1422DN","osm":"node/34045666"}},{"type":"Feature","id":34045671,"geometry":{"type":"Point","coordinates":[4.839478,52.288755]},"properties":{"chain":"ah","name":"Albert Heijn","street":"Maalderij 31","city":"Amstelveen","postcode":"1185ZC","osm":"node/34045671"}},{"type":"Feature","id":34045675,"geometry":{"type":"Point","coordinates":[4.862556,52.212349]},"properties":{"chain":"ah","name":"Albert Heijn","street":"Leicester 13","city":"Mijdrecht","postcode":"3641LH","osm":"node/34045675"}},{"type":"Feature","id":34045680,"geometry":{"type":"Point","coordinates":[5.038355,52.079601]},"properties":{"chain":"jumbo","name":"Jumbo","street":"Mereveldplein 3","city":"De Meern","postcode":"3454CJ","osm":"node/34045680"}},{"type":"Feature","id":34045683,"geometry":{"type":"Point","coordinates":[4.591716,52.096821]},"properties":{"chain":"ah","name":"Albert Heijn","street":"Oude Gemeneweg 5-7","city":"Hazerswoude-Dorp","postcode":"2391BE","osm":"node/34045683"}},{"type":"Feature","id":34045687,"geometry":{"type":"Point","coordinates":[4.746642,52.08665]},"properties":{"chain":"jumbo","name":"Jumbo Langerak","street":"Raadhuisplein 15","city":"Bodegraven","postcode":"2411BD","osm":"node/34045687"}},{"type":"Feature","id":34045691,"geometry":{"type":"Point","coordinates":[4.470259,52.185806]},"properties":{"chain":"jumbo","name":"Jumbo","street":"Lange Voort 2F","city":"Oegstgeest","postcode":"2341KA","osm":"node/34045691"}},{"type":"Feature","id":34045694,"geometry":{"type":"Point","coordinates":[4.505032,52.176792]},"properties":{"chain":"ah","name":"Albert Heijn","street":"Kopermolen 44","city":"Leiden","postcode":"2317PB","osm":"node/34045694"}},{"type":"Feature","id":34045696,"geometry":{"type":"Point","coordinates":[4.583289,52.291501]},"properties":{"chain":"jumbo","name":"Jumbo Van Beest","street":"Jonkheer Mockkade 6","city":"Hillegom","postcode":"2181JH","osm":"node/34045696"}},{"type":"Feature","id":34045699,"geometry":{"type":"Point","coordinates":[5.25442,52.291947]},"properties":{"chain":"jumbo","name":"Jumbo","street":"Kostmand 2","city":"Huizen","postcode":"1276CJ","osm":"node/34045699"}},{"type":"Feature","id":34045701,"geometry":{"type":"Point","coordinates":[5.176067,52.237964]},"properties":{"chain":"jumbo","name":"Jumbo","street":"Stephensonlaan 45","city":"Hilversum","postcode":"1222NV","osm":"node/34045701"}},{"type":"Feature","id":34045703,"geometry":{"type":"Point","coordinates":[5.02102,52.2101]},"properties":{"chain":"jumbo","name":"Jumbo Koster","street":"Rijksstraatweg 127","city":"Loenen aan de Vecht","postcode":"3632AB","osm":"node/34045703"}},{"type":"Feature","id":34045704,"geometry":{"type":"Point","coordinates":[4.98755,52.296945]},"properties":{"chain":"jumbo","name":"Jumbo","street":"Wisseloord 126","city":"Amsterdam","postcode":"1106MC","osm":"node/34045704"}},{"type":"Feature","id":34045707,"geometry":{"type":"Point","coordinates":[4.653637,52.351772]},"properties":{"chain":"jumbo","name":"Jumbo Haarlem","street":"Engelenburg 70","city":"Haarlem","postcode":"2036RS","osm":"node/34045707"}},{"type":"Feature","id":34045711,"geometry":{"type":"Point","coordinates":[5.365391,52.240443]},"properties":{"chain":"ah","name":"Albert Heijn","street":"Tuinfluiter 1","city":"Bunschoten-Spakenburg","postcode":"3752NA","osm":"node/34045711"}},{"type":"Feature","id":34045713,"geometry":{"type":"Point","coordinates":[5.285693,52.211878]},"properties":{"chain":"jumbo","name":"Jumbo","street":"Laanstraat 87","city":"Baarn","postcode":"3743BC","osm":"node/34045713"}},{"type":"Feature","id":34045716,"geometry":{"type":"Point","coordinates":[5.37647,52.199316]},"properties":{"chain":"jumbo","name":"Jumbo","street":"Zonnewijzer 21","city":"Amersfoort","postcode":"3824EE","osm":"node/34045716"}},{"type":"Feature","id":34045720,"geometry":{"type":"Point","coordinates":[5.1766,52.15557]},"properties":{"chain":"jumbo","name":"Jumbo","street":"Maertensplein 31","city":"Maartensdijk","postcode":"3738GM","osm":"node/34045720"}},{"type":"Feature","id":34045721,"geometry":{"type":"Point","coordinates":[5.239835,52.098202]},"properties":{"chain":"jumbo","name":"Jumbo","street":"Johan van Oldenbarneveltlaan 94-96","city":"Zeist","osm":"node/34045721"}},{"type":"Feature","id":34045727,"geometry":{"type":"Point","coordinates":[5.942053,52.185815]},"properties":{"chain":"ah","name":"Albert Heijn","street":"Molecatenlaan 30","city":"Ugchelen","postcode":"7339LM","osm":"node/34045727"}},{"type":"Feature","id":34045730,"geometry":{"type":"Point","coordinates":[4.759374,52.645642]},"properties":{"chain":"jumbo","name":"Jumbo","street":"Winkelwaard 486","city":"Alkmaar","postcode":"1824HX","osm":"node/34045730"}},{"type":"Feature","id":34045732,"geometry":{"type":"Point","coordinates":[4.766272,52.666087]},"properties":{"chain":"jumbo","name":"Jumbo","street":"Johanna Naberstraat 49","city":"Alkmaar","postcode":"1827LB","osm":"node/34045732"}},{"type":"Feature","id":34045738,"geometry":{"type":"Point","coordinates":[4.93575,52.3991]},"properties":{"chain":"jumbo","name":"Jumbo","street":"Buikslotermeerplein 52","city":"Amsterdam","postcode":"1025EW","osm":"node/34045738"}},{"type":"Feature","id":34045745,"geometry":{"type":"Point","coordinates":[4.832186,52.861484]},"properties":{"chain":"jumbo","name":"Jumbo","street":"Molengang 10","city":"Anna Paulowna","postcode":"1761BV","osm":"node/34045745"}},{"type":"Feature","id":34045747,"geometry":{"type":"Point","coordinates":[4.883151,52.326242]},"properties":{"chain":"jumbo","name":"Jumbo Velu","street":"Kastelenstraat 70","city":"Amsterdam","postcode":"1083CD","osm":"node/34045747"}},{"type":"Feature","id":34045748,"geometry":{"type":"Point","coordinates":[4.910792,52.355746]},"properties":{"chain":"ah","name":"Albert Heijn","street":"Wibautstraat 80","city":"Amsterdam","postcode":"1091GP","osm":"node/34045748"}},{"type":"Feature","id":34045751,"geometry":{"type":"Point","coordinates":[4.786632,52.34972]},"properties":{"chain":"jumbo","name":"Jumbo","street":"Pieter Calandlaan 808","city":"Amsterdam","postcode":"1060TZ","osm":"node/34045751"}},{"type":"Feature","id":34045757,"geometry":{"type":"Point","coordinates":[4.676774,52.512794]},"properties":{"chain":"jumbo","name":"Jumbo","street":"Haydnplein 8","city":"Heemskerk","postcode":"1962KE","osm":"node/34045757"}},{"type":"Feature","id":34045758,"geometry":{"type":"Point","coordinates":[4.931694,52.36325]},"properties":{"chain":"ah","name":"Albert Heijn","street":"Celebesstraat 43","city":"Amsterdam","postcode":"1094EN","osm":"node/34045758"}},{"type":"Feature","id":34045759,"geometry":{"type":"Point","coordinates":[4.962944,52.342382]},"properties":{"chain":"ah","name":"Albert Heijn XL","street":"Diemerplein 200","city":"Diemen","postcode":"1111JD","osm":"node/34045759"}},{"type":"Feature","id":34045762,"geometry":{"type":"Point","coordinates":[5.74072,52.922992]},"properties":{"chain":"jumbo","name":"Jumbo","street":"Molewei 1","city":"Sint Nicolaasga","postcode":"8521KD","osm":"node/34045762"}},{"type":"Feature","id":34045763,"geometry":{"type":"Point","coordinates":[5.758218,53.26291]},"properties":{"chain":"jumbo","name":"Jumbo","street":"St. Vitusplein 3-5","city":"Stiens","postcode":"9051BT","osm":"node/34045763"}},{"type":"Feature","id":34045764,"geometry":{"type":"Point","coordinates":[5.736219,52.706188]},"properties":{"chain":"plus","name":"PLUS","street":"Wittesteijn 8","city":"Emmeloord","postcode":"8303XV","osm":"node/34045764"}},{"type":"Feature","id":34045765,"geometry":{"type":"Point","coordinates":[5.739694,52.711378]},"properties":{"chain":"jumbo","name":"Jumbo Odink","street":"Europalaan 33","city":"Emmeloord","postcode":"8303GH","osm":"node/34045765"}},{"type":"Feature","id":34045772,"geometry":{"type":"Point","coordinates":[5.910577,52.548346]},"properties":{"chain":"ah","name":"Albert Heijn","street":"Lovinkstraat 20","city":"Kampen","postcode":"8265BT","osm":"node/34045772"}},{"type":"Feature","id":34045778,"geometry":{"type":"Point","coordinates":[5.635015,52.343145]},"properties":{"chain":"aldi","name":"ALDI","street":"P.C. Hooftplein 20","city":"Harderwijk","postcode":"3842HB","osm":"node/34045778"}},{"type":"Feature","id":34045779,"geometry":{"type":"Point","coordinates":[5.608047,52.336496]},"properties":{"chain":"jumbo","name":"Jumbo","street":"Achterste Wei 3","city":"Harderwijk","postcode":"3844HR","osm":"node/34045779"}},{"type":"Feature","id":34045780,"geometry":{"type":"Point","coordinates":[5.601144,52.324769]},"properties":{"chain":"jumbo","name":"Jumbo","street":"Triasplein 83","city":"Harderwijk","postcode":"3845GD","osm":"node/34045780"}},{"type":"Feature","id":34045783,"geometry":{"type":"Point","coordinates":[5.721103,52.512937]},"properties":{"chain":"jumbo","name":"Jumbo","street":"Wardhof 8","city":"Dronten","postcode":"8251TH","osm":"node/34045783"}},{"type":"Feature","id":34045785,"geometry":{"type":"Point","coordinates":[5.693309,52.455154]},"properties":{"chain":"ah","name":"Albert Heijn","street":"Dreef 1","city":"Biddinghuizen","postcode":"8256AW","osm":"node/34045785"}},{"type":"Feature","id":34045788,"geometry":{"type":"Point","coordinates":[5.190654,52.366804]},"properties":{"chain":"ah","name":"Albert Heijn","street":"Rimsky-Korssakovweg 9","city":"Almere","postcode":"1323LP","osm":"node/34045788"}},{"type":"Feature","id":34045789,"geometry":{"type":"Point","coordinates":[4.984732,52.506143]},"properties":{"chain":"jumbo","name":"Jumbo","street":"Gildeplein 58","city":"Purmerend","postcode":"1445BM","osm":"node/34045789"}},{"type":"Feature","id":34045790,"geometry":{"type":"Point","coordinates":[5.447709,52.509963]},"properties":{"chain":"jumbo","name":"Jumbo Dusselaar","street":"Jol 37 1","city":"Lelystad","postcode":"8243HP","osm":"node/34045790"}},{"type":"Feature","id":34045792,"geometry":{"type":"Point","coordinates":[5.274883,52.395474]},"properties":{"chain":"jumbo","name":"Jumbo","street":"Detroitpad 1","city":"Almere","postcode":"1334KB","osm":"node/34045792"}},{"type":"Feature","id":34045793,"geometry":{"type":"Point","coordinates":[5.231884,52.336694]},"properties":{"chain":"jumbo","name":"Jumbo","street":"Jaagmeent 250","city":"Almere","postcode":"1356AZ","osm":"node/34045793"}},{"type":"Feature","id":34045795,"geometry":{"type":"Point","coordinates":[6.082377,52.526612]},"properties":{"chain":"jumbo","name":"Jumbo Groeneveld","street":"Bachplein 14","city":"Zwolle","postcode":"8031HR","osm":"node/34045795"}},{"type":"Feature","id":34045796,"geometry":{"type":"Point","coordinates":[6.09418,52.496964]},"properties":{"chain":"ah","name":"Albert Heijn","street":"Forelkolk 108","city":"Zwolle","postcode":"8017PK","osm":"node/34045796"}},{"type":"Feature","id":34045801,"geometry":{"type":"Point","coordinates":[6.134814,52.523736]},"properties":{"chain":"plus","name":"PLUS Oldengarm","street":"Campherbeeklaan 54","city":"Zwolle","postcode":"8024BZ","osm":"node/34045801"}},{"type":"Feature","id":34045803,"geometry":{"type":"Point","coordinates":[6.274583,52.384664]},"properties":{"chain":"jumbo","name":"Jumbo","street":"Domineeskamp 6","city":"Raalte","postcode":"8102CC","osm":"node/34045803"}},{"type":"Feature","id":34045804,"geometry":{"type":"Point","coordinates":[6.286767,52.392968]},"properties":{"chain":"jumbo","name":"Jumbo","street":"Kwartel 2","city":"Raalte","postcode":"8103EB","osm":"node/34045804"}},{"type":"Feature","id":34045805,"geometry":{"type":"Point","coordinates":[6.420798,52.282101]},"properties":{"chain":"plus","name":"PLUS Léon Haanstra","street":"Dorpsstraat 20","city":"Holten","postcode":"7451BV","osm":"node/34045805"}},{"type":"Feature","id":34045806,"geometry":{"type":"Point","coordinates":[6.448665,52.390509]},"properties":{"chain":"ah","name":"Albert Heijn","street":"Dorpsstraat 48b","city":"Hellendoorn","postcode":"7447CT","osm":"node/34045806"}},{"type":"Feature","id":34045815,"geometry":{"type":"Point","coordinates":[6.142315,52.267309]},"properties":{"chain":"jumbo","name":"Jumbo","street":"Constantijn Huygensstraat 2","city":"Deventer","postcode":"7412MH","osm":"node/34045815"}},{"type":"Feature","id":34045820,"geometry":{"type":"Point","coordinates":[5.941846,53.213892]},"properties":{"chain":"ah","name":"Albert Heijn","street":"Fuormanderij 5","city":"Hurdegaryp","postcode":"9254GS","osm":"node/34045820"}},{"type":"Feature","id":34045826,"geometry":{"type":"Point","coordinates":[6.619708,52.410117]},"properties":{"chain":"jumbo","name":"Jumbo","street":"Krijgerstraat 74","city":"Vriezenveen","postcode":"7671XZ","osm":"node/34045826"}},{"type":"Feature","id":34045827,"geometry":{"type":"Point","coordinates":[6.630282,52.33594]},"properties":{"chain":"ah","name":"Albert Heijn","street":"De Gors 27","city":"Almelo","postcode":"7609DZ","osm":"node/34045827"}},{"type":"Feature","id":34045828,"geometry":{"type":"Point","coordinates":[6.566797,52.456523]},"properties":{"chain":"jumbo","name":"Jumbo","street":"Linderflier 25c","city":"Vroomshoop","postcode":"7681ZK","osm":"node/34045828"}},{"type":"Feature","id":34045829,"geometry":{"type":"Point","coordinates":[6.61879,52.459701]},"properties":{"chain":"jumbo","name":"Jumbo","street":"Kervelplein 45","city":"Westerhaar-Vriezenveensewijk","postcode":"7676DA","osm":"node/34045829"}},{"type":"Feature","id":34045830,"geometry":{"type":"Point","coordinates":[6.50935,52.3039]},"properties":{"chain":"plus","name":"PLUS","osm":"node/34045830"}},{"type":"Feature","id":34045832,"geometry":{"type":"Point","coordinates":[6.456331,52.601482]},"properties":{"chain":"ah","name":"Albert Heijn","street":"Markt 69","city":"Dedemsvaart","postcode":"7701GW","osm":"node/34045832"}},{"type":"Feature","id":34045833,"geometry":{"type":"Point","coordinates":[6.494662,52.464902]},"properties":{"chain":"jumbo","name":"Jumbo","street":"Grotestraat 2","city":"Den Ham","postcode":"7683BB","osm":"node/34045833"}},{"type":"Feature","id":34045834,"geometry":{"type":"Point","coordinates":[6.970277,52.212791]},"properties":{"chain":"jumbo","name":"Jumbo","street":"Schoolstraat 60","city":"Enschede","postcode":"7534CC","osm":"node/34045834"}},{"type":"Feature","id":34045839,"geometry":{"type":"Point","coordinates":[6.878616,52.191696]},"properties":{"chain":"jumbo","name":"Jumbo","street":"Wesseler-nering 21","city":"Enschede","postcode":"7544JB","osm":"node/34045839"}},{"type":"Feature","id":34045840,"geometry":{"type":"Point","coordinates":[6.827428,52.28459]},"properties":{"chain":"jumbo","name":"Jumbo Leussink","street":"Christiaan Langefeldstraat 29","city":"Hengelo","postcode":"7558CW","osm":"node/34045840"}},{"type":"Feature","id":34045841,"geometry":{"type":"Point","coordinates":[6.87913,52.206212]},"properties":{"chain":"jumbo","name":"Jumbo Boswinkel","street":"Burgemeester Van Veenlaan 100","city":"Enschede","postcode":"7543AB","osm":"node/34045841"}},{"type":"Feature","id":34045844,"geometry":{"type":"Point","coordinates":[6.792275,52.276709]},"properties":{"chain":"ah","name":"Albert Heijn","street":"Uitslagsweg 95-1","city":"Hengelo","postcode":"7556LN","osm":"node/34045844"}},{"type":"Feature","id":34045846,"geometry":{"type":"Point","coordinates":[6.708525,52.261254]},"properties":{"chain":"ah","name":"Albert Heijn","street":"De Kolk 3","city":"Delden","postcode":"7491XN","osm":"node/34045846"}},{"type":"Feature","id":34045848,"geometry":{"type":"Point","coordinates":[6.648554,52.101498]},"properties":{"chain":"jumbo","name":"Jumbo","street":"Brink 35","city":"Eibergen","postcode":"7151CR","osm":"node/34045848"}},{"type":"Feature","id":34045852,"geometry":{"type":"Point","coordinates":[6.43038,52.672472]},"properties":{"chain":"plus","name":"PLUS","street":"Hoofdstraat 101a","city":"Zuidwolde","postcode":"7921AG","osm":"node/34045852"}},{"type":"Feature","id":34045853,"geometry":{"type":"Point","coordinates":[6.283078,52.589293]},"properties":{"chain":"ah","name":"Albert Heijn","street":"Burg.Backxlaan 307","city":"Nieuwleusen","postcode":"7711AD","osm":"node/34045853"}},{"type":"Feature","id":34045854,"geometry":{"type":"Point","coordinates":[6.260976,52.505816]},"properties":{"chain":"jumbo","name":"Jumbo Kamphuis","street":"Wilhelminastraat 18","city":"Dalfsen","postcode":"7721CH","osm":"node/34045854"}},{"type":"Feature","id":34045855,"geometry":{"type":"Point","coordinates":[6.246608,52.723114]},"properties":{"chain":"plus","name":"PLUS","street":"Havelterweg 3","city":"Ruinerwold","postcode":"7961BC","osm":"node/34045855"}},{"type":"Feature","id":34045856,"geometry":{"type":"Point","coordinates":[6.236924,52.435891]},"properties":{"chain":"aldi","name":"ALDI","osm":"node/34045856"}},{"type":"Feature","id":34045860,"geometry":{"type":"Point","coordinates":[6.074307,53.098883]},"properties":{"chain":"jumbo","name":"Jumbo","street":"Eems 30","city":"Drachten","postcode":"9204JX","osm":"node/34045860"}},{"type":"Feature","id":34045874,"geometry":{"type":"Point","coordinates":[6.109349,52.787037]},"properties":{"chain":"jumbo","name":"Jumbo Bert Vis","street":"Steenwijkerdiep 61","city":"Steenwijk","postcode":"8331LP","osm":"node/34045874"}},{"type":"Feature","id":34045880,"geometry":{"type":"Point","coordinates":[5.997145,52.875117]},"properties":{"chain":"ah","name":"Albert Heijn","street":"Van Harenstraat 66","city":"Wolvega","postcode":"8471JG","osm":"node/34045880"}},{"type":"Feature","id":34045884,"geometry":{"type":"Point","coordinates":[6.927637,52.316928]},"properties":{"chain":"jumbo","name":"Jumbo","street":"Deken Scholtenstraat 38-44","city":"Oldenzaal","postcode":"7572ZA","osm":"node/34045884"}},{"type":"Feature","id":34045886,"geometry":{"type":"Point","coordinates":[6.678617,52.379076]},"properties":{"chain":"ah","name":"Albert Heijn","street":"Binnenhof 33","city":"Almelo","postcode":"7608KH","osm":"node/34045886"}},{"type":"Feature","id":34045887,"geometry":{"type":"Point","coordinates":[6.640564,52.358802]},"properties":{"chain":"plus","name":"PLUS","street":"Apollolaan 9","city":"Almelo","postcode":"7604EH","osm":"node/34045887"}},{"type":"Feature","id":34045891,"geometry":{"type":"Point","coordinates":[6.81375,53.2287]},"properties":{"chain":"plus","name":"PLUS","street":"Hoofdweg 91","city":"Schildwolde","postcode":"9626AB","osm":"node/34045891"}},{"type":"Feature","id":34045892,"geometry":{"type":"Point","coordinates":[6.742124,53.149213]},"properties":{"chain":"jumbo","name":"Jumbo Pleiaden","street":"Pleiaden 11","city":"Hoogezand","postcode":"9602KD","osm":"node/34045892"}},{"type":"Feature","id":34045900,"geometry":{"type":"Point","coordinates":[6.914052,53.326883]},"properties":{"chain":"jumbo","name":"Jumbo","street":"Jachtlaan 10","city":"Delfzijl","postcode":"9934JB","osm":"node/34045900"}},{"type":"Feature","id":34045907,"geometry":{"type":"Point","coordinates":[6.307749,53.263241]},"properties":{"chain":"jumbo","name":"Jumbo","street":"Schoutstraat 5","city":"Grijpskerk","postcode":"9843BD","osm":"node/34045907"}},{"type":"Feature","id":34045912,"geometry":{"type":"Point","coordinates":[6.111506,53.109712]},"properties":{"chain":"ah","name":"Albert Heijn","street":"Middelwyk 31","city":"Drachten","postcode":"9202GN","osm":"node/34045912"}},{"type":"Feature","id":34045913,"geometry":{"type":"Point","coordinates":[6.121959,53.004942]},"properties":{"chain":"plus","name":"PLUS","street":"P W Janssenweg 86","city":"Jubbega","postcode":"8411XV","osm":"node/34045913"}},{"type":"Feature","id":34045914,"geometry":{"type":"Point","coordinates":[6.165848,53.183148]},"properties":{"chain":"ah","name":"Albert Heijn","street":"De Kolk 29","city":"Surhuisterveen","postcode":"9231CV","osm":"node/34045914"}},{"type":"Feature","id":34045915,"geometry":{"type":"Point","coordinates":[6.548531,53.000548]},"properties":{"chain":"jumbo","name":"Jumbo","street":"Nobellaan 259","city":"Assen","postcode":"9406AJ","osm":"node/34045915"}},{"type":"Feature","id":34045921,"geometry":{"type":"Point","coordinates":[6.515654,53.334838]},"properties":{"chain":"ah","name":"Albert Heijn","street":"Obergon 2","city":"Winsum","postcode":"9951HL","osm":"node/34045921"}},{"type":"Feature","id":34045922,"geometry":{"type":"Point","coordinates":[6.544916,53.230842]},"properties":{"chain":"ah","name":"Albert Heijn","street":"Dierenriemstraat 122","city":"Groningen","postcode":"9742AK","osm":"node/34045922"}},{"type":"Feature","id":34045924,"geometry":{"type":"Point","coordinates":[6.85974,53.0958]},"properties":{"chain":"jumbo","name":"Jumbo","osm":"node/34045924"}},{"type":"Feature","id":34045967,"geometry":{"type":"Point","coordinates":[5.550622,51.464575]},"properties":{"chain":"jumbo","name":"Jumbo","street":"Hoge Brake 36","city":"Nuenen","postcode":"5672GL","osm":"node/34045967"}},{"type":"Feature","id":34045968,"geometry":{"type":"Point","coordinates":[5.64511,51.476026]},"properties":{"chain":"jumbo","name":"Jumbo","street":"2e Haagstraat 42","city":"Helmond","postcode":"5707VK","osm":"node/34045968"}},{"type":"Feature","id":34045970,"geometry":{"type":"Point","coordinates":[5.66756,51.495468]},"properties":{"chain":"plus","name":"PLUS","street":"Nieuwveld 19","city":"Helmond","postcode":"5702HW","osm":"node/34045970"}},{"type":"Feature","id":34045975,"geometry":{"type":"Point","coordinates":[5.729148,50.843014]},"properties":{"chain":"plus","name":"PLUS","street":"De Leim 10","city":"Maastricht","postcode":"6227CT","osm":"node/34045975"}},{"type":"Feature","id":34045982,"geometry":{"type":"Point","coordinates":[5.833721,50.86365]},"properties":{"chain":"jumbo","name":"Jumbo","street":"Walramplein 26","city":"Valkenburg","postcode":"6301DD","osm":"node/34045982"}},{"type":"Feature","id":34045986,"geometry":{"type":"Point","coordinates":[5.891151,51.345181]},"properties":{"chain":"jumbo","name":"Jumbo","street":"Kerkstraat 25","city":"Meijel","postcode":"5768BH","osm":"node/34045986"}},{"type":"Feature","id":34045999,"geometry":{"type":"Point","coordinates":[6.050634,50.915497]},"properties":{"chain":"plus","name":"PLUS Wetzels","street":"Hovenstraat 124","city":"Landgraaf","postcode":"6374HG","osm":"node/34045999"}},{"type":"Feature","id":34046020,"geometry":{"type":"Point","coordinates":[5.460913,51.562155]},"properties":{"chain":"jumbo","name":"Jumbo","street":"Hertog Hendrikstraat 1","city":"Sint-Oedenrode","postcode":"5492BA","osm":"node/34046020"}},{"type":"Feature","id":34046023,"geometry":{"type":"Point","coordinates":[5.649202,52.017574]},"properties":{"chain":"jumbo","name":"Jumbo","street":"Stadspoort 45","city":"Ede","postcode":"6716RH","osm":"node/34046023"}},{"type":"Feature","id":34046034,"geometry":{"type":"Point","coordinates":[3.6217,51.492712]},"properties":{"chain":"jumbo","name":"Jumbo","street":"Vrijlandstraat 51","city":"Middelburg","postcode":"4337EB","osm":"node/34046034"}},{"type":"Feature","id":34046037,"geometry":{"type":"Point","coordinates":[3.906099,51.459838]},"properties":{"chain":"plus","name":"PLUS","street":"Klimopplein 2","city":"'s-Gravenpolder","postcode":"4431EJ","osm":"node/34046037"}},{"type":"Feature","id":34046046,"geometry":{"type":"Point","coordinates":[4.770435,51.973028]},"properties":{"chain":"plus","name":"PLUS","street":"Goudseweg 22","city":"Stolwijk","postcode":"2821BG","osm":"node/34046046"}},{"type":"Feature","id":34046050,"geometry":{"type":"Point","coordinates":[4.946147,52.043058]},"properties":{"chain":"jumbo","name":"Jumbo Aarnoudse","street":"Julianalaan 2","city":"Montfoort","postcode":"3417GK","osm":"node/34046050"}},{"type":"Feature","id":34046063,"geometry":{"type":"Point","coordinates":[5.489794,52.08065]},"properties":{"chain":"aldi","name":"ALDI","street":"Marktstraat 11","city":"Scherpenzeel","postcode":"3925JN","osm":"node/34046063"}},{"type":"Feature","id":34046078,"geometry":{"type":"Point","coordinates":[6.14532,52.288783]},"properties":{"chain":"ah","name":"Albert Heijn","street":"Dorpsstraat 27","city":"Diepenveen","postcode":"7431CG","osm":"node/34046078"}},{"type":"Feature","id":34046135,"geometry":{"type":"Point","coordinates":[5.191694,52.232341]},"properties":{"chain":"ah","name":"Albert Heijn","street":"Seinstraat 13","city":"Hilversum","postcode":"1223DE","osm":"node/34046135"}},{"type":"Feature","id":34046139,"geometry":{"type":"Point","coordinates":[3.884666,51.498963]},"properties":{"chain":"jumbo","name":"Jumbo","street":"Marconistraat 2","city":"Goes","postcode":"4461HH","osm":"node/34046139"}},{"type":"Feature","id":34046144,"geometry":{"type":"Point","coordinates":[5.073934,51.627903]},"properties":{"chain":"plus","name":"PLUS","street":"Oranjeplein 47","city":"Loon op Zand","postcode":"5175BX","osm":"node/34046144"}},{"type":"Feature","id":34046146,"geometry":{"type":"Point","coordinates":[5.091962,51.547023]},"properties":{"chain":"jumbo","name":"Jumbo","street":"Broekhovenseweg 74B","city":"Tilburg","postcode":"5021LG","osm":"node/34046146"}},{"type":"Feature","id":34046149,"geometry":{"type":"Point","coordinates":[5.179691,51.545233]},"properties":{"chain":"jumbo","name":"Jumbo","street":"Rootven 38","city":"Moergestel","postcode":"5066AX","osm":"node/34046149"}},{"type":"Feature","id":34046150,"geometry":{"type":"Point","coordinates":[5.218228,51.366487]},"properties":{"chain":"jumbo","name":"Jumbo","street":"Gindrapassage 18","city":"Bladel","postcode":"5531CP","osm":"node/34046150"}},{"type":"Feature","id":34046154,"geometry":{"type":"Point","coordinates":[5.456684,51.571694]},"properties":{"chain":"jumbo","name":"Jumbo","street":"Pieter Christiaanstraat 11","city":"Sint-Oedenrode","postcode":"5491JN","osm":"node/34046154"}},{"type":"Feature","id":34046156,"geometry":{"type":"Point","coordinates":[5.493076,51.506383]},"properties":{"chain":"jumbo","name":"Jumbo","street":"Nieuwstraat 75","city":"Son en Breugel","postcode":"5691AB","osm":"node/34046156"}},{"type":"Feature","id":34046157,"geometry":{"type":"Point","coordinates":[5.655105,50.863451]},"properties":{"chain":"jumbo","name":"Jumbo","street":"Malbergsingel 74","city":"Maastricht","postcode":"6218AV","osm":"node/34046157"}},{"type":"Feature","id":34046161,"geometry":{"type":"Point","coordinates":[5.760277,50.829334]},"properties":{"chain":"jumbo","name":"Jumbo","street":"Rijksweg 27","city":"Cadier en Keer","postcode":"6267AD","osm":"node/34046161"}},{"type":"Feature","id":34046162,"geometry":{"type":"Point","coordinates":[5.738531,50.875489]},"properties":{"chain":"jumbo","name":"Jumbo","street":"Kuilenstraat 73","city":"Meerssen","postcode":"6231AV","osm":"node/34046162"}},{"type":"Feature","id":34046165,"geometry":{"type":"Point","coordinates":[5.884254,50.917476]},"properties":{"chain":"jumbo","name":"Jumbo","street":"Markt 21","city":"Nuth","postcode":"6361CB","osm":"node/34046165"}},{"type":"Feature","id":34046166,"geometry":{"type":"Point","coordinates":[5.804117,51.456158]},"properties":{"chain":"jumbo","name":"Jumbo","street":"Schelde 40","city":"Deurne","postcode":"5751VH","osm":"node/34046166"}},{"type":"Feature","id":34046169,"geometry":{"type":"Point","coordinates":[6.035857,51.424294]},"properties":{"chain":"jumbo","name":"Jumbo Phicoop","street":"Horsterweg 64","city":"Sevenum","postcode":"5975NB","osm":"node/34046169"}},{"type":"Feature","id":34046172,"geometry":{"type":"Point","coordinates":[6.026953,50.857356]},"properties":{"chain":"jumbo","name":"Jumbo","street":"Carboonplein 6","city":"Kerkrade","postcode":"6466CX","osm":"node/34046172"}},{"type":"Feature","id":34046173,"geometry":{"type":"Point","coordinates":[4.275214,52.04968]},"properties":{"chain":"jumbo","name":"Jumbo","street":"Leyweg 918C","city":"'s-Gravenhage","postcode":"2545GV","osm":"node/34046173"}},{"type":"Feature","id":34046174,"geometry":{"type":"Point","coordinates":[4.439781,51.692135]},"properties":{"chain":"jumbo","name":"Jumbo","street":"Achterstraat 3","city":"Willemstad","postcode":"4797AP","osm":"node/34046174"}},{"type":"Feature","id":34046175,"geometry":{"type":"Point","coordinates":[6.0552,51.603772]},"properties":{"chain":"jumbo","name":"Jumbo","street":"Rembrandtplein 2","city":"Bergen L","postcode":"5854EM","osm":"node/34046175"}},{"type":"Feature","id":34046176,"geometry":{"type":"Point","coordinates":[4.168897,51.900162]},"properties":{"chain":"jumbo","name":"Jumbo","street":"Thoelaverweg 1","city":"Vierpolders","postcode":"3231KD","osm":"node/34046176"}},{"type":"Feature","id":34046179,"geometry":{"type":"Point","coordinates":[4.869342,52.288966]},"properties":{"chain":"jumbo","name":"Jumbo","street":"Groenhof 165","city":"Amstelveen","postcode":"1186EZ","osm":"node/34046179"}},{"type":"Feature","id":34046180,"geometry":{"type":"Point","coordinates":[5.035744,51.661752]},"properties":{"chain":"jumbo","name":"Jumbo","street":"Hoofdpoort 22","city":"Kaatsheuvel","postcode":"5171DN","osm":"node/34046180"}},{"type":"Feature","id":34046185,"geometry":{"type":"Point","coordinates":[5.474662,52.510185]},"properties":{"chain":"jumbo","name":"Jumbo","street":"Waagpassage 76","city":"Lelystad","postcode":"8232DV","osm":"node/34046185"}},{"type":"Feature","id":34046187,"geometry":{"type":"Point","coordinates":[5.369436,51.660613]},"properties":{"chain":"jumbo","name":"Jumbo","street":"Maaskantje 29","city":"Sint-Michielsgestel","postcode":"5271XD","osm":"node/34046187"}},{"type":"Feature","id":34046188,"geometry":{"type":"Point","coordinates":[5.341876,51.699223]},"properties":{"chain":"jumbo","name":"Jumbo","street":"Pastoor van Thiellaan 20","city":"Rosmalen","postcode":"5246BR","osm":"node/34046188"}},{"type":"Feature","id":34046192,"geometry":{"type":"Point","coordinates":[5.474725,51.648961]},"properties":{"chain":"jumbo","name":"Jumbo","street":"Sint Servatiusstraat 39","city":"Heeswijk-Dinther","postcode":"5473GA","osm":"node/34046192"}},{"type":"Feature","id":34046193,"geometry":{"type":"Point","coordinates":[5.746917,51.751661]},"properties":{"chain":"jumbo","name":"Jumbo Ralf Gijsbers","street":"Essinklaan 72","city":"Grave","postcode":"5361JT","osm":"node/34046193"}},{"type":"Feature","id":34046194,"geometry":{"type":"Point","coordinates":[5.655073,51.644086]},"properties":{"chain":"jumbo","name":"Jumbo","street":"Schakelplein 16","city":"Volkel","postcode":"5408AW","osm":"node/34046194"}},{"type":"Feature","id":34046196,"geometry":{"type":"Point","coordinates":[5.588334,53.108613]},"properties":{"chain":"jumbo","name":"Jumbo","street":"Terp 11","city":"Wommels","postcode":"8731AX","osm":"node/34046196"}},{"type":"Feature","id":34046197,"geometry":{"type":"Point","coordinates":[6.097213,53.117498]},"properties":{"chain":"jumbo","name":"Jumbo","street":"Stationsweg 164","city":"Drachten","postcode":"9201GT","osm":"node/34046197"}},{"type":"Feature","id":34046199,"geometry":{"type":"Point","coordinates":[5.933745,51.973279]},"properties":{"chain":"jumbo","name":"Jumbo","street":"Dr. C. Lelyweg 9","city":"Arnhem","postcode":"6827BH","osm":"node/34046199"}},{"type":"Feature","id":34046202,"geometry":{"type":"Point","coordinates":[6.5779,52.234334]},"properties":{"chain":"jumbo","name":"Jumbo Leussink","street":"van Kollaan 7","city":"Goor","postcode":"7471DP","osm":"node/34046202"}},{"type":"Feature","id":34046204,"geometry":{"type":"Point","coordinates":[6.677135,53.405647]},"properties":{"chain":"jumbo","name":"Jumbo","street":"Oosterstraat 2","city":"Uithuizen","postcode":"9981CP","osm":"node/34046204"}},{"type":"Feature","id":34046205,"geometry":{"type":"Point","coordinates":[6.204441,52.133296]},"properties":{"chain":"jumbo","name":"Jumbo","street":"Ruys de Beerenbrouckstraat 14","city":"Zutphen","postcode":"7204MN","osm":"node/34046205"}},{"type":"Feature","id":34046207,"geometry":{"type":"Point","coordinates":[6.296547,51.969608]},"properties":{"chain":"jumbo","name":"Jumbo","street":"J F Kennedylaan 62","city":"Doetinchem","postcode":"7009HA","osm":"node/34046207"}},{"type":"Feature","id":34046211,"geometry":{"type":"Point","coordinates":[6.455484,52.601449]},"properties":{"chain":"jumbo","name":"Jumbo Joosten","street":"Markt 32","city":"Dedemsvaart","postcode":"7701GW","osm":"node/34046211"}},{"type":"Feature","id":34046215,"geometry":{"type":"Point","coordinates":[6.737763,52.157368]},"properties":{"chain":"jumbo","name":"Jumbo Leussink","street":"Stationsstraat 12","city":"Haaksbergen","postcode":"7481JA","osm":"node/34046215"}},{"type":"Feature","id":34046217,"geometry":{"type":"Point","coordinates":[6.743894,53.16269]},"properties":{"chain":"jumbo","name":"Jumbo","street":"Meint Veningastraat 26","city":"Hoogezand","postcode":"9601KG","osm":"node/34046217"}},{"type":"Feature","id":34046251,"geometry":{"type":"Point","coordinates":[4.24032,51.928751]},"properties":{"chain":"ah","name":"Albert Heijn","street":"Koningshoek 91001","city":"Maassluis","postcode":"3144BA","osm":"node/34046251"}},{"type":"Feature","id":34046252,"geometry":{"type":"Point","coordinates":[4.259612,52.076253]},"properties":{"chain":"jumbo","name":"Jumbo","street":"Anemoonstraat 4","city":"'s-Gravenhage","postcode":"2565DD","osm":"node/34046252"}},{"type":"Feature","id":34046253,"geometry":{"type":"Point","coordinates":[4.259668,52.04382]},"properties":{"chain":"jumbo","name":"Jumbo","street":"De Stede 21","city":"'s-Gravenhage","postcode":"2543BG","osm":"node/34046253"}},{"type":"Feature","id":34046254,"geometry":{"type":"Point","coordinates":[4.26941,52.097216]},"properties":{"chain":"jumbo","name":"Jumbo Koornneef","street":"Van Bergenstraat 7","city":"'s-Gravenhage","postcode":"2583CS","osm":"node/34046254"}},{"type":"Feature","id":34046258,"geometry":{"type":"Point","coordinates":[4.48662,52.061043]},"properties":{"chain":"ah","name":"Albert Heijn XL","street":"Westwaarts 41","city":"Zoetermeer","postcode":"2711AD","osm":"node/34046258"}},{"type":"Feature","id":34046259,"geometry":{"type":"Point","coordinates":[4.498606,51.91069]},"properties":{"chain":"jumbo","name":"Jumbo","street":"Vijf Werelddelen 33","city":"Rotterdam","postcode":"3071PS","osm":"node/34046259"}},{"type":"Feature","id":34046260,"geometry":{"type":"Point","coordinates":[4.650815,51.822112]},"properties":{"chain":"jumbo","name":"Jumbo","street":"Brabant 1","city":"Zwijndrecht","postcode":"3332GG","osm":"node/34046260"}},{"type":"Feature","id":34046393,"geometry":{"type":"Point","coordinates":[5.302749,51.715423]},"properties":{"chain":"lidl","name":"Lidl","street":"Het Wielsem 19","city":"'s-Hertogenbosch","postcode":"5231BV","osm":"node/34046393"}},{"type":"Feature","id":34046404,"geometry":{"type":"Point","coordinates":[4.35725,51.855677]},"properties":{"chain":"lidl","name":"Lidl","street":"Lengweg 153","city":"Hoogvliet Rotterdam","postcode":"3192BJ","osm":"node/34046404"}},{"type":"Feature","id":34046407,"geometry":{"type":"Point","coordinates":[4.354652,51.864672]},"properties":{"chain":"lidl","name":"Lidl","street":"Middenbaan-Noord 202","city":"Hoogvliet Rotterdam","postcode":"3191EL","osm":"node/34046407"}},{"type":"Feature","id":34046424,"geometry":{"type":"Point","coordinates":[5.521739,51.445341]},"properties":{"chain":"lidl","name":"Lidl","street":"Urkhovenseweg 16","city":"Eindhoven","postcode":"5641KE","osm":"node/34046424"}},{"type":"Feature","id":34046466,"geometry":{"type":"Point","coordinates":[5.474596,51.469272]},"properties":{"chain":"lidl","name":"Lidl","street":"Winkelcentrum Woensel 410","city":"Eindhoven","postcode":"5625AG","osm":"node/34046466"}},{"type":"Feature","id":34046470,"geometry":{"type":"Point","coordinates":[5.893302,51.98818]},"properties":{"chain":"lidl","name":"Lidl","street":"Amsterdamseweg 109","city":"Arnhem","postcode":"6814GC","osm":"node/34046470"}},{"type":"Feature","id":34046471,"geometry":{"type":"Point","coordinates":[5.894144,51.988098]},"properties":{"chain":"jumbo","name":"Jumbo","street":"Amsterdamseweg 33","city":"Arnhem","postcode":"6814GB","osm":"node/34046471"}},{"type":"Feature","id":34046485,"geometry":{"type":"Point","coordinates":[4.4756,52.191457]},"properties":{"chain":"lidl","name":"Lidl","street":"Boerhaaveplein 3","city":"Oegstgeest","postcode":"2343LT","osm":"node/34046485"}},{"type":"Feature","id":34046493,"geometry":{"type":"Point","coordinates":[5.054926,52.087704]},"properties":{"chain":"lidl","name":"Lidl","street":"Verlengde Houtrakgracht 383","city":"Utrecht","postcode":"3544EC","osm":"node/34046493"}},{"type":"Feature","id":34046499,"geometry":{"type":"Point","coordinates":[5.239165,52.09132]},"properties":{"chain":"lidl","name":"Lidl","street":"Van Reenenweg 151","city":"Zeist","postcode":"3702SJ","osm":"node/34046499"}},{"type":"Feature","id":34046501,"geometry":{"type":"Point","coordinates":[4.619782,52.270727]},"properties":{"chain":"ah","name":"Albert Heijn","street":"Händelplein 185","city":"Nieuw-Vennep","postcode":"2151NN","osm":"node/34046501"}},{"type":"Feature","id":34046544,"geometry":{"type":"Point","coordinates":[5.708921,52.843806]},"properties":{"chain":"lidl","name":"Lidl","street":"Tramweg 16","city":"Lemmer","postcode":"8531HK","osm":"node/34046544"}},{"type":"Feature","id":34046545,"geometry":{"type":"Point","coordinates":[5.75591,52.70752]},"properties":{"chain":"lidl","name":"Lidl","street":"Zuiderkade 1A","city":"Emmeloord","postcode":"8301AR","osm":"node/34046545"}},{"type":"Feature","id":34046547,"geometry":{"type":"Point","coordinates":[5.62511,52.299865]},"properties":{"chain":"lidl","name":"Lidl","street":"Garsteland 4","city":"Ermelo","postcode":"3851MJ","osm":"node/34046547"}},{"type":"Feature","id":34046548,"geometry":{"type":"Point","coordinates":[5.280328,52.394561]},"properties":{"chain":"lidl","name":"Lidl","street":"Rio de Janeirostraat 8","city":"Almere","postcode":"1334HG","osm":"node/34046548"}},{"type":"Feature","id":34046553,"geometry":{"type":"Point","coordinates":[5.540254,52.331304]},"properties":{"chain":"lidl","name":"Lidl","street":"Gouwzee 27","city":"Zeewolde","postcode":"3891GH","osm":"node/34046553"}},{"type":"Feature","id":34046569,"geometry":{"type":"Point","coordinates":[5.781254,52.375362]},"properties":{"chain":"lidl","name":"Lidl","street":"Haverkamp 10","city":"Nunspeet","postcode":"8071CB","osm":"node/34046569"}},{"type":"Feature","id":34046588,"geometry":{"type":"Point","coordinates":[6.785496,53.16382]},"properties":{"chain":"lidl","name":"Lidl","street":"Noorderstraat 182","city":"Sappemeer","postcode":"9611AP","osm":"node/34046588"}},{"type":"Feature","id":39570893,"geometry":{"type":"Point","coordinates":[5.551179,51.474968]},"properties":{"chain":"ah","name":"Albert Heijn Jan Linders","street":"Vincent van Goghstraat 37","city":"Nuenen","postcode":"5671GW","osm":"node/39570893"}},{"type":"Feature","id":86090849,"geometry":{"type":"Point","coordinates":[5.998742,51.319258]},"properties":{"chain":"plus","name":"PLUS","street":"Kaupmanshof 34","city":"Helden","postcode":"5988BD","osm":"node/86090849"}},{"type":"Feature","id":117738519,"geometry":{"type":"Point","coordinates":[4.877886,52.391553]},"properties":{"chain":"ah","name":"Albert Heijn","street":"Spaarndammerdijk 3","city":"Amsterdam","postcode":"1013ZM","osm":"node/117738519"}},{"type":"Feature","id":132448746,"geometry":{"type":"Point","coordinates":[4.876603,52.081534]},"properties":{"chain":"lidl","name":"Lidl","street":"Iepenlaan 1A","city":"Woerden","postcode":"3442EK","osm":"node/132448746"}},{"type":"Feature","id":132532024,"geometry":{"type":"Point","coordinates":[5.334648,51.58737]},"properties":{"chain":"jumbo","name":"Jumbo","street":"Oosterhof 5","city":"Boxtel","postcode":"5283BV","osm":"node/132532024"}},{"type":"Feature","id":132546786,"geometry":{"type":"Point","coordinates":[5.322266,51.586174]},"properties":{"chain":"ah","name":"Albert Heijn","street":"Prins Hendrikstraat 62","city":"Boxtel","postcode":"5281CN","osm":"node/132546786"}},{"type":"Feature","id":191958906,"geometry":{"type":"Point","coordinates":[4.973397,52.272882]},"properties":{"chain":"ah","name":"Albert Heijn","street":"Dokter van Doornplein 2","city":"Abcoude","postcode":"1391LT","osm":"node/191958906"}},{"type":"Feature","id":207135087,"geometry":{"type":"Point","coordinates":[4.391203,51.922311]},"properties":{"chain":"plus","name":"PLUS","osm":"node/207135087"}},{"type":"Feature","id":237168376,"geometry":{"type":"Point","coordinates":[4.891905,52.351067]},"properties":{"chain":"ah","name":"Albert Heijn","street":"Cornelis Troostplein 11","city":"Amsterdam","postcode":"1072JJ","osm":"node/237168376"}},{"type":"Feature","id":243679597,"geometry":{"type":"Point","coordinates":[7.107133,53.025878]},"properties":{"chain":"jumbo","name":"Jumbo","street":"Dr. P. Rinsemastraat 4","city":"Vlagtwedde","postcode":"9541AL","osm":"node/243679597"}},{"type":"Feature","id":247998641,"geometry":{"type":"Point","coordinates":[5.837712,52.447429]},"properties":{"chain":"jumbo","name":"Jumbo Gerrit Roeke","street":"Zwolscheweg 1","city":"Elburg","postcode":"8081CG","osm":"node/247998641"}},{"type":"Feature","id":253077139,"geometry":{"type":"Point","coordinates":[4.863648,51.659256]},"properties":{"chain":"ah","name":"Albert Heijn","street":"Arkendonk 53","city":"Oosterhout","postcode":"4907XP","osm":"node/253077139"}},{"type":"Feature","id":253077140,"geometry":{"type":"Point","coordinates":[4.863487,51.658203]},"properties":{"chain":"jumbo","name":"Jumbo","street":"Arkendonk 36","city":"Oosterhout","postcode":"4907XT","osm":"node/253077140"}},{"type":"Feature","id":253505594,"geometry":{"type":"Point","coordinates":[4.832726,51.647301]},"properties":{"chain":"plus","name":"PLUS","street":"Markkant 10","city":"Oosterhout","postcode":"4906KD","osm":"node/253505594"}},{"type":"Feature","id":253513860,"geometry":{"type":"Point","coordinates":[4.858284,51.62762]},"properties":{"chain":"ah","name":"Albert Heijn","street":"Zuiderhout 103","city":"Oosterhout","postcode":"4904AW","osm":"node/253513860"}},{"type":"Feature","id":253934966,"geometry":{"type":"Point","coordinates":[5.517412,51.451866]},"properties":{"chain":"jumbo","name":"Jumbo","street":"Pagelaan 9","city":"Eindhoven","postcode":"5641CB","osm":"node/253934966"}},{"type":"Feature","id":255301797,"geometry":{"type":"Point","coordinates":[6.173606,51.383585]},"properties":{"chain":"aldi","name":"ALDI","street":"van Postelstraat 120","city":"Venlo","postcode":"5914PR","osm":"node/255301797"}},{"type":"Feature","id":255836512,"geometry":{"type":"Point","coordinates":[4.87528,52.31196]},"properties":{"chain":"ah","name":"Albert Heijn","street":"Westelijk Halfrond 70","city":"Amstelveen","postcode":"1183JG","osm":"node/255836512"}},{"type":"Feature","id":260021384,"geometry":{"type":"Point","coordinates":[5.63488,51.467102]},"properties":{"chain":"jumbo","name":"Jumbo","street":"Hoofdstraat 168","city":"Helmond","postcode":"5706AP","osm":"node/260021384"}},{"type":"Feature","id":262888728,"geometry":{"type":"Point","coordinates":[4.959973,52.510017]},"properties":{"chain":"ah","name":"Albert Heijn XL","street":"Burgemeester D. Kooimanweg 16","city":"Purmerend","postcode":"1442BZ","osm":"node/262888728"}},{"type":"Feature","id":262888730,"geometry":{"type":"Point","coordinates":[4.956188,52.504031]},"properties":{"chain":"aldi","name":"ALDI","street":"Poelstraat 23","city":"Purmerend","postcode":"1441RR","osm":"node/262888730"}},{"type":"Feature","id":264964533,"geometry":{"type":"Point","coordinates":[4.515308,52.063476]},"properties":{"chain":"ah","name":"Albert Heijn","street":"Petuniatuin 12","city":"Zoetermeer","postcode":"2724NA","osm":"node/264964533"}},{"type":"Feature","id":266497328,"geometry":{"type":"Point","coordinates":[4.306952,52.035367]},"properties":{"chain":"plus","name":"PLUS","osm":"node/266497328"}},{"type":"Feature","id":266754111,"geometry":{"type":"Point","coordinates":[4.360654,51.985163]},"properties":{"chain":"jumbo","name":"Jumbo","street":"Dasstraat 9","city":"Delft","postcode":"2623CB","osm":"node/266754111"}},{"type":"Feature","id":267327072,"geometry":{"type":"Point","coordinates":[4.240846,51.906415]},"properties":{"chain":"plus","name":"PLUS","street":"Emmastraat 84","city":"Rozenburg","postcode":"3181GC","osm":"node/267327072"}},{"type":"Feature","id":274971292,"geometry":{"type":"Point","coordinates":[4.846008,52.383727]},"properties":{"chain":"lidl","name":"Lidl","street":"Sara Burgerhartstraat 80","city":"Amsterdam","postcode":"1055LD","osm":"node/274971292"}},{"type":"Feature","id":276992184,"geometry":{"type":"Point","coordinates":[4.50225,52.195527]},"properties":{"chain":"ah","name":"Albert Heijn","street":"Dorpsstraat 2","city":"Warmond","postcode":"2361BB","osm":"node/276992184"}},{"type":"Feature","id":277867402,"geometry":{"type":"Point","coordinates":[6.125543,53.376529]},"properties":{"chain":"plus","name":"PLUS Rosier","street":"Buorfinne 1","city":"Eanjum","postcode":"9133NR","osm":"node/277867402"}},{"type":"Feature","id":277984020,"geometry":{"type":"Point","coordinates":[6.154425,52.088224]},"properties":{"chain":"jumbo","name":"Jumbo","street":"Ambachtstraat 38","city":"Brummen","postcode":"6971BR","osm":"node/277984020"}},{"type":"Feature","id":283921907,"geometry":{"type":"Point","coordinates":[4.696519,51.819003]},"properties":{"chain":"jumbo","name":"Jumbo","street":"Merwedestraat 50","city":"Dordrecht","postcode":"3313CS","osm":"node/283921907"}},{"type":"Feature","id":283923576,"geometry":{"type":"Point","coordinates":[4.696366,51.819012]},"properties":{"chain":"aldi","name":"ALDI","street":"Merwedestraat 50B","city":"Dordrecht","postcode":"3313CS","osm":"node/283923576"}},{"type":"Feature","id":289787947,"geometry":{"type":"Point","coordinates":[5.667049,53.03543]},"properties":{"chain":"jumbo","name":"Jumbo Kooistra","street":"Normandiaplein 4","city":"Sneek","postcode":"8603CS","osm":"node/289787947"}},{"type":"Feature","id":290385250,"geometry":{"type":"Point","coordinates":[6.000084,52.461633]},"properties":{"chain":"plus","name":"PLUS","street":"Clematisstraat 3","city":"Wezep","postcode":"8091VJ","osm":"node/290385250"}},{"type":"Feature","id":290567656,"geometry":{"type":"Point","coordinates":[5.488818,52.501355]},"properties":{"chain":"ah","name":"Albert Heijn","street":"Kamp 42 22","city":"Lelystad","postcode":"8225HN","osm":"node/290567656"}},{"type":"Feature","id":290924768,"geometry":{"type":"Point","coordinates":[4.520855,51.913837]},"properties":{"chain":"plus","name":"PLUS","osm":"node/290924768"}},{"type":"Feature","id":296314713,"geometry":{"type":"Point","coordinates":[5.40872,52.166475]},"properties":{"chain":"jumbo","name":"Jumbo","street":"Wiekslag 261","city":"Amersfoort","postcode":"3815GK","osm":"node/296314713"}},{"type":"Feature","id":296371207,"geometry":{"type":"Point","coordinates":[6.802494,52.773224]},"properties":{"chain":"ah","name":"Albert Heijn","street":"Bannerschultestraat 7","city":"Sleen","postcode":"7841AA","osm":"node/296371207"}},{"type":"Feature","id":297985591,"geometry":{"type":"Point","coordinates":[6.164333,52.256718]},"properties":{"chain":"plus","name":"PLUS","street":"Beestenmarkt 3","city":"Deventer","postcode":"7413ZA","osm":"node/297985591"}},{"type":"Feature","id":298486966,"geometry":{"type":"Point","coordinates":[4.610532,51.921893]},"properties":{"chain":"jumbo","name":"Jumbo","street":"De Korf 8b","city":"Krimpen aan den IJssel","postcode":"2924AH","osm":"node/298486966"}},{"type":"Feature","id":301220620,"geometry":{"type":"Point","coordinates":[6.456936,52.3653]},"properties":{"chain":"jumbo","name":"Jumbo","street":"Grotestraat 135","city":"Nijverdal","postcode":"7443BE","osm":"node/301220620"}},{"type":"Feature","id":305156666,"geometry":{"type":"Point","coordinates":[4.8628,52.314152]},"properties":{"chain":"jumbo","name":"Jumbo","street":"Rembrandtweg 621","city":"Amstelveen","postcode":"1181GV","osm":"node/305156666"}},{"type":"Feature","id":313554475,"geometry":{"type":"Point","coordinates":[6.520668,52.310555]},"properties":{"chain":"jumbo","name":"Jumbo","street":"Boomkamp 32","city":"Rijssen","postcode":"7461AX","osm":"node/313554475"}},{"type":"Feature","id":313711656,"geometry":{"type":"Point","coordinates":[5.845278,51.000429]},"properties":{"chain":"ah","name":"Albert Heijn Jan Linders","street":"Industriestraat 19","city":"Sittard","postcode":"6135KE","osm":"node/313711656"}},{"type":"Feature","id":318355265,"geometry":{"type":"Point","coordinates":[5.38614,52.152137]},"properties":{"chain":"plus","name":"PLUS","street":"Arnhemseweg 4","city":"Amersfoort","postcode":"3817CH","osm":"node/318355265"}},{"type":"Feature","id":318945450,"geometry":{"type":"Point","coordinates":[6.180211,51.359565]},"properties":{"chain":"ah","name":"Albert Heijn","street":"Maagdenbergplein 15","city":"Venlo","postcode":"5915CW","osm":"node/318945450"}},{"type":"Feature","id":318945451,"geometry":{"type":"Point","coordinates":[6.162354,51.360765]},"properties":{"chain":"ah","name":"Albert Heijn","street":"van Nijvenheimstraat 62","city":"Venlo","postcode":"5912BN","osm":"node/318945451"}},{"type":"Feature","id":329687481,"geometry":{"type":"Point","coordinates":[6.569965,52.998792]},"properties":{"chain":"jumbo","name":"Jumbo","street":"Nijlandstraat 141","city":"Assen","postcode":"9401AL","osm":"node/329687481"}},{"type":"Feature","id":332661078,"geometry":{"type":"Point","coordinates":[4.890945,52.35383]},"properties":{"chain":"jumbo","name":"Jumbo","street":"Ferdinand Bolstraat 89B","city":"Amsterdam","postcode":"1072LD","osm":"node/332661078"}},{"type":"Feature","id":338905121,"geometry":{"type":"Point","coordinates":[6.067058,50.858963]},"properties":{"chain":"plus","name":"PLUS Franssen","street":"Maria Gorettiplein 1","city":"Kerkrade","postcode":"6462XB","osm":"node/338905121"}},{"type":"Feature","id":339308217,"geometry":{"type":"Point","coordinates":[5.933827,51.772986]},"properties":{"chain":"jumbo","name":"Jumbo","street":"De Meent 1","city":"Groesbeek","postcode":"6562CZ","osm":"node/339308217"}},{"type":"Feature","id":343510708,"geometry":{"type":"Point","coordinates":[5.115677,52.078037]},"properties":{"chain":"ah","name":"Albert Heijn","street":"Vondellaan 200","city":"Utrecht","postcode":"3521GZ","osm":"node/343510708"}},{"type":"Feature","id":343714705,"geometry":{"type":"Point","coordinates":[5.944566,51.771148]},"properties":{"chain":"plus","name":"PLUS","street":"De Bats 2","city":"Groesbeek","postcode":"6562PB","osm":"node/343714705"}},{"type":"Feature","id":344455943,"geometry":{"type":"Point","coordinates":[5.055082,52.087584]},"properties":{"chain":"jumbo","name":"Jumbo","street":"Verlengde Houtrakgracht 349","city":"Utrecht","postcode":"3544EB","osm":"node/344455943"}},{"type":"Feature","id":355252683,"geometry":{"type":"Point","coordinates":[5.918751,51.983261]},"properties":{"chain":"plus","name":"PLUS","street":"Spijkerlaan 26","city":"Arnhem","postcode":"6828EC","osm":"node/355252683"}},{"type":"Feature","id":358018559,"geometry":{"type":"Point","coordinates":[5.991829,51.53266]},"properties":{"chain":"plus","name":"PLUS Guido van Dijck","street":"Kruidenlaan 159","city":"Venray","postcode":"5803BV","osm":"node/358018559"}},{"type":"Feature","id":364374026,"geometry":{"type":"Point","coordinates":[5.861365,50.975843]},"properties":{"chain":"plus","name":"PLUS","street":"Peterstraat 15","city":"Munstergeleen","postcode":"6151EA","osm":"node/364374026"}},{"type":"Feature","id":366656713,"geometry":{"type":"Point","coordinates":[5.927844,50.882389]},"properties":{"chain":"aldi","name":"ALDI","street":"Furenthela 15","city":"Voerendaal","postcode":"6367TL","osm":"node/366656713"}},{"type":"Feature","id":376270592,"geometry":{"type":"Point","coordinates":[3.61716,51.577342]},"properties":{"chain":"plus","name":"PLUS Corbijn","street":"Fort den Haakweg 12","city":"Vrouwenpolder","postcode":"4354AE","osm":"node/376270592"}},{"type":"Feature","id":376609948,"geometry":{"type":"Point","coordinates":[5.037725,52.079164]},"properties":{"chain":"ah","name":"Albert Heijn","street":"Mereveldplein 13","city":"De Meern","postcode":"3454CJ","osm":"node/376609948"}},{"type":"Feature","id":387195607,"geometry":{"type":"Point","coordinates":[5.472295,52.501104]},"properties":{"chain":"lidl","name":"Lidl","street":"Tjalk 15 9","city":"Lelystad","postcode":"8232LK","osm":"node/387195607"}},{"type":"Feature","id":391447447,"geometry":{"type":"Point","coordinates":[5.287236,51.640446]},"properties":{"chain":"lidl","name":"Lidl","street":"Rouppe van der Voortlaan 46","city":"Vught","postcode":"5262HE","osm":"node/391447447"}},{"type":"Feature","id":401089917,"geometry":{"type":"Point","coordinates":[6.017777,51.210929]},"properties":{"chain":"ah","name":"Albert Heijn XL","street":"Schaarbroekerweg 14","city":"Roermond","postcode":"6042EJ","osm":"node/401089917"}},{"type":"Feature","id":402821637,"geometry":{"type":"Point","coordinates":[4.638628,52.306975]},"properties":{"chain":"ah","name":"Albert Heijn","street":"Genderenplein 13","city":"Hoofddorp","postcode":"2134DP","osm":"node/402821637"}},{"type":"Feature","id":402876253,"geometry":{"type":"Point","coordinates":[4.690455,52.296657]},"properties":{"chain":"aldi","name":"ALDI","street":"Graan voor Visch 14005","city":"Hoofddorp","postcode":"2132VW","osm":"node/402876253"}},{"type":"Feature","id":403798126,"geometry":{"type":"Point","coordinates":[5.39251,51.427135]},"properties":{"chain":"plus","name":"PLUS van Reijen","street":"Dommelshei 10","city":"Veldhoven","postcode":"5508VG","osm":"node/403798126"}},{"type":"Feature","id":409790725,"geometry":{"type":"Point","coordinates":[7.057903,52.874347]},"properties":{"chain":"aldi","name":"ALDI","street":"Marktstraat 2","city":"Ter Apel","postcode":"9561KC","osm":"node/409790725"}},{"type":"Feature","id":410296036,"geometry":{"type":"Point","coordinates":[4.288227,52.03056]},"properties":{"chain":"ah","name":"Albert Heijn","street":"Laan van Wateringse Veld 688","city":"'s-Gravenhage","postcode":"2548CM","osm":"node/410296036"}},{"type":"Feature","id":410592100,"geometry":{"type":"Point","coordinates":[4.463396,51.9319]},"properties":{"chain":"plus","name":"PLUS","street":"Stadhoudersplein 135","city":"Rotterdam","postcode":"3038EA","osm":"node/410592100"}},{"type":"Feature","id":414593111,"geometry":{"type":"Point","coordinates":[4.597399,52.449467]},"properties":{"chain":"aldi","name":"ALDI","street":"Zeewijkplein 111","city":"IJmuiden","postcode":"1974PA","osm":"node/414593111"}},{"type":"Feature","id":414960260,"geometry":{"type":"Point","coordinates":[6.455595,52.364781]},"properties":{"chain":"plus","name":"PLUS Léon Haanstra","street":"Smidsweg 7","city":"Nijverdal","postcode":"7441EJ","osm":"node/414960260"}},{"type":"Feature","id":415409596,"geometry":{"type":"Point","coordinates":[6.468548,52.365368]},"properties":{"chain":"lidl","name":"Lidl","street":"Grotestraat 76","city":"Nijverdal","postcode":"7443BK","osm":"node/415409596"}},{"type":"Feature","id":417523057,"geometry":{"type":"Point","coordinates":[6.077395,51.284183]},"properties":{"chain":"plus","name":"PLUS","osm":"node/417523057"}},{"type":"Feature","id":420127172,"geometry":{"type":"Point","coordinates":[5.056482,52.641029]},"properties":{"chain":"ah","name":"Albert Heijn","street":"Grote Noord 57-59","city":"Hoorn","postcode":"1621KE","osm":"node/420127172"}},{"type":"Feature","id":420501942,"geometry":{"type":"Point","coordinates":[6.853927,52.350483]},"properties":{"chain":"plus","name":"PLUS Daniëlle Tijhuis","street":"Bisschopstraat 39","city":"Weerselo","postcode":"7595AR","osm":"node/420501942"}},{"type":"Feature","id":426867462,"geometry":{"type":"Point","coordinates":[6.884868,53.111904]},"properties":{"chain":"ah","name":"Albert Heijn","street":"Beneden Oosterdiep 165","city":"Veendam","postcode":"9645LN","osm":"node/426867462"}},{"type":"Feature","id":426867467,"geometry":{"type":"Point","coordinates":[6.6185,53.231119]},"properties":{"chain":"ah","name":"Albert Heijn","street":"Rijksweg 129a","city":"Groningen","postcode":"9731AH","osm":"node/426867467"}},{"type":"Feature","id":426867469,"geometry":{"type":"Point","coordinates":[6.619598,52.576872]},"properties":{"chain":"ah","name":"Albert Heijn","street":"Van Wevelinckhovenplein 60","city":"Hardenberg","postcode":"7772VJ","osm":"node/426867469"}},{"type":"Feature","id":426867470,"geometry":{"type":"Point","coordinates":[6.467564,52.722937]},"properties":{"chain":"ah","name":"Albert Heijn","street":"Griendtsveenweg 20","city":"Hoogeveen","postcode":"7901EA","osm":"node/426867470"}},{"type":"Feature","id":426867475,"geometry":{"type":"Point","coordinates":[5.793691,52.968363]},"properties":{"chain":"plus","name":"PLUS","street":"Midstraat 28-30","city":"Joure","postcode":"8501AR","osm":"node/426867475"}},{"type":"Feature","id":426867476,"geometry":{"type":"Point","coordinates":[5.815995,53.199561]},"properties":{"chain":"ah","name":"Albert Heijn","street":"Emmakade 168","city":"Leeuwarden","postcode":"8933AX","osm":"node/426867476"}},{"type":"Feature","id":426867477,"geometry":{"type":"Point","coordinates":[5.657629,53.275225]},"properties":{"chain":"ah","name":"Albert Heijn","street":"Warmoesstraat 37","city":"St.-Annaparochie","postcode":"9076DL","osm":"node/426867477"}},{"type":"Feature","id":426867478,"geometry":{"type":"Point","coordinates":[6.100273,52.516812]},"properties":{"chain":"ah","name":"Albert Heijn","street":"Klein Grachtje 16","city":"Zwolle","postcode":"8021JC","osm":"node/426867478"}},{"type":"Feature","id":426867479,"geometry":{"type":"Point","coordinates":[5.694603,52.536595]},"properties":{"chain":"ah","name":"Albert Heijn","street":"Beursstraat 12","city":"Dronten","postcode":"8253GG","osm":"node/426867479"}},{"type":"Feature","id":426867480,"geometry":{"type":"Point","coordinates":[6.950884,52.216222]},"properties":{"chain":"plus","name":"PLUS","street":"Esmarkelaan 14","city":"Enschede","postcode":"7534JH","osm":"node/426867480"}},{"type":"Feature","id":426873239,"geometry":{"type":"Point","coordinates":[5.897299,51.959287]},"properties":{"chain":"ah","name":"Albert Heijn XL","street":"Kronenburgpassage 86","city":"Arnhem","postcode":"6831ER","osm":"node/426873239"}},{"type":"Feature","id":426873242,"geometry":{"type":"Point","coordinates":[5.843255,51.987671]},"properties":{"chain":"ah","name":"Albert Heijn","street":"Pastoor Bruggemanlaan 1","city":"Oosterbeek","postcode":"6861GR","osm":"node/426873242"}},{"type":"Feature","id":428078523,"geometry":{"type":"Point","coordinates":[5.783737,51.685348]},"properties":{"chain":"ah","name":"Albert Heijn","street":"Markt 15","city":"Mill","postcode":"5451BS","osm":"node/428078523"}},{"type":"Feature","id":428078534,"geometry":{"type":"Point","coordinates":[4.530749,52.371951]},"properties":{"chain":"ah","name":"Albert Heijn","street":"Grote Krocht 1","city":"Zandvoort","postcode":"2042LT","osm":"node/428078534"}},{"type":"Feature","id":428078537,"geometry":{"type":"Point","coordinates":[4.648395,52.61853]},"properties":{"chain":"ah","name":"Albert Heijn","street":"Nieuwe Egmonderstraatweg 11","city":"Egmond aan den Hoef","postcode":"1934PA","osm":"node/428078537"}},{"type":"Feature","id":428078541,"geometry":{"type":"Point","coordinates":[4.763185,52.95334]},"properties":{"chain":"ah","name":"Albert Heijn","street":"Meeuwenstraat 2","city":"Den Helder","postcode":"1781XA","osm":"node/428078541"}},{"type":"Feature","id":428078543,"geometry":{"type":"Point","coordinates":[4.846761,52.378658]},"properties":{"chain":"ah","name":"Albert Heijn","street":"Gulden Winckelplantsoen 5","city":"Amsterdam","postcode":"1055EK","osm":"node/428078543"}},{"type":"Feature","id":428078545,"geometry":{"type":"Point","coordinates":[4.855981,52.381842]},"properties":{"chain":"ah","name":"Albert Heijn","street":"Bos en Lommerweg 117","city":"Amsterdam","postcode":"1055DR","osm":"node/428078545"}},{"type":"Feature","id":428078547,"geometry":{"type":"Point","coordinates":[4.82325,52.37965]},"properties":{"chain":"ah","name":"Albert Heijn","street":"Willem Kraanstraat 2","city":"Amsterdam","postcode":"1063MG","osm":"node/428078547"}},{"type":"Feature","id":428078549,"geometry":{"type":"Point","coordinates":[4.750237,52.378947]},"properties":{"chain":"ah","name":"Albert Heijn","street":"Dennenlaan 45","city":"Zwanenburg","postcode":"1161CL","osm":"node/428078549"}},{"type":"Feature","id":428078553,"geometry":{"type":"Point","coordinates":[4.799498,52.352157]},"properties":{"chain":"ah","name":"Albert Heijn","street":"Pieter Calandlaan 212-A","city":"Amsterdam","postcode":"1069LA","osm":"node/428078553"}},{"type":"Feature","id":428078554,"geometry":{"type":"Point","coordinates":[4.777858,52.338483]},"properties":{"chain":"ah","name":"Albert Heijn","street":"Zeemanlaan 2","city":"Badhoevedorp","postcode":"1171BD","osm":"node/428078554"}},{"type":"Feature","id":428078555,"geometry":{"type":"Point","coordinates":[4.864292,52.362]},"properties":{"chain":"ah","name":"Albert Heijn","street":"Jan Pieter Heijestraat 132-H","city":"Amsterdam","postcode":"1054MJ","osm":"node/428078555"}},{"type":"Feature","id":428078561,"geometry":{"type":"Point","coordinates":[4.891425,52.34429]},"properties":{"chain":"ah","name":"Albert Heijn","street":"Scheldeplein 5","city":"Amsterdam","postcode":"1078GR","osm":"node/428078561"}},{"type":"Feature","id":428595106,"geometry":{"type":"Point","coordinates":[5.033813,52.310609]},"properties":{"chain":"ah","name":"Albert Heijn","street":"Amstellandlaan 20","city":"Weesp","postcode":"1382CE","osm":"node/428595106"}},{"type":"Feature","id":428595111,"geometry":{"type":"Point","coordinates":[4.491285,52.262868]},"properties":{"chain":"ah","name":"Albert Heijn","street":"Zeestraat 14a","city":"Noordwijkerhout","postcode":"2211XG","osm":"node/428595111"}},{"type":"Feature","id":428595112,"geometry":{"type":"Point","coordinates":[4.865993,52.206129]},"properties":{"chain":"ah","name":"Albert Heijn","street":"De Passage 26","city":"Mijdrecht","postcode":"3641AK","osm":"node/428595112"}},{"type":"Feature","id":428595114,"geometry":{"type":"Point","coordinates":[5.243552,52.273445]},"properties":{"chain":"ah","name":"Albert Heijn","street":"Huizerweg 8","city":"Blaricum","postcode":"1261AW","osm":"node/428595114"}},{"type":"Feature","id":428595115,"geometry":{"type":"Point","coordinates":[5.226631,52.254309]},"properties":{"chain":"ah","name":"Albert Heijn","street":"Zevenend 2","city":"Laren","postcode":"1251RN","osm":"node/428595115"}},{"type":"Feature","id":428595116,"geometry":{"type":"Point","coordinates":[5.183693,52.268193]},"properties":{"chain":"ah","name":"Albert Heijn","street":"Koekoeklaan 88","city":"Bussum","postcode":"1403EH","osm":"node/428595116"}},{"type":"Feature","id":428595118,"geometry":{"type":"Point","coordinates":[5.16089,52.276059]},"properties":{"chain":"ah","name":"Albert Heijn","street":"Veerstraat 20","city":"Bussum","postcode":"1404CH","osm":"node/428595118"}},{"type":"Feature","id":428595122,"geometry":{"type":"Point","coordinates":[5.044944,52.264176]},"properties":{"chain":"ah","name":"Albert Heijn","street":"Voorstraat 10","city":"Nederhorst den Berg","postcode":"1394CS","osm":"node/428595122"}},{"type":"Feature","id":428595123,"geometry":{"type":"Point","coordinates":[5.113486,52.239804]},"properties":{"chain":"jumbo","name":"Jumbo","street":"Curtevenneweg 2","city":"Kortenhoef","postcode":"1241XZ","osm":"node/428595123"}},{"type":"Feature","id":428595125,"geometry":{"type":"Point","coordinates":[5.167964,52.215444]},"properties":{"chain":"ah","name":"Albert Heijn","street":"Gijsbrecht van Amstelstraat 177","city":"Hilversum","postcode":"1214AX","osm":"node/428595125"}},{"type":"Feature","id":428595126,"geometry":{"type":"Point","coordinates":[5.155662,52.214432]},"properties":{"chain":"ah","name":"Albert Heijn","street":"Van Hogendorplaan 44","city":"Hilversum","postcode":"1215EH","osm":"node/428595126"}},{"type":"Feature","id":428595127,"geometry":{"type":"Point","coordinates":[5.140949,52.216034]},"properties":{"chain":"ah","name":"Albert Heijn","street":"Kapittelweg 105","city":"Hilversum","postcode":"1216HX","osm":"node/428595127"}},{"type":"Feature","id":428595132,"geometry":{"type":"Point","coordinates":[5.030654,52.134697]},"properties":{"chain":"ah","name":"Albert Heijn","street":"Bisonspoor 1078","city":"Maarssen","postcode":"3605KJ","osm":"node/428595132"}},{"type":"Feature","id":428595133,"geometry":{"type":"Point","coordinates":[5.044672,52.143887]},"properties":{"chain":"ah","name":"Albert Heijn","street":"Dr. Plesmanlaan 138","city":"Maarssen","postcode":"3601DE","osm":"node/428595133"}},{"type":"Feature","id":428595135,"geometry":{"type":"Point","coordinates":[4.658399,52.073688]},"properties":{"chain":"ah","name":"Albert Heijn","street":"Koninginneweg 11B","city":"Boskoop","postcode":"2771DN","osm":"node/428595135"}},{"type":"Feature","id":428860461,"geometry":{"type":"Point","coordinates":[4.297302,52.019758]},"properties":{"chain":"ah","name":"Albert Heijn","street":"Parijsplein 19","city":"'s-Gravenhage","postcode":"2548VL","osm":"node/428860461"}},{"type":"Feature","id":428860467,"geometry":{"type":"Point","coordinates":[5.16194,52.026586]},"properties":{"chain":"ah","name":"Albert Heijn","street":"Plein 13","city":"Houten","postcode":"3991DK","osm":"node/428860467"}},{"type":"Feature","id":429685277,"geometry":{"type":"Point","coordinates":[4.156022,51.760999]},"properties":{"chain":"ah","name":"Albert Heijn","street":"Gedempt Kanaal 99","city":"Middelharnis","postcode":"3241DB","osm":"node/429685277"}},{"type":"Feature","id":429685278,"geometry":{"type":"Point","coordinates":[4.458964,51.904012]},"properties":{"chain":"ah","name":"Albert Heijn","street":"Sint-Jobsweg 116","city":"Rotterdam","postcode":"3024EJ","osm":"node/429685278"}},{"type":"Feature","id":429685279,"geometry":{"type":"Point","coordinates":[4.47687,51.918976]},"properties":{"chain":"ah","name":"Albert Heijn","street":"Lijnbaan 121","city":"Rotterdam","postcode":"3012EN","osm":"node/429685279"}},{"type":"Feature","id":429685286,"geometry":{"type":"Point","coordinates":[4.554058,51.950464]},"properties":{"chain":"ah","name":"Albert Heijn","street":"Poolsterstraat 36","city":"Rotterdam","postcode":"3067LX","osm":"node/429685286"}},{"type":"Feature","id":429685288,"geometry":{"type":"Point","coordinates":[4.509878,51.928154]},"properties":{"chain":"ah","name":"Albert Heijn","street":"Oudedijk 149","city":"Rotterdam","postcode":"3061AA","osm":"node/429685288"}},{"type":"Feature","id":429685289,"geometry":{"type":"Point","coordinates":[4.498672,51.847001]},"properties":{"chain":"ah","name":"Albert Heijn","street":"Van Beuningenhaven 10","city":"Barendrecht","postcode":"2993EH","osm":"node/429685289"}},{"type":"Feature","id":429685291,"geometry":{"type":"Point","coordinates":[4.630295,51.845283]},"properties":{"chain":"ah","name":"Albert Heijn","street":"Reeweg 88","city":"Hendrik-Ido-Ambacht","postcode":"3342AC","osm":"node/429685291"}},{"type":"Feature","id":429685292,"geometry":{"type":"Point","coordinates":[4.657594,51.863857]},"properties":{"chain":"ah","name":"Albert Heijn","street":"Makado-Center 41","city":"Alblasserdam","postcode":"2951EH","osm":"node/429685292"}},{"type":"Feature","id":429685294,"geometry":{"type":"Point","coordinates":[5.065592,51.688239]},"properties":{"chain":"ah","name":"Albert Heijn","street":"De Els 46a","city":"Waalwijk","postcode":"5141HH","osm":"node/429685294"}},{"type":"Feature","id":429685299,"geometry":{"type":"Point","coordinates":[5.302303,51.700933]},"properties":{"chain":"ah","name":"Albert Heijn","street":"Gruttostraat 23","city":"'s-Hertogenbosch","postcode":"5212VM","osm":"node/429685299"}},{"type":"Feature","id":429685301,"geometry":{"type":"Point","coordinates":[4.438901,51.513847]},"properties":{"chain":"ah","name":"Albert Heijn","street":"Tolbergcentrum 160","city":"Roosendaal","postcode":"4708HK","osm":"node/429685301"}},{"type":"Feature","id":429685304,"geometry":{"type":"Point","coordinates":[4.524706,51.589342]},"properties":{"chain":"ah","name":"Albert Heijn","street":"Wagenhoek 9","city":"Oudenbosch","postcode":"4731JB","osm":"node/429685304"}},{"type":"Feature","id":429685305,"geometry":{"type":"Point","coordinates":[4.583144,51.581892]},"properties":{"chain":"ah","name":"Albert Heijn","street":"St. Janstraat 91","city":"Hoeven","postcode":"4741AN","osm":"node/429685305"}},{"type":"Feature","id":429685307,"geometry":{"type":"Point","coordinates":[4.717131,51.604291]},"properties":{"chain":"ah","name":"Albert Heijn","street":"Beeksestraat 55","city":"Prinsenbeek","postcode":"4841GB","osm":"node/429685307"}},{"type":"Feature","id":429685308,"geometry":{"type":"Point","coordinates":[4.783563,51.67448]},"properties":{"chain":"ah","name":"Albert Heijn","street":"Nieuwstraat 104","city":"Made","postcode":"4921CZ","osm":"node/429685308"}},{"type":"Feature","id":429685309,"geometry":{"type":"Point","coordinates":[4.860562,51.643101]},"properties":{"chain":"ah","name":"Albert Heijn","street":"Keiweg 11","city":"Oosterhout","postcode":"4901JD","osm":"node/429685309"}},{"type":"Feature","id":429693772,"geometry":{"type":"Point","coordinates":[6.097337,53.118471]},"properties":{"chain":"aldi","name":"ALDI","street":"Ringweg 16-18","city":"Drachten","postcode":"9201GN","osm":"node/429693772"}},{"type":"Feature","id":429798203,"geometry":{"type":"Point","coordinates":[5.704945,51.254996]},"properties":{"chain":"ah","name":"Albert Heijn","street":"Muntpassage 49","city":"Weert","postcode":"6001GL","osm":"node/429798203"}},{"type":"Feature","id":429798204,"geometry":{"type":"Point","coordinates":[5.778608,51.035966]},"properties":{"chain":"ah","name":"Albert Heijn","street":"Houtstraat 67","city":"Grevenbicht","postcode":"6127EC","osm":"node/429798204"}},{"type":"Feature","id":429798205,"geometry":{"type":"Point","coordinates":[5.700274,50.846554]},"properties":{"chain":"ah","name":"Albert Heijn","street":"Plein 1992 52","city":"Maastricht","postcode":"6221JP","osm":"node/429798205"}},{"type":"Feature","id":429798207,"geometry":{"type":"Point","coordinates":[5.857913,50.890133]},"properties":{"chain":"ah","name":"Albert Heijn","street":"Europaplein 1","city":"Hulsberg","postcode":"6336BE","osm":"node/429798207"}},{"type":"Feature","id":429803226,"geometry":{"type":"Point","coordinates":[5.429009,51.888174]},"properties":{"chain":"ah","name":"Albert Heijn","street":"Molenstraatje 2","city":"Tiel","postcode":"4001CB","osm":"node/429803226"}},{"type":"Feature","id":430401149,"geometry":{"type":"Point","coordinates":[5.04006,52.016888]},"properties":{"chain":"ah","name":"Albert Heijn","street":"Basiliekpad 4","city":"IJsselstein","postcode":"3401BJ","osm":"node/430401149"}},{"type":"Feature","id":430401150,"geometry":{"type":"Point","coordinates":[4.323884,51.842302]},"properties":{"chain":"ah","name":"Albert Heijn","street":"Sterrenhof 18","city":"Spijkenisse","postcode":"3204AT","osm":"node/430401150"}},{"type":"Feature","id":438029318,"geometry":{"type":"Point","coordinates":[5.241487,51.812042]},"properties":{"chain":"ah","name":"Albert Heijn","street":"Steenweg 8a","city":"Zaltbommel","postcode":"5301HL","osm":"node/438029318"}},{"type":"Feature","id":440624768,"geometry":{"type":"Point","coordinates":[5.205864,51.94932]},"properties":{"chain":"lidl","name":"Lidl","street":"Koopmansgildeplein 14","city":"Culemborg","postcode":"4105TX","osm":"node/440624768"}},{"type":"Feature","id":440624769,"geometry":{"type":"Point","coordinates":[5.205556,51.949084]},"properties":{"chain":"plus","name":"PLUS","street":"Koopmansgildeplein 16","city":"Culemborg","postcode":"4105TX","osm":"node/440624769"}},{"type":"Feature","id":440909944,"geometry":{"type":"Point","coordinates":[5.700435,50.85716]},"properties":{"chain":"jumbo","name":"Jumbo","street":"Franciscus Romanusweg 2","city":"Maastricht","postcode":"6221AE","osm":"node/440909944"}},{"type":"Feature","id":441058332,"geometry":{"type":"Point","coordinates":[5.366827,51.710162]},"properties":{"chain":"ah","name":"Albert Heijn Jan Linders","street":"Molenhoekpassage 5","city":"Rosmalen","postcode":"5242CZ","osm":"node/441058332"}},{"type":"Feature","id":441112940,"geometry":{"type":"Point","coordinates":[5.204562,51.797279]},"properties":{"chain":"jumbo","name":"Jumbo","street":"Middelkampseweg 6","city":"Gameren","postcode":"5311PC","osm":"node/441112940"}},{"type":"Feature","id":441896497,"geometry":{"type":"Point","coordinates":[5.221992,51.953037]},"properties":{"chain":"jumbo","name":"Jumbo","osm":"node/441896497"}},{"type":"Feature","id":442572281,"geometry":{"type":"Point","coordinates":[5.892016,51.147182]},"properties":{"chain":"jumbo","name":"Jumbo Roel Heerschap","street":"Markt 2","city":"Maasbracht","postcode":"6051DZ","osm":"node/442572281"}},{"type":"Feature","id":443025223,"geometry":{"type":"Point","coordinates":[5.099741,52.102041]},"properties":{"chain":"plus","name":"PLUS","street":"Plantage 15","city":"Utrecht","postcode":"3551DE","osm":"node/443025223"}},{"type":"Feature","id":447565711,"geometry":{"type":"Point","coordinates":[6.165297,52.253414]},"properties":{"chain":"jumbo","name":"Jumbo","street":"Boreelplein 4","city":"Deventer","postcode":"7411EH","osm":"node/447565711"}},{"type":"Feature","id":448617674,"geometry":{"type":"Point","coordinates":[5.674671,51.476469]},"properties":{"chain":"jumbo","name":"Jumbo","street":"Azalealaan 64","city":"Helmond","postcode":"5701CM","osm":"node/448617674"}},{"type":"Feature","id":450209113,"geometry":{"type":"Point","coordinates":[5.899558,51.891548]},"properties":{"chain":"jumbo","name":"Jumbo","street":"Kloosterplaats 1","city":"Bemmel","postcode":"6681BN","osm":"node/450209113"}},{"type":"Feature","id":459103800,"geometry":{"type":"Point","coordinates":[5.378398,52.16709]},"properties":{"chain":"lidl","name":"Lidl","street":"Balladelaan 208","city":"Amersfoort","postcode":"3813CG","osm":"node/459103800"}},{"type":"Feature","id":464626860,"geometry":{"type":"Point","coordinates":[5.013201,52.084332]},"properties":{"chain":"plus","name":"PLUS","street":"Molenpolder 116","city":"De Meern","postcode":"3453NZ","osm":"node/464626860"}},{"type":"Feature","id":465624278,"geometry":{"type":"Point","coordinates":[6.309385,52.048045]},"properties":{"chain":"aldi","name":"ALDI","street":"Zuivelweg 7","city":"Hengelo (Gld)","postcode":"7255XA","osm":"node/465624278"}},{"type":"Feature","id":469730906,"geometry":{"type":"Point","coordinates":[6.832218,52.433619]},"properties":{"chain":"plus","name":"PLUS Droste","street":"Denekamperweg 190","city":"Vasse","postcode":"7661RL","osm":"node/469730906"}},{"type":"Feature","id":471577933,"geometry":{"type":"Point","coordinates":[4.747862,52.474383]},"properties":{"chain":"ah","name":"Albert Heijn","street":"Dorpsstraat 537A","city":"Assendelft","postcode":"1566BL","osm":"node/471577933"}},{"type":"Feature","id":472337320,"geometry":{"type":"Point","coordinates":[4.479979,52.147523]},"properties":{"chain":"lidl","name":"Lidl","street":"Vijf Meiplein 15","city":"Leiden","postcode":"2321BN","osm":"node/472337320"}},{"type":"Feature","id":472416844,"geometry":{"type":"Point","coordinates":[4.798517,53.055762]},"properties":{"chain":"aldi","name":"ALDI","street":"Wilhelminalaan 99","city":"Den Burg","postcode":"1791AM","osm":"node/472416844"}},{"type":"Feature","id":472763108,"geometry":{"type":"Point","coordinates":[4.700659,52.009515]},"properties":{"chain":"lidl","name":"Lidl","street":"Westerkade 4","city":"Gouda","postcode":"2802SL","osm":"node/472763108"}},{"type":"Feature","id":473055767,"geometry":{"type":"Point","coordinates":[5.971913,51.991602]},"properties":{"chain":"jumbo","name":"Jumbo","street":"IJsselstraat 30","city":"Velp","postcode":"6882LG","osm":"node/473055767"}},{"type":"Feature","id":473091568,"geometry":{"type":"Point","coordinates":[4.839915,52.34923]},"properties":{"chain":"lidl","name":"Lidl","street":"Delflandplein 186","city":"Amsterdam","postcode":"1062HW","osm":"node/473091568"}},{"type":"Feature","id":473485017,"geometry":{"type":"Point","coordinates":[4.883807,52.378644]},"properties":{"chain":"jumbo","name":"Jumbo","street":"Westerstraat 98-102","city":"Amsterdam","postcode":"1015MN","osm":"node/473485017"}},{"type":"Feature","id":476507837,"geometry":{"type":"Point","coordinates":[5.440597,51.48872]},"properties":{"chain":"ah","name":"Albert Heijn Jan Linders","street":"Ardèchelaan 5","city":"Eindhoven","postcode":"5627EM","osm":"node/476507837"}},{"type":"Feature","id":478884809,"geometry":{"type":"Point","coordinates":[4.529957,52.011753]},"properties":{"chain":"ah","name":"Albert Heijn","street":"Dorpsstraat 84","city":"Bleiswijk","postcode":"2665BK","osm":"node/478884809"}},{"type":"Feature","id":480765640,"geometry":{"type":"Point","coordinates":[5.853895,52.451133]},"properties":{"chain":"plus","name":"PLUS","street":"Klokbekerweg 164","city":"Elburg","postcode":"8081JJ","osm":"node/480765640"}},{"type":"Feature","id":482302793,"geometry":{"type":"Point","coordinates":[6.264888,51.952419]},"properties":{"chain":"plus","name":"PLUS","street":"Willy Brandtplein 26","city":"Doetinchem","postcode":"7007LB","osm":"node/482302793"}},{"type":"Feature","id":490604402,"geometry":{"type":"Point","coordinates":[4.534017,52.016865]},"properties":{"chain":"lidl","name":"Lidl","street":"Hoefweg 133","city":"Bleiswijk","postcode":"2665CD","osm":"node/490604402"}},{"type":"Feature","id":494157341,"geometry":{"type":"Point","coordinates":[4.870368,52.366607]},"properties":{"chain":"ah","name":"Albert Heijn","street":"Kinkerstraat 89","city":"Amsterdam","postcode":"1053DJ","osm":"node/494157341"}},{"type":"Feature","id":497878325,"geometry":{"type":"Point","coordinates":[6.59454,53.302441]},"properties":{"chain":"aldi","name":"ALDI","street":"Stationsweg 32","city":"Bedum","postcode":"9781CJ","osm":"node/497878325"}},{"type":"Feature","id":497886293,"geometry":{"type":"Point","coordinates":[6.594725,53.299961]},"properties":{"chain":"jumbo","name":"Jumbo","street":"Noordwolderweg 7","city":"Bedum","postcode":"9781AD","osm":"node/497886293"}},{"type":"Feature","id":497947321,"geometry":{"type":"Point","coordinates":[5.439238,51.418669]},"properties":{"chain":"aldi","name":"ALDI","street":"Kastelenplein 60","city":"Eindhoven","postcode":"5653LP","osm":"node/497947321"}},{"type":"Feature","id":519147574,"geometry":{"type":"Point","coordinates":[4.632366,52.38024]},"properties":{"chain":"jumbo","name":"Jumbo","street":"Gedempte Oude Gracht 66","city":"Haarlem","postcode":"2011GT","osm":"node/519147574"}},{"type":"Feature","id":520594059,"geometry":{"type":"Point","coordinates":[6.561147,53.198179]},"properties":{"chain":"jumbo","name":"Jumbo","street":"Overwinningsplein 7","city":"Groningen","postcode":"9728GP","osm":"node/520594059"}},{"type":"Feature","id":520602624,"geometry":{"type":"Point","coordinates":[6.562492,53.204257]},"properties":{"chain":"aldi","name":"ALDI","street":"Hoornsediep 147-153","city":"Groningen","postcode":"9727GH","osm":"node/520602624"}},{"type":"Feature","id":522435878,"geometry":{"type":"Point","coordinates":[5.023091,52.852396]},"properties":{"chain":"ah","name":"Albert Heijn","street":"Terpstraat 21","city":"Wieringerwerf","postcode":"1771AC","osm":"node/522435878"}},{"type":"Feature","id":523142781,"geometry":{"type":"Point","coordinates":[5.813896,53.214803]},"properties":{"chain":"jumbo","name":"Jumbo","street":"Johannes Kolfplein 1","city":"Leeuwarden","postcode":"8923CX","osm":"node/523142781"}},{"type":"Feature","id":524060076,"geometry":{"type":"Point","coordinates":[5.823136,50.820459]},"properties":{"chain":"plus","name":"PLUS Kleijnen","street":"Amerikaplein 2","city":"Margraten","postcode":"6269DA","osm":"node/524060076"}},{"type":"Feature","id":528446022,"geometry":{"type":"Point","coordinates":[5.829094,50.970698]},"properties":{"chain":"ah","name":"Albert Heijn Jan Linders","street":"Markt 101A","city":"Geleen","postcode":"6161GN","osm":"node/528446022"}},{"type":"Feature","id":533749539,"geometry":{"type":"Point","coordinates":[5.306091,53.389424]},"properties":{"chain":"jumbo","name":"Jumbo","street":"Formerum 16","city":"Formerum","postcode":"8894KE","osm":"node/533749539"}},{"type":"Feature","id":534837719,"geometry":{"type":"Point","coordinates":[5.233308,52.049904]},"properties":{"chain":"jumbo","name":"Jumbo","street":"De Meent 40c","city":"Odijk","postcode":"3984JK","osm":"node/534837719"}},{"type":"Feature","id":535884037,"geometry":{"type":"Point","coordinates":[5.329774,51.690003]},"properties":{"chain":"jumbo","name":"Jumbo","street":"Rivierenplein 26","city":"'s-Hertogenbosch","postcode":"5215CZ","osm":"node/535884037"}},{"type":"Feature","id":538427116,"geometry":{"type":"Point","coordinates":[5.316601,51.67979]},"properties":{"chain":"jumbo","name":"Jumbo Broeren","street":"Pettelaarseweg 375","city":"'s-Hertogenbosch","postcode":"5216BM","osm":"node/538427116"}},{"type":"Feature","id":539071768,"geometry":{"type":"Point","coordinates":[5.326965,51.71686]},"properties":{"chain":"aldi","name":"ALDI","street":"Manis Krijgsmanhof 176","city":"'s-Hertogenbosch","postcode":"5233BV","osm":"node/539071768"}},{"type":"Feature","id":539078336,"geometry":{"type":"Point","coordinates":[4.375331,52.00706]},"properties":{"chain":"plus","name":"PLUS","street":"Nassaulaan 23A","city":"Delft","postcode":"2628GA","osm":"node/539078336"}},{"type":"Feature","id":539828697,"geometry":{"type":"Point","coordinates":[4.80285,52.359172]},"properties":{"chain":"ah","name":"Albert Heijn XL","street":"Osdorpplein 469","city":"Amsterdam","postcode":"1068SZ","osm":"node/539828697"}},{"type":"Feature","id":551263577,"geometry":{"type":"Point","coordinates":[5.230672,51.950669]},"properties":{"chain":"aldi","name":"ALDI","street":"Lanxmeersestraat 17","city":"Culemborg","postcode":"4103XL","osm":"node/551263577"}},{"type":"Feature","id":552550381,"geometry":{"type":"Point","coordinates":[4.868348,52.324498]},"properties":{"chain":"jumbo","name":"Jumbo","street":"Buitenveldertselaan 184","city":"Amsterdam","postcode":"1081AC","osm":"node/552550381"}},{"type":"Feature","id":553084239,"geometry":{"type":"Point","coordinates":[5.439539,51.891447]},"properties":{"chain":"jumbo","name":"Jumbo Kranshof","osm":"node/553084239"}},{"type":"Feature","id":553084242,"geometry":{"type":"Point","coordinates":[5.438757,51.89142]},"properties":{"chain":"lidl","name":"Lidl","street":"De Kranshof 1","city":"Tiel","postcode":"4005DE","osm":"node/553084242"}},{"type":"Feature","id":560115871,"geometry":{"type":"Point","coordinates":[5.152907,52.346063]},"properties":{"chain":"ah","name":"Albert Heijn","street":"Hongarijeplaats 2","city":"Almere","postcode":"1363CA","osm":"node/560115871"}},{"type":"Feature","id":560714249,"geometry":{"type":"Point","coordinates":[6.591461,53.207425]},"properties":{"chain":"jumbo","name":"Jumbo Foodmarkt","street":"Boumaboulevard 525","city":"Groningen","postcode":"9723ZS","osm":"node/560714249"}},{"type":"Feature","id":564187456,"geometry":{"type":"Point","coordinates":[5.399719,51.678911]},"properties":{"chain":"jumbo","name":"Jumbo","street":"Mercuriusplein 67","city":"Berlicum","postcode":"5258AW","osm":"node/564187456"}},{"type":"Feature","id":567904526,"geometry":{"type":"Point","coordinates":[7.062671,52.874311]},"properties":{"chain":"plus","name":"PLUS","street":"De Omloop 1","city":"Ter Apel","postcode":"9561KX","osm":"node/567904526"}},{"type":"Feature","id":568439112,"geometry":{"type":"Point","coordinates":[5.150697,52.034892]},"properties":{"chain":"plus","name":"PLUS","street":"Riddersborch 47","city":"Houten","postcode":"3992BG","osm":"node/568439112"}},{"type":"Feature","id":568597162,"geometry":{"type":"Point","coordinates":[5.112657,52.239943]},"properties":{"chain":"ah","name":"Albert Heijn","street":"Meenthof 37","city":"Kortenhoef","postcode":"1241CZ","osm":"node/568597162"}},{"type":"Feature","id":569279339,"geometry":{"type":"Point","coordinates":[4.939701,52.332709]},"properties":{"chain":"plus","name":"PLUS Kamminga","street":"Dorpsplein 10","city":"Duivendrecht","postcode":"1115CV","osm":"node/569279339"}},{"type":"Feature","id":569688446,"geometry":{"type":"Point","coordinates":[6.137073,52.264753]},"properties":{"chain":"lidl","name":"Lidl","street":"Pieter de Hooghstraat 5","city":"Deventer","postcode":"7412RV","osm":"node/569688446"}},{"type":"Feature","id":570235135,"geometry":{"type":"Point","coordinates":[4.606833,51.96583]},"properties":{"chain":"plus","name":"PLUS","osm":"node/570235135"}},{"type":"Feature","id":571586186,"geometry":{"type":"Point","coordinates":[6.010507,50.817379]},"properties":{"chain":"plus","name":"PLUS","street":"Gasthof 2","city":"Bocholtz","postcode":"6351CM","osm":"node/571586186"}},{"type":"Feature","id":577537153,"geometry":{"type":"Point","coordinates":[6.095065,51.331215]},"properties":{"chain":"plus","name":"PLUS","street":"Grotestraat 11","city":"Baarlo","postcode":"5991AV","osm":"node/577537153"}},{"type":"Feature","id":582783136,"geometry":{"type":"Point","coordinates":[4.482159,52.164738]},"properties":{"chain":"aldi","name":"ALDI","street":"Stationsplein 220","city":"Leiden","postcode":"2312AR","osm":"node/582783136"}},{"type":"Feature","id":588511186,"geometry":{"type":"Point","coordinates":[4.077907,51.54982]},"properties":{"chain":"lidl","name":"Lidl","street":"Markt 23","city":"Sint-Maartensdijk","postcode":"4695CG","osm":"node/588511186"}},{"type":"Feature","id":588656838,"geometry":{"type":"Point","coordinates":[6.004235,50.86434]},"properties":{"chain":"aldi","name":"ALDI","street":"Heerlerbaan 239A","city":"Heerlen","postcode":"6418CE","osm":"node/588656838"}},{"type":"Feature","id":595961641,"geometry":{"type":"Point","coordinates":[4.482597,52.165112]},"properties":{"chain":"jumbo","name":"Jumbo","osm":"node/595961641"}},{"type":"Feature","id":601402028,"geometry":{"type":"Point","coordinates":[5.086129,52.651561]},"properties":{"chain":"ah","name":"Albert Heijn","street":"Aagje Dekenplein 29","city":"Hoorn","postcode":"1628NX","osm":"node/601402028"}},{"type":"Feature","id":602218561,"geometry":{"type":"Point","coordinates":[5.1889,52.232979]},"properties":{"chain":"jumbo","name":"Jumbo","street":"Larenseweg 155","city":"Hilversum","postcode":"1221CL","osm":"node/602218561"}},{"type":"Feature","id":610483151,"geometry":{"type":"Point","coordinates":[7.002397,52.374245]},"properties":{"chain":"jumbo","name":"Jumbo Kuipers","street":"Lange Voor 10","city":"Denekamp","postcode":"7591GE","osm":"node/610483151"}},{"type":"Feature","id":610812370,"geometry":{"type":"Point","coordinates":[5.711173,51.385729]},"properties":{"chain":"jumbo","name":"Jumbo","street":"Speelheuvelstraat 5","city":"Someren","postcode":"5711AS","osm":"node/610812370"}},{"type":"Feature","id":613599784,"geometry":{"type":"Point","coordinates":[4.292022,51.48524]},"properties":{"chain":"lidl","name":"Lidl","street":"Antwerpsestraatweg 100","city":"Bergen op Zoom","postcode":"4615AV","osm":"node/613599784"}},{"type":"Feature","id":614931797,"geometry":{"type":"Point","coordinates":[6.55356,53.233625]},"properties":{"chain":"lidl","name":"Lidl","street":"Eikenlaan 19","city":"Groningen","postcode":"9741EH","osm":"node/614931797"}},{"type":"Feature","id":621911141,"geometry":{"type":"Point","coordinates":[4.393177,51.358361]},"properties":{"chain":"jumbo","name":"Jumbo","street":"Tervoplein 34","city":"Putte","postcode":"4645HR","osm":"node/621911141"}},{"type":"Feature","id":628419763,"geometry":{"type":"Point","coordinates":[6.60704,52.849851]},"properties":{"chain":"jumbo","name":"Jumbo","street":"Burgemeester Gualthérie van Weezelplein 8","city":"Westerbork","postcode":"9431AG","osm":"node/628419763"}},{"type":"Feature","id":631764539,"geometry":{"type":"Point","coordinates":[5.301243,51.687166]},"properties":{"chain":"ah","name":"Albert Heijn","street":"Vughterstraat 46","city":"'s-Hertogenbosch","postcode":"5211GJ","osm":"node/631764539"}},{"type":"Feature","id":632108060,"geometry":{"type":"Point","coordinates":[6.054501,51.455746]},"properties":{"chain":"aldi","name":"ALDI","street":"Loevestraat 55","city":"Horst","postcode":"5961TW","osm":"node/632108060"}},{"type":"Feature","id":643235084,"geometry":{"type":"Point","coordinates":[5.307285,51.726631]},"properties":{"chain":"jumbo","name":"Jumbo","street":"Lokerenpassage 138","city":"'s-Hertogenbosch","postcode":"5235KS","osm":"node/643235084"}},{"type":"Feature","id":648041585,"geometry":{"type":"Point","coordinates":[5.671769,51.602447]},"properties":{"chain":"plus","name":"PLUS","street":"Sint Agathaplein 10","city":"Boekel","postcode":"5427AB","osm":"node/648041585"}},{"type":"Feature","id":649055030,"geometry":{"type":"Point","coordinates":[6.568125,53.207831]},"properties":{"chain":"plus","name":"PLUS","street":"Vechtstraat 131","city":"Groningen","postcode":"9725CT","osm":"node/649055030"}},{"type":"Feature","id":649810754,"geometry":{"type":"Point","coordinates":[4.069309,51.874259]},"properties":{"chain":"plus","name":"PLUS","street":"Dorpsplein 22","city":"Rockanje","postcode":"3235AD","osm":"node/649810754"}},{"type":"Feature","id":650166739,"geometry":{"type":"Point","coordinates":[6.603236,53.171958]},"properties":{"chain":"jumbo","name":"Jumbo Haren","street":"Kroonkampweg 10","city":"Haren Gn","postcode":"9752KH","osm":"node/650166739"}},{"type":"Feature","id":656208041,"geometry":{"type":"Point","coordinates":[6.649872,52.338313]},"properties":{"chain":"plus","name":"PLUS Brughuis","street":"Van Riemsdijkplein 30","city":"Almelo","postcode":"7606ZA","osm":"node/656208041"}},{"type":"Feature","id":659423108,"geometry":{"type":"Point","coordinates":[7.059519,52.874894]},"properties":{"chain":"jumbo","name":"Jumbo","street":"Nederveen Cappelstraat 41","city":"Ter Apel","postcode":"9561KM","osm":"node/659423108"}},{"type":"Feature","id":660850873,"geometry":{"type":"Point","coordinates":[5.363011,51.718174]},"properties":{"chain":"jumbo","name":"Jumbo","street":"Vreeburg 10","city":"Rosmalen","postcode":"5241EJ","osm":"node/660850873"}},{"type":"Feature","id":663081650,"geometry":{"type":"Point","coordinates":[6.773674,52.269981]},"properties":{"chain":"jumbo","name":"Jumbo","street":"Woolderesweg 149","city":"Hengelo","postcode":"7555LL","osm":"node/663081650"}},{"type":"Feature","id":663312354,"geometry":{"type":"Point","coordinates":[4.535093,51.960645]},"properties":{"chain":"plus","name":"PLUS","street":"Binnenhof 2","city":"Rotterdam","postcode":"3069KV","osm":"node/663312354"}},{"type":"Feature","id":663312563,"geometry":{"type":"Point","coordinates":[4.534415,51.959453]},"properties":{"chain":"lidl","name":"Lidl","street":"Niels Bohrplaats 25","city":"Rotterdam","postcode":"3068JK","osm":"node/663312563"}},{"type":"Feature","id":663429082,"geometry":{"type":"Point","coordinates":[6.211092,52.857171]},"properties":{"chain":"plus","name":"PLUS Simonides","street":"Dorpsstraat 32","city":"Vledder","postcode":"8381AN","osm":"node/663429082"}},{"type":"Feature","id":664567159,"geometry":{"type":"Point","coordinates":[4.832536,52.861792]},"properties":{"chain":"ah","name":"Albert Heijn","street":"Doorlaat 1","city":"Anna Paulowna","postcode":"1761AW","osm":"node/664567159"}},{"type":"Feature","id":664901971,"geometry":{"type":"Point","coordinates":[4.402652,52.09776]},"properties":{"chain":"plus","name":"PLUS","street":"Prins Frederiklaan 185","city":"Leidschendam","postcode":"2263HA","osm":"node/664901971"}},{"type":"Feature","id":665135494,"geometry":{"type":"Point","coordinates":[4.4985,51.847066]},"properties":{"chain":"jumbo","name":"Jumbo","street":"Van Beuningenhaven 4","city":"Barendrecht","postcode":"2993EH","osm":"node/665135494"}},{"type":"Feature","id":669333574,"geometry":{"type":"Point","coordinates":[5.115164,52.100557]},"properties":{"chain":"jumbo","name":"Jumbo","street":"Merelstraat 46","city":"Utrecht","postcode":"3514CN","osm":"node/669333574"}},{"type":"Feature","id":669950789,"geometry":{"type":"Point","coordinates":[5.129937,52.095378]},"properties":{"chain":"jumbo","name":"Jumbo","street":"Biltstraat 74","city":"Utrecht","postcode":"3572BG","osm":"node/669950789"}},{"type":"Feature","id":671742462,"geometry":{"type":"Point","coordinates":[5.878045,51.83685]},"properties":{"chain":"plus","name":"PLUS","street":"Tooropstraat 16-26","city":"Nijmegen","postcode":"6521NP","osm":"node/671742462"}},{"type":"Feature","id":679306374,"geometry":{"type":"Point","coordinates":[6.667078,52.351174]},"properties":{"chain":"plus","name":"PLUS Van Limbeek","street":"Bornsestraat 50","city":"Almelo","postcode":"7607KP","osm":"node/679306374"}},{"type":"Feature","id":689033007,"geometry":{"type":"Point","coordinates":[5.449541,51.483036]},"properties":{"chain":"jumbo","name":"Jumbo","street":"Biarritzplein 37","city":"Eindhoven","postcode":"5627LE","osm":"node/689033007"}},{"type":"Feature","id":691229830,"geometry":{"type":"Point","coordinates":[7.059533,52.874584]},"properties":{"chain":"lidl","name":"Lidl","street":"Nederveen Cappelstraat 45","city":"Ter Apel","postcode":"9561KM","osm":"node/691229830"}},{"type":"Feature","id":693197645,"geometry":{"type":"Point","coordinates":[4.339818,51.910466]},"properties":{"chain":"ah","name":"Albert Heijn","osm":"node/693197645"}},{"type":"Feature","id":703652004,"geometry":{"type":"Point","coordinates":[4.766074,52.634363]},"properties":{"chain":"ah","name":"Albert Heijn","street":"Oudorperplein 27","city":"Alkmaar","postcode":"1823HA","osm":"node/703652004"}},{"type":"Feature","id":705590372,"geometry":{"type":"Point","coordinates":[4.786225,51.930637]},"properties":{"chain":"lidl","name":"Lidl","street":"Hof ter Bergen 20","city":"Bergambacht","postcode":"2861DR","osm":"node/705590372"}},{"type":"Feature","id":707011000,"geometry":{"type":"Point","coordinates":[4.533186,51.662924]},"properties":{"chain":"ah","name":"Albert Heijn","street":"Doorsteek 9","city":"Klundert","postcode":"4791HR","osm":"node/707011000"}},{"type":"Feature","id":708638386,"geometry":{"type":"Point","coordinates":[6.791817,52.276871]},"properties":{"chain":"aldi","name":"ALDI","street":"Uitslagsweg 95-9","city":"Hengelo","postcode":"7556LN","osm":"node/708638386"}},{"type":"Feature","id":724185674,"geometry":{"type":"Point","coordinates":[4.669,51.986656]},"properties":{"chain":"aldi","name":"ALDI","street":"De Smidse 17","city":"Moordrecht","postcode":"2841XW","osm":"node/724185674"}},{"type":"Feature","id":726498302,"geometry":{"type":"Point","coordinates":[4.270092,52.06209]},"properties":{"chain":"ah","name":"Albert Heijn","street":"Escamplaan 281","city":"'s-Gravenhage","postcode":"2547EA","osm":"node/726498302"}},{"type":"Feature","id":728556624,"geometry":{"type":"Point","coordinates":[4.969694,52.49394]},"properties":{"chain":"ah","name":"Albert Heijn","street":"Van Burgplein 5-6","city":"Purmerend","postcode":"1447KP","osm":"node/728556624"}},{"type":"Feature","id":747508440,"geometry":{"type":"Point","coordinates":[4.950562,51.974726]},"properties":{"chain":"plus","name":"PLUS Van Velzen","street":"President Kennedylaan 2A","city":"Lopik","postcode":"3411BR","osm":"node/747508440"}},{"type":"Feature","id":761140102,"geometry":{"type":"Point","coordinates":[5.180313,52.032157]},"properties":{"chain":"jumbo","name":"Jumbo","street":"Odijkseweg 57a","city":"Houten","postcode":"3994AS","osm":"node/761140102"}},{"type":"Feature","id":761215756,"geometry":{"type":"Point","coordinates":[4.906696,52.343208]},"properties":{"chain":"ah","name":"Albert Heijn","street":"Rijnstraat 139-155","city":"Amsterdam","postcode":"1079HC","osm":"node/761215756"}},{"type":"Feature","id":762699945,"geometry":{"type":"Point","coordinates":[6.610882,52.13338]},"properties":{"chain":"jumbo","name":"Jumbo Leussink","street":"Zwaluwstraat 11","city":"Neede","postcode":"7161GX","osm":"node/762699945"}},{"type":"Feature","id":769037461,"geometry":{"type":"Point","coordinates":[5.308096,52.164502]},"properties":{"chain":"jumbo","name":"Jumbo Arnaud van de Graaf","street":"Zuidpromenade 6","city":"Soest","postcode":"3768EM","osm":"node/769037461"}},{"type":"Feature","id":775284050,"geometry":{"type":"Point","coordinates":[6.602652,53.300927]},"properties":{"chain":"plus","name":"PLUS","street":"Grotestraat 13","city":"Bedum","postcode":"9781HA","osm":"node/775284050"}},{"type":"Feature","id":784066328,"geometry":{"type":"Point","coordinates":[6.492853,53.149359]},"properties":{"chain":"plus","name":"PLUS","street":"Hoofdstraat 5","city":"Peize","postcode":"9321CB","osm":"node/784066328"}},{"type":"Feature","id":792274227,"geometry":{"type":"Point","coordinates":[5.407981,51.418526]},"properties":{"chain":"jumbo","name":"Jumbo","street":"Pleintjes 122","city":"Veldhoven","postcode":"5501EC","osm":"node/792274227"}},{"type":"Feature","id":792532648,"geometry":{"type":"Point","coordinates":[6.08555,51.325135]},"properties":{"chain":"aldi","name":"ALDI","street":"Diepenbroeklaan 1","city":"Baarlo","postcode":"5991PT","osm":"node/792532648"}},{"type":"Feature","id":792621117,"geometry":{"type":"Point","coordinates":[4.895887,52.378478]},"properties":{"chain":"ah","name":"Albert Heijn","street":"Prins Hendrikkade 20","city":"Amsterdam","postcode":"1012TL","osm":"node/792621117"}},{"type":"Feature","id":792621118,"geometry":{"type":"Point","coordinates":[4.752142,52.48839]},"properties":{"chain":"ah","name":"Albert Heijn","street":"Kaaikhof 22","city":"Assendelft","postcode":"1567JP","osm":"node/792621118"}},{"type":"Feature","id":792621120,"geometry":{"type":"Point","coordinates":[5.396361,52.186567]},"properties":{"chain":"ah","name":"Albert Heijn","street":"Emiclaerhof 142","city":"Amersfoort","postcode":"3823ER","osm":"node/792621120"}},{"type":"Feature","id":792621123,"geometry":{"type":"Point","coordinates":[5.526547,51.77224]},"properties":{"chain":"ah","name":"Albert Heijn","street":"Burchtplein 80","city":"Oss","postcode":"5341VE","osm":"node/792621123"}},{"type":"Feature","id":792621127,"geometry":{"type":"Point","coordinates":[4.309716,52.075487]},"properties":{"chain":"ah","name":"Albert Heijn","street":"Grote Marktstraat 5-7","city":"'s-Gravenhage","postcode":"2511BH","osm":"node/792621127"}},{"type":"Feature","id":792621129,"geometry":{"type":"Point","coordinates":[6.644441,52.102659]},"properties":{"chain":"ah","name":"Albert Heijn","street":"Laagte 2","city":"Eibergen","postcode":"7151BS","osm":"node/792621129"}},{"type":"Feature","id":792621131,"geometry":{"type":"Point","coordinates":[5.049363,51.56209]},"properties":{"chain":"ah","name":"Albert Heijn","street":"Professor de Moorplein 124","city":"Tilburg","postcode":"5037DN","osm":"node/792621131"}},{"type":"Feature","id":792621132,"geometry":{"type":"Point","coordinates":[4.296527,52.08532]},"properties":{"chain":"ah","name":"Albert Heijn","street":"Laan van Meerdervoort 52","city":"'s-Gravenhage","postcode":"2517AM","osm":"node/792621132"}},{"type":"Feature","id":792621135,"geometry":{"type":"Point","coordinates":[4.583091,51.980319]},"properties":{"chain":"ah","name":"Albert Heijn","street":"Maltaplein 52","city":"Rotterdam","postcode":"3059XW","osm":"node/792621135"}},{"type":"Feature","id":792621136,"geometry":{"type":"Point","coordinates":[5.712876,51.930337]},"properties":{"chain":"ah","name":"Albert Heijn","street":"Beatrixplein 15","city":"Zetten","postcode":"6671KA","osm":"node/792621136"}},{"type":"Feature","id":792681620,"geometry":{"type":"Point","coordinates":[5.409383,51.411927]},"properties":{"chain":"jumbo","name":"Jumbo","street":"Burgemeester van Hooffln 12","city":"Veldhoven","postcode":"5503BN","osm":"node/792681620"}},{"type":"Feature","id":793552119,"geometry":{"type":"Point","coordinates":[3.819797,51.471689]},"properties":{"chain":"jumbo","name":"Jumbo","street":"Stenevate 2","city":"Heinkenszand","postcode":"4451KB","osm":"node/793552119"}},{"type":"Feature","id":799550526,"geometry":{"type":"Point","coordinates":[4.313855,52.028583]},"properties":{"chain":"lidl","name":"Lidl","street":"Dr H.J. van Mooklaan 133","city":"Rijswijk","postcode":"2286BC","osm":"node/799550526"}},{"type":"Feature","id":801566143,"geometry":{"type":"Point","coordinates":[4.745019,52.633701]},"properties":{"chain":"jumbo","name":"Jumbo","street":"Paardenmarkt 2","city":"Alkmaar","postcode":"1811KH","osm":"node/801566143"}},{"type":"Feature","id":809901022,"geometry":{"type":"Point","coordinates":[5.290085,51.727479]},"properties":{"chain":"plus","name":"PLUS","street":"Goulmy en Baarplein 74","city":"'s-Hertogenbosch","postcode":"5237PW","osm":"node/809901022"}},{"type":"Feature","id":812598752,"geometry":{"type":"Point","coordinates":[5.665651,53.035]},"properties":{"chain":"aldi","name":"ALDI","osm":"node/812598752"}},{"type":"Feature","id":817939945,"geometry":{"type":"Point","coordinates":[5.830727,53.094305]},"properties":{"chain":"jumbo","name":"Jumbo","street":"Stationsweg 38f","city":"Grou","postcode":"9001EH","osm":"node/817939945"}},{"type":"Feature","id":820638195,"geometry":{"type":"Point","coordinates":[5.9268,51.829376]},"properties":{"chain":"jumbo","name":"Jumbo Nico de Witt","street":"Waterstraat 27","city":"Beek","postcode":"6573AA","osm":"node/820638195"}},{"type":"Feature","id":827526548,"geometry":{"type":"Point","coordinates":[4.635432,52.382995]},"properties":{"chain":"jumbo","name":"Jumbo","street":"Kruisstraat 51","city":"Haarlem","postcode":"2011PW","osm":"node/827526548"}},{"type":"Feature","id":839684555,"geometry":{"type":"Point","coordinates":[4.709917,52.012103]},"properties":{"chain":"ah","name":"Albert Heijn","street":"Markt 50","city":"Gouda","postcode":"2801JL","osm":"node/839684555"}},{"type":"Feature","id":839809287,"geometry":{"type":"Point","coordinates":[5.326464,51.73008]},"properties":{"chain":"plus","name":"PLUS William en Ursula Paans","street":"Brink 5","city":"'s-Hertogenbosch","postcode":"5236AR","osm":"node/839809287"}},{"type":"Feature","id":845332776,"geometry":{"type":"Point","coordinates":[4.274522,52.025276]},"properties":{"chain":"jumbo","name":"Jumbo Koornneef","street":"Vliethof 6","city":"Wateringen","postcode":"2291RX","osm":"node/845332776"}},{"type":"Feature","id":849422214,"geometry":{"type":"Point","coordinates":[6.187174,51.369786]},"properties":{"chain":"jumbo","name":"Jumbo","street":"Vinckenhofstraat 90","city":"Venlo","postcode":"5913EG","osm":"node/849422214"}},{"type":"Feature","id":850100306,"geometry":{"type":"Point","coordinates":[5.988002,53.324994]},"properties":{"chain":"lidl","name":"Lidl","street":"Wâlddyk 1","city":"Dokkum","postcode":"9101BK","osm":"node/850100306"}},{"type":"Feature","id":850630127,"geometry":{"type":"Point","coordinates":[6.642599,52.574852]},"properties":{"chain":"plus","name":"PLUS","street":"Floralaan 46","city":"Hardenberg","postcode":"7772LL","osm":"node/850630127"}},{"type":"Feature","id":850636385,"geometry":{"type":"Point","coordinates":[6.547278,53.219487]},"properties":{"chain":"jumbo","name":"Jumbo","street":"Wilhelminakade 21","city":"Groningen","postcode":"9717AB","osm":"node/850636385"}},{"type":"Feature","id":861397290,"geometry":{"type":"Point","coordinates":[6.213833,51.959692]},"properties":{"chain":"plus","name":"PLUS","osm":"node/861397290"}},{"type":"Feature","id":861655582,"geometry":{"type":"Point","coordinates":[4.654389,51.585627]},"properties":{"chain":"lidl","name":"Lidl","street":"Van Bergenplein 8","city":"Etten-Leur","postcode":"4871CE","osm":"node/861655582"}},{"type":"Feature","id":871805832,"geometry":{"type":"Point","coordinates":[5.955706,52.681757]},"properties":{"chain":"plus","name":"PLUS","street":"Doelenstraat 14","city":"Vollenhove","postcode":"8325CC","osm":"node/871805832"}},{"type":"Feature","id":877254070,"geometry":{"type":"Point","coordinates":[5.666471,50.850279]},"properties":{"chain":"jumbo","name":"Jumbo","street":"Brusselsepoort 19","city":"Maastricht","postcode":"6216CE","osm":"node/877254070"}},{"type":"Feature","id":879221616,"geometry":{"type":"Point","coordinates":[4.575006,52.044044]},"properties":{"chain":"plus","name":"PLUS","street":"Kerkplein 1","city":"Moerkapelle","postcode":"2751EA","osm":"node/879221616"}},{"type":"Feature","id":879350220,"geometry":{"type":"Point","coordinates":[4.971187,51.830634]},"properties":{"chain":"plus","name":"PLUS Tim Walg","street":"Westwagenstraat 40","city":"Gorinchem","postcode":"4201HJ","osm":"node/879350220"}},{"type":"Feature","id":891620171,"geometry":{"type":"Point","coordinates":[5.054468,52.657592]},"properties":{"chain":"lidl","name":"Lidl","street":"De Huesmolen 158","city":"Hoorn","postcode":"1625HX","osm":"node/891620171"}},{"type":"Feature","id":892744525,"geometry":{"type":"Point","coordinates":[5.093879,52.126058]},"properties":{"chain":"jumbo","name":"Jumbo","street":"Franciscusdreef 88","city":"Utrecht","postcode":"3565AD","osm":"node/892744525"}},{"type":"Feature","id":892753948,"geometry":{"type":"Point","coordinates":[5.46175,52.50284]},"properties":{"chain":"plus","name":"PLUS","street":"Botter 44 31","city":"Lelystad","postcode":"8243JE","osm":"node/892753948"}},{"type":"Feature","id":893335775,"geometry":{"type":"Point","coordinates":[5.70851,50.777421]},"properties":{"chain":"plus","name":"PLUS Raymond en Esther Custers","street":"Cramignonstraat 1","city":"Eijsden","postcode":"6245CP","osm":"node/893335775"}},{"type":"Feature","id":898863049,"geometry":{"type":"Point","coordinates":[5.724507,51.799927]},"properties":{"chain":"jumbo","name":"Jumbo","street":"Zuiderpoort 12-14","city":"Wijchen","postcode":"6605HN","osm":"node/898863049"}},{"type":"Feature","id":902461029,"geometry":{"type":"Point","coordinates":[4.546802,51.872573]},"properties":{"chain":"lidl","name":"Lidl","street":"Pesetastraat 50","city":"Barendrecht","postcode":"2991XT","osm":"node/902461029"}},{"type":"Feature","id":904020192,"geometry":{"type":"Point","coordinates":[4.860445,52.351761]},"properties":{"chain":"jumbo","name":"Jumbo","street":"Hendrik Jacobszstraat 9","city":"Amsterdam","postcode":"1075PA","osm":"node/904020192"}},{"type":"Feature","id":905787555,"geometry":{"type":"Point","coordinates":[6.428638,53.138766]},"properties":{"chain":"aldi","name":"ALDI","street":"Padkamp 23","city":"Roden","postcode":"9301AW","osm":"node/905787555"}},{"type":"Feature","id":918015417,"geometry":{"type":"Point","coordinates":[5.112346,52.080706]},"properties":{"chain":"plus","name":"PLUS","street":"Croeselaan 297","city":"Utrecht","postcode":"3521BT","osm":"node/918015417"}},{"type":"Feature","id":918882204,"geometry":{"type":"Point","coordinates":[5.14071,52.082679]},"properties":{"chain":"plus","name":"PLUS","street":"Adriaen van Ostadelaan 40","city":"Utrecht","postcode":"3583AJ","osm":"node/918882204"}},{"type":"Feature","id":928525002,"geometry":{"type":"Point","coordinates":[4.54879,51.940244]},"properties":{"chain":"jumbo","name":"Jumbo","street":"Samuel Esmeijerplein 21","city":"Rotterdam","postcode":"3067AP","osm":"node/928525002"}},{"type":"Feature","id":929208257,"geometry":{"type":"Point","coordinates":[6.406932,52.15757]},"properties":{"chain":"plus","name":"PLUS","street":"Albert Hahnweg 97","city":"Lochem","postcode":"7242EC","osm":"node/929208257"}},{"type":"Feature","id":947928477,"geometry":{"type":"Point","coordinates":[5.158769,51.362577]},"properties":{"chain":"jumbo","name":"Jumbo","street":"Schoolstraat 19","city":"Reusel","postcode":"5541EE","osm":"node/947928477"}},{"type":"Feature","id":954739091,"geometry":{"type":"Point","coordinates":[6.774442,52.257886]},"properties":{"chain":"plus","name":"PLUS","street":"Agathaplein 100","city":"Hengelo","postcode":"7555HH","osm":"node/954739091"}},{"type":"Feature","id":963498491,"geometry":{"type":"Point","coordinates":[4.897888,52.365416]},"properties":{"chain":"ah","name":"Albert Heijn","street":"Utrechtsestraat 17","city":"Amsterdam","postcode":"1017VH","osm":"node/963498491"}},{"type":"Feature","id":963511558,"geometry":{"type":"Point","coordinates":[5.44754,52.510535]},"properties":{"chain":"aldi","name":"ALDI","street":"Jol 3525","city":"Lelystad","postcode":"8243HG","osm":"node/963511558"}},{"type":"Feature","id":968146455,"geometry":{"type":"Point","coordinates":[6.154804,51.332989]},"properties":{"chain":"plus","name":"PLUS Verbeeten","street":"Glazenapstraat 21","city":"Tegelen","postcode":"5932TV","osm":"node/968146455"}},{"type":"Feature","id":968886944,"geometry":{"type":"Point","coordinates":[6.113655,51.312252]},"properties":{"chain":"jumbo","name":"Jumbo","street":"Muldersplein 10","city":"Belfeld","postcode":"5951CZ","osm":"node/968886944"}},{"type":"Feature","id":976140132,"geometry":{"type":"Point","coordinates":[5.51414,51.769936]},"properties":{"chain":"jumbo","name":"Jumbo","street":"Vierhoeksingel 7","city":"Oss","postcode":"5341PN","osm":"node/976140132"}},{"type":"Feature","id":981750573,"geometry":{"type":"Point","coordinates":[6.145336,51.420339]},"properties":{"chain":"ah","name":"Albert Heijn Jan Linders","street":"Kloosterstraat 70","city":"Grubbenvorst","postcode":"5971BD","osm":"node/981750573"}},{"type":"Feature","id":986834371,"geometry":{"type":"Point","coordinates":[5.744641,51.405308]},"properties":{"chain":"plus","name":"PLUS","street":"Burgemeester Ruttenplein 4","city":"Asten","postcode":"5721DX","osm":"node/986834371"}},{"type":"Feature","id":988736780,"geometry":{"type":"Point","coordinates":[4.992644,51.836814]},"properties":{"chain":"plus","name":"PLUS Elbert van den Doel","street":"Dr. H.B. Wiardi Beckmanplein 37","city":"Gorinchem","postcode":"4207NA","osm":"node/988736780"}},{"type":"Feature","id":989062341,"geometry":{"type":"Point","coordinates":[5.455214,52.175137]},"properties":{"chain":"jumbo","name":"Jumbo","street":"Westerdorpsstraat 23","city":"Hoevelaken","postcode":"3871AT","osm":"node/989062341"}},{"type":"Feature","id":989179942,"geometry":{"type":"Point","coordinates":[6.049324,51.291502]},"properties":{"chain":"plus","name":"PLUS Phicoop Kessel","street":"Baarskampstraat 29","city":"Kessel","postcode":"5995AT","osm":"node/989179942"}},{"type":"Feature","id":991166491,"geometry":{"type":"Point","coordinates":[4.361657,51.833475]},"properties":{"chain":"jumbo","name":"Jumbo","street":"Hadewychplaats 32","city":"Spijkenisse","postcode":"3207KG","osm":"node/991166491"}},{"type":"Feature","id":993217736,"geometry":{"type":"Point","coordinates":[5.426904,53.165506]},"properties":{"chain":"plus","name":"PLUS","street":"Kimswerderweg 48","city":"Harlingen","postcode":"8862TS","osm":"node/993217736"}},{"type":"Feature","id":997320439,"geometry":{"type":"Point","coordinates":[6.626873,52.413426]},"properties":{"chain":"plus","name":"PLUS","street":"Westeinde 20","city":"Vriezenveen","postcode":"7671CC","osm":"node/997320439"}},{"type":"Feature","id":997477608,"geometry":{"type":"Point","coordinates":[4.876657,52.364107]},"properties":{"chain":"lidl","name":"Lidl","street":"Alberdingk Thijmstraat 21","city":"Amsterdam","postcode":"1054AH","osm":"node/997477608"}},{"type":"Feature","id":1001109349,"geometry":{"type":"Point","coordinates":[5.666316,51.968763]},"properties":{"chain":"lidl","name":"Lidl","street":"Stadsbrink 4","city":"Wageningen","postcode":"6701AL","osm":"node/1001109349"}},{"type":"Feature","id":1011178876,"geometry":{"type":"Point","coordinates":[5.248136,52.088909]},"properties":{"chain":"jumbo","name":"Jumbo","street":"Korte Steynlaan 2","city":"Zeist","postcode":"3701EX","osm":"node/1011178876"}},{"type":"Feature","id":1013260573,"geometry":{"type":"Point","coordinates":[5.461123,52.002438]},"properties":{"chain":"jumbo","name":"Jumbo","street":"Koenestraat 36","city":"Amerongen","postcode":"3958XH","osm":"node/1013260573"}},{"type":"Feature","id":1037077725,"geometry":{"type":"Point","coordinates":[5.627421,51.934184]},"properties":{"chain":"ah","name":"Albert Heijn","street":"Swaenenstate 4","city":"Opheusden","postcode":"4043KE","osm":"node/1037077725"}},{"type":"Feature","id":1049624214,"geometry":{"type":"Point","coordinates":[5.914312,52.953257]},"properties":{"chain":"jumbo","name":"Jumbo","street":"Jister 29","city":"Heerenveen","postcode":"8446CE","osm":"node/1049624214"}},{"type":"Feature","id":1079745376,"geometry":{"type":"Point","coordinates":[5.039568,52.009913]},"properties":{"chain":"plus","name":"PLUS J. Schimmel","street":"Praagsingel 62","city":"IJsselstein","postcode":"3404CD","osm":"node/1079745376"}},{"type":"Feature","id":1106257621,"geometry":{"type":"Point","coordinates":[6.861491,53.320726]},"properties":{"chain":"plus","name":"PLUS","street":"Ossedrift 1","city":"Appingedam","postcode":"9901JH","osm":"node/1106257621"}},{"type":"Feature","id":1117360838,"geometry":{"type":"Point","coordinates":[5.260698,51.744609]},"properties":{"chain":"jumbo","name":"Jumbo","street":"Kasteellaan 5","city":"Hedel","postcode":"5321GL","osm":"node/1117360838"}},{"type":"Feature","id":1117360953,"geometry":{"type":"Point","coordinates":[5.260775,51.743914]},"properties":{"chain":"aldi","name":"ALDI","street":"Raadhuis 5","city":"Hedel","postcode":"5321HL","osm":"node/1117360953"}},{"type":"Feature","id":1124720087,"geometry":{"type":"Point","coordinates":[6.037239,52.386254]},"properties":{"chain":"plus","name":"PLUS","street":"Brandstraat 1","city":"Heerde","postcode":"8181GC","osm":"node/1124720087"}},{"type":"Feature","id":1134501178,"geometry":{"type":"Point","coordinates":[6.586568,52.359407]},"properties":{"chain":"lidl","name":"Lidl","street":"Nijverdalsestraat 56","city":"Wierden","postcode":"7642AE","osm":"node/1134501178"}},{"type":"Feature","id":1139259103,"geometry":{"type":"Point","coordinates":[5.70864,52.843465]},"properties":{"chain":"jumbo","name":"Jumbo","street":"Stationsweg 4","city":"Lemmer","postcode":"8531HH","osm":"node/1139259103"}},{"type":"Feature","id":1139259106,"geometry":{"type":"Point","coordinates":[5.708024,52.843591]},"properties":{"chain":"aldi","name":"ALDI","street":"Stationsweg 6","city":"Lemmer","postcode":"8531HH","osm":"node/1139259106"}},{"type":"Feature","id":1147948839,"geometry":{"type":"Point","coordinates":[4.935104,52.215758]},"properties":{"chain":"ah","name":"Albert Heijn","street":"Herenweg 71","city":"Vinkeveen","postcode":"3645DG","osm":"node/1147948839"}},{"type":"Feature","id":1156367975,"geometry":{"type":"Point","coordinates":[4.481637,52.221045]},"properties":{"chain":"plus","name":"PLUS Van Dijk","street":"Herenstraat 45","city":"Voorhout","postcode":"2215KD","osm":"node/1156367975"}},{"type":"Feature","id":1170630067,"geometry":{"type":"Point","coordinates":[5.602618,52.324875]},"properties":{"chain":"aldi","name":"ALDI","street":"Tonselsedreef 349","city":"Harderwijk","postcode":"3845DT","osm":"node/1170630067"}},{"type":"Feature","id":1173628726,"geometry":{"type":"Point","coordinates":[5.976364,52.199829]},"properties":{"chain":"aldi","name":"ALDI","street":"Monseigneur Nolensstraat 43","city":"Apeldoorn","postcode":"7331RC","osm":"node/1173628726"}},{"type":"Feature","id":1215770776,"geometry":{"type":"Point","coordinates":[4.132525,51.838254]},"properties":{"chain":"plus","name":"PLUS","osm":"node/1215770776"}},{"type":"Feature","id":1234188914,"geometry":{"type":"Point","coordinates":[6.911093,53.335617]},"properties":{"chain":"jumbo","name":"Jumbo","street":"De Wending 11","city":"Delfzijl","postcode":"9933KM","osm":"node/1234188914"}},{"type":"Feature","id":1237229399,"geometry":{"type":"Point","coordinates":[5.643841,52.042686]},"properties":{"chain":"jumbo","name":"Jumbo","street":"Bellestein 63","city":"Ede","postcode":"6714DP","osm":"node/1237229399"}},{"type":"Feature","id":1237451343,"geometry":{"type":"Point","coordinates":[6.052367,51.452027]},"properties":{"chain":"plus","name":"PLUS Lucassen","street":"Patronaat 13c","city":"Horst","postcode":"5961TD","osm":"node/1237451343"}},{"type":"Feature","id":1239138101,"geometry":{"type":"Point","coordinates":[5.501804,51.765873]},"properties":{"chain":"jumbo","name":"Jumbo","street":"Wolfskooi 49","city":"Oss","postcode":"5345MH","osm":"node/1239138101"}},{"type":"Feature","id":1240362042,"geometry":{"type":"Point","coordinates":[5.42787,52.137479]},"properties":{"chain":"jumbo","name":"Jumbo","street":"De Biezenkamp 5","city":"Leusden","postcode":"3831JA","osm":"node/1240362042"}},{"type":"Feature","id":1240392110,"geometry":{"type":"Point","coordinates":[5.501711,51.766468]},"properties":{"chain":"aldi","name":"ALDI","street":"Wolfskooi 3-5","city":"Oss","postcode":"5345MH","osm":"node/1240392110"}},{"type":"Feature","id":1249685612,"geometry":{"type":"Point","coordinates":[6.898028,52.221536]},"properties":{"chain":"jumbo","name":"Jumbo","street":"Noorderhagen 75","city":"Enschede","postcode":"7511EK","osm":"node/1249685612"}},{"type":"Feature","id":1249685622,"geometry":{"type":"Point","coordinates":[6.891434,52.231411]},"properties":{"chain":"jumbo","name":"Jumbo","street":"Brouwerijplein 55","city":"Enschede","postcode":"7523MA","osm":"node/1249685622"}},{"type":"Feature","id":1261864283,"geometry":{"type":"Point","coordinates":[4.678229,52.494399]},"properties":{"chain":"ah","name":"Albert Heijn","street":"Europassage 21","city":"Heemskerk","postcode":"1966WH","osm":"node/1261864283"}},{"type":"Feature","id":1262177559,"geometry":{"type":"Point","coordinates":[5.072177,52.493857]},"properties":{"chain":"ah","name":"Albert Heijn","street":"Zeestraat 21-1","city":"Volendam","postcode":"1131ZD","osm":"node/1262177559"}},{"type":"Feature","id":1271318324,"geometry":{"type":"Point","coordinates":[5.676446,52.000225]},"properties":{"chain":"lidl","name":"Lidl","street":"Kerkhoflaan 13","city":"Bennekom","postcode":"6721EW","osm":"node/1271318324"}},{"type":"Feature","id":1276272521,"geometry":{"type":"Point","coordinates":[6.721947,52.789789]},"properties":{"chain":"plus","name":"PLUS","street":"Aelderstraat 42","city":"Aalden","postcode":"7854RR","osm":"node/1276272521"}},{"type":"Feature","id":1283424698,"geometry":{"type":"Point","coordinates":[4.630389,52.381681]},"properties":{"chain":"ah","name":"Albert Heijn","street":"Drossestraat 11","city":"Haarlem","postcode":"2011XW","osm":"node/1283424698"}},{"type":"Feature","id":1283834050,"geometry":{"type":"Point","coordinates":[5.581397,51.973277]},"properties":{"chain":"plus","name":"PLUS Pieter Duijzer","street":"Schoneveld 35","city":"Rhenen","postcode":"3911XR","osm":"node/1283834050"}},{"type":"Feature","id":1284742561,"geometry":{"type":"Point","coordinates":[6.075406,51.927524]},"properties":{"chain":"plus","name":"PLUS","street":"Masiusplein 24","city":"Zevenaar","postcode":"6901CH","osm":"node/1284742561"}},{"type":"Feature","id":1292875035,"geometry":{"type":"Point","coordinates":[4.899754,52.361175]},"properties":{"chain":"ah","name":"Albert Heijn","street":"Frederiksplein 1","city":"Amsterdam","postcode":"1017XK","osm":"node/1292875035"}},{"type":"Feature","id":1295995772,"geometry":{"type":"Point","coordinates":[5.580362,52.136598]},"properties":{"chain":"jumbo","name":"Jumbo","street":"Amersfoortsestraat 70","city":"Barneveld","postcode":"3772CK","osm":"node/1295995772"}},{"type":"Feature","id":1295999927,"geometry":{"type":"Point","coordinates":[5.586948,52.137652]},"properties":{"chain":"plus","name":"PLUS","street":"Gowthorpeplein 50","city":"Barneveld","postcode":"3772CC","osm":"node/1295999927"}},{"type":"Feature","id":1311754780,"geometry":{"type":"Point","coordinates":[6.015239,50.892019]},"properties":{"chain":"aldi","name":"ALDI","street":"Hoofdstraat 144","city":"Landgraaf","postcode":"6372EN","osm":"node/1311754780"}},{"type":"Feature","id":1311754782,"geometry":{"type":"Point","coordinates":[6.015159,50.891842]},"properties":{"chain":"jumbo","name":"Jumbo","street":"Hoofdstraat 146","city":"Landgraaf","postcode":"6372EN","osm":"node/1311754782"}},{"type":"Feature","id":1312115957,"geometry":{"type":"Point","coordinates":[5.012066,52.093748]},"properties":{"chain":"lidl","name":"Lidl","street":"Noorderburcht 12","city":"Vleuten","postcode":"3452ME","osm":"node/1312115957"}},{"type":"Feature","id":1313059817,"geometry":{"type":"Point","coordinates":[4.566124,51.917859]},"properties":{"chain":"plus","name":"PLUS","osm":"node/1313059817"}},{"type":"Feature","id":1313954438,"geometry":{"type":"Point","coordinates":[4.753893,52.898325]},"properties":{"chain":"ah","name":"Albert Heijn","street":"Schoolweg 15","city":"Julianadorp","postcode":"1787AV","osm":"node/1313954438"}},{"type":"Feature","id":1317493222,"geometry":{"type":"Point","coordinates":[6.140783,51.374217]},"properties":{"chain":"aldi","name":"ALDI","street":"Burgemeester Coenegrachtstraat 47","city":"Venlo","postcode":"5922BJ","osm":"node/1317493222"}},{"type":"Feature","id":1324207122,"geometry":{"type":"Point","coordinates":[6.910604,52.224016]},"properties":{"chain":"jumbo","name":"Jumbo","street":"Lage Bothofstraat 161","city":"Enschede","postcode":"7533AS","osm":"node/1324207122"}},{"type":"Feature","id":1325498580,"geometry":{"type":"Point","coordinates":[6.24583,51.874272]},"properties":{"chain":"jumbo","name":"Jumbo","street":"Stadsplein 71","city":"'s-Heerenberg","postcode":"7041JE","osm":"node/1325498580"}},{"type":"Feature","id":1336013607,"geometry":{"type":"Point","coordinates":[6.418943,52.16276]},"properties":{"chain":"jumbo","name":"Jumbo","street":"Prins Bernhardweg 24","city":"Lochem","postcode":"7241DH","osm":"node/1336013607"}},{"type":"Feature","id":1338290933,"geometry":{"type":"Point","coordinates":[6.10147,52.529147]},"properties":{"chain":"lidl","name":"Lidl","street":"Dobbe 10","city":"Zwolle","postcode":"8032JV","osm":"node/1338290933"}},{"type":"Feature","id":1338290937,"geometry":{"type":"Point","coordinates":[6.102734,52.528998]},"properties":{"chain":"ah","name":"Albert Heijn","street":"Dobbe 61","city":"Zwolle","postcode":"8032JX","osm":"node/1338290937"}},{"type":"Feature","id":1338290970,"geometry":{"type":"Point","coordinates":[6.101823,52.529654]},"properties":{"chain":"jumbo","name":"Jumbo","street":"Dobbe 3","city":"Zwolle","postcode":"8032JV","osm":"node/1338290970"}},{"type":"Feature","id":1341545713,"geometry":{"type":"Point","coordinates":[6.551987,53.22527]},"properties":{"chain":"plus","name":"PLUS","street":"Kerklaan 75","city":"Groningen","postcode":"9717HB","osm":"node/1341545713"}},{"type":"Feature","id":1346251431,"geometry":{"type":"Point","coordinates":[5.555606,52.029628]},"properties":{"chain":"aldi","name":"ALDI","street":"Scheepjeshof 40","city":"Veenendaal","postcode":"3901CV","osm":"node/1346251431"}},{"type":"Feature","id":1347151956,"geometry":{"type":"Point","coordinates":[5.402998,53.058663]},"properties":{"chain":"jumbo","name":"Jumbo","street":"Lieuwkemastraat 9","city":"Makkum","postcode":"8754BL","osm":"node/1347151956"}},{"type":"Feature","id":1348003569,"geometry":{"type":"Point","coordinates":[6.450327,52.087916]},"properties":{"chain":"plus","name":"PLUS","street":"Borculoseweg 1","city":"Ruurlo","postcode":"7261BG","osm":"node/1348003569"}},{"type":"Feature","id":1348003575,"geometry":{"type":"Point","coordinates":[6.44834,52.087684]},"properties":{"chain":"aldi","name":"ALDI","street":"Wildenborchseweg 2","city":"Ruurlo","postcode":"7261WZ","osm":"node/1348003575"}},{"type":"Feature","id":1353688458,"geometry":{"type":"Point","coordinates":[6.543807,53.229524]},"properties":{"chain":"jumbo","name":"Jumbo","street":"Dierenriemstraat 200","city":"Groningen","postcode":"9742AM","osm":"node/1353688458"}},{"type":"Feature","id":1354973479,"geometry":{"type":"Point","coordinates":[6.063823,51.930197]},"properties":{"chain":"jumbo","name":"Jumbo Van Heemskerk","street":"Van Oldenbarneveldtlaan 34","city":"Zevenaar","postcode":"6904BD","osm":"node/1354973479"}},{"type":"Feature","id":1357162226,"geometry":{"type":"Point","coordinates":[5.474077,51.468224]},"properties":{"chain":"ah","name":"Albert Heijn XL","street":"Winkelcentrum Woensel 119","city":"Eindhoven","postcode":"5625AG","osm":"node/1357162226"}},{"type":"Feature","id":1389813892,"geometry":{"type":"Point","coordinates":[5.400291,51.87043]},"properties":{"chain":"ah","name":"Albert Heijn","street":"Kamperfoelie 1","city":"Tiel","postcode":"4007TK","osm":"node/1389813892"}},{"type":"Feature","id":1398540058,"geometry":{"type":"Point","coordinates":[6.514263,53.363701]},"properties":{"chain":"plus","name":"PLUS","street":"Heerestraat 16","city":"Baflo","postcode":"9953PJ","osm":"node/1398540058"}},{"type":"Feature","id":1399105801,"geometry":{"type":"Point","coordinates":[3.93415,51.809525]},"properties":{"chain":"ah","name":"Albert Heijn","street":"Dorpstienden 14","city":"Ouddorp","postcode":"3253AS","osm":"node/1399105801"}},{"type":"Feature","id":1399132538,"geometry":{"type":"Point","coordinates":[5.569425,52.032425]},"properties":{"chain":"jumbo","name":"Jumbo","street":"Ronde Erf 66","city":"Veenendaal","postcode":"3902CZ","osm":"node/1399132538"}},{"type":"Feature","id":1399798043,"geometry":{"type":"Point","coordinates":[4.367435,51.933667]},"properties":{"chain":"aldi","name":"ALDI","street":"Borodinlaan 74","city":"Schiedam","postcode":"3122HB","osm":"node/1399798043"}},{"type":"Feature","id":1401225217,"geometry":{"type":"Point","coordinates":[4.868906,53.154438]},"properties":{"chain":"plus","name":"PLUS","street":"Molenlaan 14","city":"De Cocksdorp","postcode":"1795AM","osm":"node/1401225217"}},{"type":"Feature","id":1403544749,"geometry":{"type":"Point","coordinates":[4.367735,51.941984]},"properties":{"chain":"plus","name":"PLUS","street":"Geuzenplein 5-7","city":"Schiedam","postcode":"3123CK","osm":"node/1403544749"}},{"type":"Feature","id":1411656505,"geometry":{"type":"Point","coordinates":[5.463659,51.565248]},"properties":{"chain":"aldi","name":"ALDI","street":"Sluisplein 2","city":"Sint-Oedenrode","postcode":"5492AM","osm":"node/1411656505"}},{"type":"Feature","id":1414545873,"geometry":{"type":"Point","coordinates":[4.128834,51.978418]},"properties":{"chain":"lidl","name":"Lidl","street":"Prins Hendrikstraat 293","city":"Hoek van Holland","postcode":"3151AK","osm":"node/1414545873"}},{"type":"Feature","id":1415480739,"geometry":{"type":"Point","coordinates":[5.149136,52.284579]},"properties":{"chain":"plus","name":"PLUS","street":"Mackaylaan 48-54","city":"Naarden","postcode":"1412CR","osm":"node/1415480739"}},{"type":"Feature","id":1419361429,"geometry":{"type":"Point","coordinates":[5.195041,52.218891]},"properties":{"chain":"ah","name":"Albert Heijn","street":"Oosterengweg 70","city":"Hilversum","postcode":"1212CP","osm":"node/1419361429"}},{"type":"Feature","id":1421197674,"geometry":{"type":"Point","coordinates":[4.702692,51.51593]},"properties":{"chain":"plus","name":"PLUS","osm":"node/1421197674"}},{"type":"Feature","id":1421692718,"geometry":{"type":"Point","coordinates":[4.558589,51.930349]},"properties":{"chain":"lidl","name":"Lidl","street":"Jacques Dutilhweg 193","city":"Rotterdam","postcode":"3065KA","osm":"node/1421692718"}},{"type":"Feature","id":1437033087,"geometry":{"type":"Point","coordinates":[4.255396,51.900587]},"properties":{"chain":"lidl","name":"Lidl","street":"Laan van Nieuw Blankenburg 234","city":"Rozenburg","postcode":"3181AL","osm":"node/1437033087"}},{"type":"Feature","id":1437127422,"geometry":{"type":"Point","coordinates":[4.250109,51.904433]},"properties":{"chain":"ah","name":"Albert Heijn","street":"Molenweg 71","city":"Rozenburg","postcode":"3181AT","osm":"node/1437127422"}},{"type":"Feature","id":1444392966,"geometry":{"type":"Point","coordinates":[6.143016,51.362112]},"properties":{"chain":"lidl","name":"Lidl","street":"Prins Mauritsstraat 17","city":"Venlo","postcode":"5923AV","osm":"node/1444392966"}},{"type":"Feature","id":1445238166,"geometry":{"type":"Point","coordinates":[6.864944,53.315728]},"properties":{"chain":"jumbo","name":"Jumbo Appingedam","street":"Harddraversplein 1-5","city":"Appingedam","postcode":"9902CX","osm":"node/1445238166"}},{"type":"Feature","id":1451831242,"geometry":{"type":"Point","coordinates":[6.623929,53.238284]},"properties":{"chain":"aldi","name":"ALDI","street":"Kajuit 287","city":"Groningen","postcode":"9733CV","osm":"node/1451831242"}},{"type":"Feature","id":1452781553,"geometry":{"type":"Point","coordinates":[4.961497,51.837209]},"properties":{"chain":"jumbo","name":"Jumbo","street":"Piazza Center 19","city":"Gorinchem","postcode":"4204BN","osm":"node/1452781553"}},{"type":"Feature","id":1452784938,"geometry":{"type":"Point","coordinates":[4.961835,51.83706]},"properties":{"chain":"ah","name":"Albert Heijn","street":"Piazza Center 74","city":"Gorinchem","postcode":"4204BS","osm":"node/1452784938"}},{"type":"Feature","id":1455100202,"geometry":{"type":"Point","coordinates":[4.95003,51.83738]},"properties":{"chain":"aldi","name":"ALDI","street":"Gildenweg 133","city":"Gorinchem","postcode":"4204GG","osm":"node/1455100202"}},{"type":"Feature","id":1461095892,"geometry":{"type":"Point","coordinates":[4.715063,52.258592]},"properties":{"chain":"plus","name":"PLUS","street":"Werf 15","city":"Rijsenhout","postcode":"1435KP","osm":"node/1461095892"}},{"type":"Feature","id":1463006682,"geometry":{"type":"Point","coordinates":[5.603072,52.25963]},"properties":{"chain":"plus","name":"PLUS","street":"Gervenhof 4","city":"Putten","postcode":"3882AT","osm":"node/1463006682"}},{"type":"Feature","id":1463639724,"geometry":{"type":"Point","coordinates":[5.619324,52.300691]},"properties":{"chain":"plus","name":"PLUS Berntsen","street":"Markt 4","city":"Ermelo","postcode":"3851NA","osm":"node/1463639724"}},{"type":"Feature","id":1468433482,"geometry":{"type":"Point","coordinates":[5.461223,51.422896]},"properties":{"chain":"lidl","name":"Lidl","street":"Willaertplein 11","city":"Eindhoven","postcode":"5654LN","osm":"node/1468433482"}},{"type":"Feature","id":1468616748,"geometry":{"type":"Point","coordinates":[5.286979,52.053934]},"properties":{"chain":"aldi","name":"ALDI","street":"Traaij 99-103","city":"Driebergen-Rijsenburg","postcode":"3971GD","osm":"node/1468616748"}},{"type":"Feature","id":1473674380,"geometry":{"type":"Point","coordinates":[4.345795,51.932276]},"properties":{"chain":"ah","name":"Albert Heijn","street":"De Loper 85","city":"Vlaardingen","postcode":"3137DD","osm":"node/1473674380"}},{"type":"Feature","id":1475137073,"geometry":{"type":"Point","coordinates":[6.519948,53.334088]},"properties":{"chain":"aldi","name":"ALDI","street":"Onderdendamsterweg 33B","city":"Winsum","postcode":"9951TD","osm":"node/1475137073"}},{"type":"Feature","id":1476417006,"geometry":{"type":"Point","coordinates":[4.269354,51.934045]},"properties":{"chain":"ah","name":"Albert Heijn","street":"Huis te Veldelaan 2","city":"Maasland","postcode":"3155SE","osm":"node/1476417006"}},{"type":"Feature","id":1482519194,"geometry":{"type":"Point","coordinates":[4.436251,51.909529]},"properties":{"chain":"ah","name":"Albert Heijn","street":"Vierhavensstraat 147","city":"Rotterdam","postcode":"3029BB","osm":"node/1482519194"}},{"type":"Feature","id":1489493447,"geometry":{"type":"Point","coordinates":[6.024781,50.905194]},"properties":{"chain":"plus","name":"PLUS","street":"Raadhuisplein 14","city":"Landgraaf","postcode":"6371LA","osm":"node/1489493447"}},{"type":"Feature","id":1490599727,"geometry":{"type":"Point","coordinates":[6.047003,51.862095]},"properties":{"chain":"ah","name":"Albert Heijn","street":"Heerbaan 99","city":"Millingen aan de Rijn","postcode":"6566EE","osm":"node/1490599727"}},{"type":"Feature","id":1496260465,"geometry":{"type":"Point","coordinates":[4.601126,51.868799]},"properties":{"chain":"jumbo","name":"Jumbo","osm":"node/1496260465"}},{"type":"Feature","id":1501286708,"geometry":{"type":"Point","coordinates":[6.857726,52.229147]},"properties":{"chain":"lidl","name":"Lidl","street":"Zonstraat 48B","city":"Enschede","postcode":"7521HJ","osm":"node/1501286708"}},{"type":"Feature","id":1503115861,"geometry":{"type":"Point","coordinates":[4.213163,51.6896]},"properties":{"chain":"ah","name":"Albert Heijn","street":"Dabbehof 34","city":"Oude-Tonge","postcode":"3255XB","osm":"node/1503115861"}},{"type":"Feature","id":1504080894,"geometry":{"type":"Point","coordinates":[5.633572,52.33564]},"properties":{"chain":"jumbo","name":"Jumbo","street":"Nassaulaan 10","city":"Harderwijk","postcode":"3843DC","osm":"node/1504080894"}},{"type":"Feature","id":1504560122,"geometry":{"type":"Point","coordinates":[5.825718,50.970386]},"properties":{"chain":"lidl","name":"Lidl","street":"Annastraat 7","city":"Geleen","postcode":"6161GV","osm":"node/1504560122"}},{"type":"Feature","id":1507961425,"geometry":{"type":"Point","coordinates":[4.318176,51.852741]},"properties":{"chain":"aldi","name":"ALDI","osm":"node/1507961425"}},{"type":"Feature","id":1509358516,"geometry":{"type":"Point","coordinates":[5.053647,52.025291]},"properties":{"chain":"jumbo","name":"Jumbo","street":"Televisiebaan 102","city":"IJsselstein","postcode":"3402VH","osm":"node/1509358516"}},{"type":"Feature","id":1513357562,"geometry":{"type":"Point","coordinates":[6.562681,53.224612]},"properties":{"chain":"ah","name":"Albert Heijn","street":"Nieuwe Ebbingestraat 73","city":"Groningen","postcode":"9712NG","osm":"node/1513357562"}},{"type":"Feature","id":1523924858,"geometry":{"type":"Point","coordinates":[6.803509,52.258617]},"properties":{"chain":"lidl","name":"Lidl","street":"Waarbekenweg 19","city":"Hengelo","postcode":"7553KH","osm":"node/1523924858"}},{"type":"Feature","id":1531364677,"geometry":{"type":"Point","coordinates":[6.617661,52.576393]},"properties":{"chain":"lidl","name":"Lidl","street":"Markt 50","city":"Hardenberg","postcode":"7772AE","osm":"node/1531364677"}},{"type":"Feature","id":1531364685,"geometry":{"type":"Point","coordinates":[6.620679,52.573959]},"properties":{"chain":"jumbo","name":"Jumbo","street":"Admiraal Helfrichstraat 1","city":"Hardenberg","postcode":"7772BV","osm":"node/1531364685"}},{"type":"Feature","id":1536525242,"geometry":{"type":"Point","coordinates":[4.957148,52.333534]},"properties":{"chain":"jumbo","name":"Jumbo","street":"Kruidenhof 26","city":"Diemen","postcode":"1112PS","osm":"node/1536525242"}},{"type":"Feature","id":1544936991,"geometry":{"type":"Point","coordinates":[5.28337,52.121178]},"properties":{"chain":"plus","name":"PLUS","street":"Rademakerstraat 6","city":"Soesterberg","postcode":"3769BD","osm":"node/1544936991"}},{"type":"Feature","id":1547503952,"geometry":{"type":"Point","coordinates":[4.671596,52.309359]},"properties":{"chain":"lidl","name":"Lidl","street":"Skagerrak 196","city":"Hoofddorp","postcode":"2133DW","osm":"node/1547503952"}},{"type":"Feature","id":1551746415,"geometry":{"type":"Point","coordinates":[3.55098,51.461792]},"properties":{"chain":"lidl","name":"Lidl","street":"Paauwenburgweg 73","city":"Vlissingen","postcode":"4384JC","osm":"node/1551746415"}},{"type":"Feature","id":1554685563,"geometry":{"type":"Point","coordinates":[4.643333,51.580607]},"properties":{"chain":"aldi","name":"ALDI","street":"Concordialaan 195-197","city":"Etten-Leur","postcode":"4871ZA","osm":"node/1554685563"}},{"type":"Feature","id":1559712647,"geometry":{"type":"Point","coordinates":[4.35511,51.931107]},"properties":{"chain":"lidl","name":"Lidl","street":"Reigerlaan 50","city":"Vlaardingen","postcode":"3136JK","osm":"node/1559712647"}},{"type":"Feature","id":1560893784,"geometry":{"type":"Point","coordinates":[4.227659,51.937229]},"properties":{"chain":"lidl","name":"Lidl","street":"Westeinde 32","city":"Maassluis","postcode":"3146BZ","osm":"node/1560893784"}},{"type":"Feature","id":1560902125,"geometry":{"type":"Point","coordinates":[4.214637,51.959909]},"properties":{"chain":"plus","name":"PLUS","street":"Oranjeplein 1","city":"Maasdijk","postcode":"2676XP","osm":"node/1560902125"}},{"type":"Feature","id":1563777146,"geometry":{"type":"Point","coordinates":[5.52134,51.437672]},"properties":{"chain":"plus","name":"PLUS De Laat","street":"Dirigentplein 85A","city":"Eindhoven","postcode":"5642RK","osm":"node/1563777146"}},{"type":"Feature","id":1565044391,"geometry":{"type":"Point","coordinates":[5.528367,53.061944]},"properties":{"chain":"aldi","name":"ALDI","street":"Snekerstraat 7","city":"Bolsward","postcode":"8701XA","osm":"node/1565044391"}},{"type":"Feature","id":1565977374,"geometry":{"type":"Point","coordinates":[5.4889,51.459747]},"properties":{"chain":"ah","name":"Albert Heijn","street":"Cassandraplein 8","city":"Eindhoven","postcode":"5631BA","osm":"node/1565977374"}},{"type":"Feature","id":1575396920,"geometry":{"type":"Point","coordinates":[4.287851,52.031012]},"properties":{"chain":"lidl","name":"Lidl","street":"Laan van Wateringse Veld 484","city":"'s-Gravenhage","postcode":"2548CL","osm":"node/1575396920"}},{"type":"Feature","id":1575754698,"geometry":{"type":"Point","coordinates":[5.045954,52.143184]},"properties":{"chain":"aldi","name":"ALDI","street":"Dr. Plesmanlaan 188","city":"Maarssen","postcode":"3601DG","osm":"node/1575754698"}},{"type":"Feature","id":1576144828,"geometry":{"type":"Point","coordinates":[4.31724,51.854163]},"properties":{"chain":"lidl","name":"Lidl","street":"'t Plateau 3","city":"Spijkenisse","postcode":"3202GL","osm":"node/1576144828"}},{"type":"Feature","id":1580085482,"geometry":{"type":"Point","coordinates":[4.983758,51.582516]},"properties":{"chain":"ah","name":"Albert Heijn","street":"Dalempromenade 40","city":"Tilburg","postcode":"5035KL","osm":"node/1580085482"}},{"type":"Feature","id":1585713499,"geometry":{"type":"Point","coordinates":[6.554836,53.187585]},"properties":{"chain":"ah","name":"Albert Heijn","street":"B.S.F. von Suttnerstraat 1","city":"Groningen","postcode":"9728WZ","osm":"node/1585713499"}},{"type":"Feature","id":1585767646,"geometry":{"type":"Point","coordinates":[6.565986,53.146952]},"properties":{"chain":"ah","name":"Albert Heijn","street":"Hoofdweg 202","city":"Paterswolde","postcode":"9765CK","osm":"node/1585767646"}},{"type":"Feature","id":1586851153,"geometry":{"type":"Point","coordinates":[4.393843,51.356068]},"properties":{"chain":"ah","name":"Albert Heijn","street":"Antwerpsestraat 9","city":"Putte","postcode":"4645BA","osm":"node/1586851153"}},{"type":"Feature","id":1586986228,"geometry":{"type":"Point","coordinates":[6.60812,53.173023]},"properties":{"chain":"ah","name":"Albert Heijn","street":"Kerkstraat 27","city":"Haren Gn","postcode":"9751BB","osm":"node/1586986228"}},{"type":"Feature","id":1586986241,"geometry":{"type":"Point","coordinates":[6.567851,53.196451]},"properties":{"chain":"ah","name":"Albert Heijn","street":"Van Lenneplaan 99","city":"Groningen","postcode":"9721PE","osm":"node/1586986241"}},{"type":"Feature","id":1586986253,"geometry":{"type":"Point","coordinates":[6.570258,53.215389]},"properties":{"chain":"ah","name":"Albert Heijn","street":"Gedempte Zuiderdiep 14","city":"Groningen","postcode":"9711HG","osm":"node/1586986253"}},{"type":"Feature","id":1586986264,"geometry":{"type":"Point","coordinates":[6.563725,53.21683]},"properties":{"chain":"ah","name":"Albert Heijn","street":"Akerkhof 1","city":"Groningen","postcode":"9712BA","osm":"node/1586986264"}},{"type":"Feature","id":1586986265,"geometry":{"type":"Point","coordinates":[6.56688,53.22]},"properties":{"chain":"ah","name":"Albert Heijn","street":"Oude Ebbingestraat 19","city":"Groningen","postcode":"9712HA","osm":"node/1586986265"}},{"type":"Feature","id":1586986276,"geometry":{"type":"Point","coordinates":[6.59953,53.227038]},"properties":{"chain":"ah","name":"Albert Heijn","street":"Rijksweg 16","city":"Groningen","postcode":"9731AB","osm":"node/1586986276"}},{"type":"Feature","id":1586986277,"geometry":{"type":"Point","coordinates":[6.569642,53.231898]},"properties":{"chain":"ah","name":"Albert Heijn","street":"Floresplein 13","city":"Groningen","postcode":"9715HH","osm":"node/1586986277"}},{"type":"Feature","id":1586986288,"geometry":{"type":"Point","coordinates":[6.588872,53.246317]},"properties":{"chain":"ah","name":"Albert Heijn","street":"Stoepemaheerd 21","city":"Groningen","postcode":"9737TL","osm":"node/1586986288"}},{"type":"Feature","id":1586986295,"geometry":{"type":"Point","coordinates":[6.610459,53.173572]},"properties":{"chain":"aldi","name":"ALDI","street":"Jachtlaan 2","city":"Haren Gn","postcode":"9751BT","osm":"node/1586986295"}},{"type":"Feature","id":1586986301,"geometry":{"type":"Point","coordinates":[6.56289,53.2271]},"properties":{"chain":"aldi","name":"ALDI","street":"Beren 10","city":"Groningen","postcode":"9714DV","osm":"node/1586986301"}},{"type":"Feature","id":1586986329,"geometry":{"type":"Point","coordinates":[6.578914,53.211405]},"properties":{"chain":"plus","name":"PLUS","street":"Meeuwerderweg 96","city":"Groningen","postcode":"9724EW","osm":"node/1586986329"}},{"type":"Feature","id":1586986345,"geometry":{"type":"Point","coordinates":[6.562596,53.226908]},"properties":{"chain":"jumbo","name":"Jumbo","street":"Beren 85","city":"Groningen","postcode":"9714DW","osm":"node/1586986345"}},{"type":"Feature","id":1586986355,"geometry":{"type":"Point","coordinates":[6.587624,53.2465]},"properties":{"chain":"lidl","name":"Lidl","street":"Stoepemaheerd 46","city":"Groningen","postcode":"9737TM","osm":"node/1586986355"}},{"type":"Feature","id":1586986404,"geometry":{"type":"Point","coordinates":[6.624289,53.237959]},"properties":{"chain":"plus","name":"PLUS","street":"Kajuit 251","city":"Groningen","postcode":"9733CS","osm":"node/1586986404"}},{"type":"Feature","id":1587385727,"geometry":{"type":"Point","coordinates":[6.445375,52.948324]},"properties":{"chain":"jumbo","name":"Jumbo Smilde Veenstate","street":"Veenhoopsweg 21-4","city":"Smilde","postcode":"9422AB","osm":"node/1587385727"}},{"type":"Feature","id":1587385730,"geometry":{"type":"Point","coordinates":[6.457744,53.0669]},"properties":{"chain":"plus","name":"PLUS","street":"Westeind 3","city":"Norg","postcode":"9331CA","osm":"node/1587385730"}},{"type":"Feature","id":1588207914,"geometry":{"type":"Point","coordinates":[6.36619,52.832672]},"properties":{"chain":"ah","name":"Albert Heijn","street":"Brink 47","city":"Dwingeloo","postcode":"7991CJ","osm":"node/1588207914"}},{"type":"Feature","id":1588207918,"geometry":{"type":"Point","coordinates":[6.319739,52.854107]},"properties":{"chain":"plus","name":"PLUS","street":"Hoofdstraat 82","city":"Diever","postcode":"7981AV","osm":"node/1588207918"}},{"type":"Feature","id":1588780802,"geometry":{"type":"Point","coordinates":[6.16683,52.732552]},"properties":{"chain":"plus","name":"PLUS Buist","street":"Dorpsstraat 10","city":"Nijeveen","postcode":"7948BR","osm":"node/1588780802"}},{"type":"Feature","id":1588780806,"geometry":{"type":"Point","coordinates":[6.235251,52.770804]},"properties":{"chain":"ah","name":"Albert Heijn","street":"Dorpsstraat 36","city":"Havelte","postcode":"7971CS","osm":"node/1588780806"}},{"type":"Feature","id":1588885655,"geometry":{"type":"Point","coordinates":[6.141294,52.892021]},"properties":{"chain":"jumbo","name":"Jumbo","street":"Industriestraat 18","city":"Noordwolde","postcode":"8391AG","osm":"node/1588885655"}},{"type":"Feature","id":1590913032,"geometry":{"type":"Point","coordinates":[5.22219,52.100592]},"properties":{"chain":"jumbo","name":"Jumbo","osm":"node/1590913032"}},{"type":"Feature","id":1591444484,"geometry":{"type":"Point","coordinates":[4.717635,51.803652]},"properties":{"chain":"ah","name":"Albert Heijn","street":"Van Eesterenplein 99","city":"Dordrecht","postcode":"3315KT","osm":"node/1591444484"}},{"type":"Feature","id":1591501022,"geometry":{"type":"Point","coordinates":[6.555705,52.627069]},"properties":{"chain":"jumbo","name":"Jumbo","street":"Herenstraat 19","city":"Slagharen","postcode":"7776AG","osm":"node/1591501022"}},{"type":"Feature","id":1595402191,"geometry":{"type":"Point","coordinates":[4.655459,51.810145]},"properties":{"chain":"ah","name":"Albert Heijn","street":"Korte Parallelweg 165","city":"Dordrecht","postcode":"3311JN","osm":"node/1595402191"}},{"type":"Feature","id":1595438336,"geometry":{"type":"Point","coordinates":[4.718048,51.803044]},"properties":{"chain":"plus","name":"PLUS Bieshof","street":"Van Eesterenplein 23","city":"Dordrecht","postcode":"3315KS","osm":"node/1595438336"}},{"type":"Feature","id":1596614254,"geometry":{"type":"Point","coordinates":[4.832905,51.82565]},"properties":{"chain":"ah","name":"Albert Heijn","street":"Talmastraat 16","city":"Hardinxveld-Giessendam","postcode":"3371VG","osm":"node/1596614254"}},{"type":"Feature","id":1597372174,"geometry":{"type":"Point","coordinates":[5.666431,52.028182]},"properties":{"chain":"jumbo","name":"Jumbo","street":"Hoog Maanen 45","city":"Ede","postcode":"6717HZ","osm":"node/1597372174"}},{"type":"Feature","id":1597372176,"geometry":{"type":"Point","coordinates":[5.666677,52.028171]},"properties":{"chain":"lidl","name":"Lidl","street":"Hoog Maanen 42","city":"Ede","postcode":"6717HZ","osm":"node/1597372176"}},{"type":"Feature","id":1601790703,"geometry":{"type":"Point","coordinates":[6.560654,53.216481]},"properties":{"chain":"ah","name":"Albert Heijn","street":"Brugstraat 14","city":"Groningen","postcode":"9711HX","osm":"node/1601790703"}},{"type":"Feature","id":1601790711,"geometry":{"type":"Point","coordinates":[6.553355,53.233531]},"properties":{"chain":"ah","name":"Albert Heijn","street":"Eikenlaan 39","city":"Groningen","postcode":"9741EH","osm":"node/1601790711"}},{"type":"Feature","id":1602649955,"geometry":{"type":"Point","coordinates":[4.445051,51.909881]},"properties":{"chain":"jumbo","name":"Jumbo","street":"Schiedamseweg 62","city":"Rotterdam","postcode":"3025AD","osm":"node/1602649955"}},{"type":"Feature","id":1610631374,"geometry":{"type":"Point","coordinates":[6.435618,53.137793]},"properties":{"chain":"ah","name":"Albert Heijn","street":"Schoolstraat 13","city":"Roden","postcode":"9301KB","osm":"node/1610631374"}},{"type":"Feature","id":1610631378,"geometry":{"type":"Point","coordinates":[6.5784,53.070622]},"properties":{"chain":"aldi","name":"ALDI","street":"Asserstraat 7a","city":"Vries","postcode":"9481BM","osm":"node/1610631378"}},{"type":"Feature","id":1610631387,"geometry":{"type":"Point","coordinates":[6.575533,53.076112]},"properties":{"chain":"plus","name":"PLUS Koetsier","street":"Oude Asserstraat 2","city":"Vries","postcode":"9481BL","osm":"node/1610631387"}},{"type":"Feature","id":1610631388,"geometry":{"type":"Point","coordinates":[6.42923,53.137004]},"properties":{"chain":"lidl","name":"Lidl","street":"Westerbaan 7","city":"Roden","postcode":"9301AX","osm":"node/1610631388"}},{"type":"Feature","id":1611202691,"geometry":{"type":"Point","coordinates":[4.903662,52.368846]},"properties":{"chain":"ah","name":"Albert Heijn","street":"Jodenbreestraat 21","city":"Amsterdam","postcode":"1011NH","osm":"node/1611202691"}},{"type":"Feature","id":1612694881,"geometry":{"type":"Point","coordinates":[6.911056,53.336065]},"properties":{"chain":"aldi","name":"ALDI","street":"De Wending 16","city":"Delfzijl","postcode":"9933KN","osm":"node/1612694881"}},{"type":"Feature","id":1613077869,"geometry":{"type":"Point","coordinates":[4.924354,52.366434]},"properties":{"chain":"ah","name":"Albert Heijn","street":"Sarphatistraat 670","city":"Amsterdam","postcode":"1018AV","osm":"node/1613077869"}},{"type":"Feature","id":1613153306,"geometry":{"type":"Point","coordinates":[5.420572,53.170888]},"properties":{"chain":"jumbo","name":"Jumbo Olaf Hermus","street":"Spoorstraat 1","city":"Harlingen","postcode":"8861XX","osm":"node/1613153306"}},{"type":"Feature","id":1620266329,"geometry":{"type":"Point","coordinates":[5.72762,51.81409]},"properties":{"chain":"plus","name":"PLUS","street":"Tunnelweg 86","city":"Wijchen","postcode":"6601CX","osm":"node/1620266329"}},{"type":"Feature","id":1620331030,"geometry":{"type":"Point","coordinates":[6.479598,52.727124]},"properties":{"chain":"jumbo","name":"Jumbo","street":"Tamboerpassage 1","city":"Hoogeveen","postcode":"7902GK","osm":"node/1620331030"}},{"type":"Feature","id":1625528627,"geometry":{"type":"Point","coordinates":[6.507819,52.723741]},"properties":{"chain":"plus","name":"PLUS","street":"Grote Beer 41","city":"Hoogeveen","postcode":"7904LW","osm":"node/1625528627"}},{"type":"Feature","id":1634279867,"geometry":{"type":"Point","coordinates":[6.522348,53.236072]},"properties":{"chain":"jumbo","name":"Jumbo","street":"Reitdiephaven 261","city":"Groningen","postcode":"9746RE","osm":"node/1634279867"}},{"type":"Feature","id":1637462943,"geometry":{"type":"Point","coordinates":[5.886325,51.098678]},"properties":{"chain":"lidl","name":"Lidl","street":"Lisweg 12","city":"Echt","postcode":"6102CW","osm":"node/1637462943"}},{"type":"Feature","id":1640800009,"geometry":{"type":"Point","coordinates":[5.094141,52.104257]},"properties":{"chain":"ah","name":"Albert Heijn","street":"Amsterdamsestraatweg 367A","city":"Utrecht","postcode":"3551CK","osm":"node/1640800009"}},{"type":"Feature","id":1645655073,"geometry":{"type":"Point","coordinates":[6.893862,52.781448]},"properties":{"chain":"ah","name":"Albert Heijn","street":"Baander 165","city":"Emmen","postcode":"7811HT","osm":"node/1645655073"}},{"type":"Feature","id":1645655090,"geometry":{"type":"Point","coordinates":[6.896861,52.798904]},"properties":{"chain":"aldi","name":"ALDI","street":"Middenhaag 515","city":"Emmen","postcode":"7815LG","osm":"node/1645655090"}},{"type":"Feature","id":1645655104,"geometry":{"type":"Point","coordinates":[6.922803,52.779822]},"properties":{"chain":"jumbo","name":"Jumbo","street":"Statenweg 33","city":"Emmen","postcode":"7824CS","osm":"node/1645655104"}},{"type":"Feature","id":1645655105,"geometry":{"type":"Point","coordinates":[6.938434,52.792556]},"properties":{"chain":"jumbo","name":"Jumbo","street":"Houtweg 296","city":"Emmen","postcode":"7823PV","osm":"node/1645655105"}},{"type":"Feature","id":1645655119,"geometry":{"type":"Point","coordinates":[6.895066,52.797958]},"properties":{"chain":"plus","name":"PLUS","street":"Middenhaag 7","city":"Emmen","postcode":"7815LB","osm":"node/1645655119"}},{"type":"Feature","id":1648793140,"geometry":{"type":"Point","coordinates":[4.147363,51.831558]},"properties":{"chain":"lidl","name":"Lidl","street":"Struytse Hoeck 59","city":"Hellevoetsluis","postcode":"3224HA","osm":"node/1648793140"}},{"type":"Feature","id":1648793158,"geometry":{"type":"Point","coordinates":[4.132193,51.836629]},"properties":{"chain":"lidl","name":"Lidl","street":"Hoonaartstraat 27","city":"Hellevoetsluis","postcode":"3222CK","osm":"node/1648793158"}},{"type":"Feature","id":1654610894,"geometry":{"type":"Point","coordinates":[6.898506,52.791898]},"properties":{"chain":"jumbo","name":"Jumbo","street":"Weerdingerstraat 232B","city":"Emmen","postcode":"7811CE","osm":"node/1654610894"}},{"type":"Feature","id":1654630676,"geometry":{"type":"Point","coordinates":[4.528142,51.590543]},"properties":{"chain":"plus","name":"PLUS","street":"Julianalaan 1","city":"Oudenbosch","postcode":"4731JM","osm":"node/1654630676"}},{"type":"Feature","id":1655427184,"geometry":{"type":"Point","coordinates":[5.426583,52.129115]},"properties":{"chain":"plus","name":"PLUS","street":"'t Plein 20","city":"Leusden","postcode":"3831CR","osm":"node/1655427184"}},{"type":"Feature","id":1657546423,"geometry":{"type":"Point","coordinates":[5.228262,51.63217]},"properties":{"chain":"plus","name":"PLUS","street":"Achterstraat 20","city":"Helvoirt","postcode":"5268EC","osm":"node/1657546423"}},{"type":"Feature","id":1658045530,"geometry":{"type":"Point","coordinates":[5.282967,52.218759]},"properties":{"chain":"plus","name":"PLUS","street":"Prof. Krabbelaan 2","city":"Baarn","postcode":"3741EN","osm":"node/1658045530"}},{"type":"Feature","id":1688953550,"geometry":{"type":"Point","coordinates":[6.880552,52.662989]},"properties":{"chain":"plus","name":"PLUS Johan Jongman","street":"Europaweg 131-14","city":"Schoonebeek","postcode":"7761AC","osm":"node/1688953550"}},{"type":"Feature","id":1695337108,"geometry":{"type":"Point","coordinates":[6.081909,52.526729]},"properties":{"chain":"lidl","name":"Lidl","street":"Bachplein 11","city":"Zwolle","postcode":"8031HR","osm":"node/1695337108"}},{"type":"Feature","id":1699859262,"geometry":{"type":"Point","coordinates":[5.452716,51.440432]},"properties":{"chain":"lidl","name":"Lidl","street":"Klipperstraat 2A","city":"Eindhoven","postcode":"5616KA","osm":"node/1699859262"}},{"type":"Feature","id":1699967863,"geometry":{"type":"Point","coordinates":[5.121171,52.066429]},"properties":{"chain":"ah","name":"Albert Heijn","street":"'t Goylaan 66G","city":"Utrecht","postcode":"3525AH","osm":"node/1699967863"}},{"type":"Feature","id":1700261505,"geometry":{"type":"Point","coordinates":[3.845129,51.31984]},"properties":{"chain":"lidl","name":"Lidl","street":"Alvarezlaan 40","city":"Terneuzen","postcode":"4536BD","osm":"node/1700261505"}},{"type":"Feature","id":1700791999,"geometry":{"type":"Point","coordinates":[5.199718,52.067394]},"properties":{"chain":"ah","name":"Albert Heijn","street":"Van Hardenbroeklaan 3","city":"Bunnik","postcode":"3981EN","osm":"node/1700791999"}},{"type":"Feature","id":1700969598,"geometry":{"type":"Point","coordinates":[4.586549,51.873629]},"properties":{"chain":"aldi","name":"ALDI","street":"Olmenlaan 14-22","city":"Ridderkerk","postcode":"2982CP","osm":"node/1700969598"}},{"type":"Feature","id":1702620906,"geometry":{"type":"Point","coordinates":[4.775104,51.820104]},"properties":{"chain":"jumbo","name":"Jumbo","street":"Kerkbuurt 41","city":"Sliedrecht","postcode":"3361BC","osm":"node/1702620906"}},{"type":"Feature","id":1702720039,"geometry":{"type":"Point","coordinates":[4.773063,51.82735]},"properties":{"chain":"aldi","name":"ALDI","street":"Rijnstraat 319","city":"Sliedrecht","postcode":"3363EJ","osm":"node/1702720039"}},{"type":"Feature","id":1710266467,"geometry":{"type":"Point","coordinates":[6.72552,53.414642]},"properties":{"chain":"plus","name":"PLUS Verstraete","street":"Johan van Veenplein 2","city":"Uithuizermeeden","postcode":"9982BL","osm":"node/1710266467"}},{"type":"Feature","id":1715049054,"geometry":{"type":"Point","coordinates":[6.084111,52.509832]},"properties":{"chain":"jumbo","name":"Jumbo","street":"Veemarkt 20","city":"Zwolle","postcode":"8011AH","osm":"node/1715049054"}},{"type":"Feature","id":1716737174,"geometry":{"type":"Point","coordinates":[4.940593,52.361537]},"properties":{"chain":"lidl","name":"Lidl","street":"Soerabajastraat 4","city":"Amsterdam","postcode":"1095GP","osm":"node/1716737174"}},{"type":"Feature","id":1718293411,"geometry":{"type":"Point","coordinates":[5.900465,52.55319]},"properties":{"chain":"jumbo","name":"Jumbo","street":"Penningkruid 25","city":"Kampen","postcode":"8265EX","osm":"node/1718293411"}},{"type":"Feature","id":1719079363,"geometry":{"type":"Point","coordinates":[5.489759,51.433244]},"properties":{"chain":"jumbo","name":"Jumbo","street":"Geldropseweg 103","city":"Eindhoven","postcode":"5611SE","osm":"node/1719079363"}},{"type":"Feature","id":1721859853,"geometry":{"type":"Point","coordinates":[6.391454,53.161013]},"properties":{"chain":"lidl","name":"Lidl","street":"De Schans 16-20","city":"Leek","postcode":"9351AZ","osm":"node/1721859853"}},{"type":"Feature","id":1734565654,"geometry":{"type":"Point","coordinates":[5.722559,51.193187]},"properties":{"chain":"aldi","name":"ALDI","street":"Monseigneur Nolensstraat 1","city":"Stramproy","postcode":"6039CK","osm":"node/1734565654"}},{"type":"Feature","id":1737751841,"geometry":{"type":"Point","coordinates":[5.694255,52.45559]},"properties":{"chain":"lidl","name":"Lidl","street":"Verlengde Baan 10","city":"Biddinghuizen","postcode":"8256HB","osm":"node/1737751841"}},{"type":"Feature","id":1739747080,"geometry":{"type":"Point","coordinates":[5.493792,51.469994]},"properties":{"chain":"ah","name":"Albert Heijn","street":"Orionstraat 149","city":"Eindhoven","postcode":"5632DC","osm":"node/1739747080"}},{"type":"Feature","id":1741620774,"geometry":{"type":"Point","coordinates":[5.803352,52.383687]},"properties":{"chain":"plus","name":"PLUS","osm":"node/1741620774"}},{"type":"Feature","id":1741832433,"geometry":{"type":"Point","coordinates":[5.392166,51.418524]},"properties":{"chain":"ah","name":"Albert Heijn","street":"De Schaatsenmaker 8","city":"Veldhoven","postcode":"5506CZ","osm":"node/1741832433"}},{"type":"Feature","id":1741832445,"geometry":{"type":"Point","coordinates":[5.40783,51.412965]},"properties":{"chain":"lidl","name":"Lidl","street":"Burgemeester van Hooffln 35A","city":"Veldhoven","postcode":"5503BJ","osm":"node/1741832445"}},{"type":"Feature","id":1749062279,"geometry":{"type":"Point","coordinates":[4.519411,51.877341]},"properties":{"chain":"jumbo","name":"Jumbo Drenkelford","street":"Spinozaweg 293","city":"Rotterdam","postcode":"3076EP","osm":"node/1749062279"}},{"type":"Feature","id":1749102977,"geometry":{"type":"Point","coordinates":[5.759516,52.711925]},"properties":{"chain":"jumbo","name":"Jumbo","street":"De Boei 1","city":"Emmeloord","postcode":"8302ET","osm":"node/1749102977"}},{"type":"Feature","id":1750691928,"geometry":{"type":"Point","coordinates":[5.658466,53.028153]},"properties":{"chain":"aldi","name":"ALDI","street":"Boschplein 3","city":"Sneek","postcode":"8607CD","osm":"node/1750691928"}},{"type":"Feature","id":1752352711,"geometry":{"type":"Point","coordinates":[6.420915,52.519076]},"properties":{"chain":"jumbo","name":"Jumbo","street":"Markt 22","city":"Ommen","postcode":"7731DB","osm":"node/1752352711"}},{"type":"Feature","id":1752352729,"geometry":{"type":"Point","coordinates":[6.425458,52.522985]},"properties":{"chain":"lidl","name":"Lidl","street":"Schurinkstraat 30","city":"Ommen","postcode":"7731GE","osm":"node/1752352729"}},{"type":"Feature","id":1752513112,"geometry":{"type":"Point","coordinates":[6.594966,52.359859]},"properties":{"chain":"jumbo","name":"Jumbo","street":"Dikkensweg 10","city":"Wierden","postcode":"7641CC","osm":"node/1752513112"}},{"type":"Feature","id":1752576557,"geometry":{"type":"Point","coordinates":[6.056283,52.533326]},"properties":{"chain":"ah","name":"Albert Heijn XL","street":"Wade 10","city":"Zwolle","postcode":"8043LS","osm":"node/1752576557"}},{"type":"Feature","id":1763590356,"geometry":{"type":"Point","coordinates":[4.546557,51.887351]},"properties":{"chain":"ah","name":"Albert Heijn","street":"Keizerswaard 33","city":"Rotterdam","postcode":"3078AL","osm":"node/1763590356"}},{"type":"Feature","id":1763590370,"geometry":{"type":"Point","coordinates":[4.551954,51.882693]},"properties":{"chain":"plus","name":"PLUS","street":"Bredenoord 8-16","city":"Rotterdam","postcode":"3079JE","osm":"node/1763590370"}},{"type":"Feature","id":1763590396,"geometry":{"type":"Point","coordinates":[4.546346,51.886405]},"properties":{"chain":"jumbo","name":"Jumbo","street":"Keizerswaard 63","city":"Rotterdam","postcode":"3078AL","osm":"node/1763590396"}},{"type":"Feature","id":1764489847,"geometry":{"type":"Point","coordinates":[4.483384,51.874049]},"properties":{"chain":"ah","name":"Albert Heijn","street":"Asterlo 22","city":"Rotterdam","postcode":"3085AD","osm":"node/1764489847"}},{"type":"Feature","id":1764489866,"geometry":{"type":"Point","coordinates":[4.541215,51.85389]},"properties":{"chain":"jumbo","name":"Jumbo","street":"Onderlangs 44","city":"Barendrecht","postcode":"2991EM","osm":"node/1764489866"}},{"type":"Feature","id":1764489886,"geometry":{"type":"Point","coordinates":[4.493568,51.875079]},"properties":{"chain":"plus","name":"PLUS","street":"Schere 4-6","city":"Rotterdam","postcode":"3085DW","osm":"node/1764489886"}},{"type":"Feature","id":1765154954,"geometry":{"type":"Point","coordinates":[5.979808,51.32775]},"properties":{"chain":"lidl","name":"Lidl","street":"Past. Huijbenplein 19","city":"Panningen","postcode":"5981BH","osm":"node/1765154954"}},{"type":"Feature","id":1768955511,"geometry":{"type":"Point","coordinates":[6.567095,51.985836]},"properties":{"chain":"lidl","name":"Lidl","street":"De Leest 41","city":"Lichtenvoorde","postcode":"7131LE","osm":"node/1768955511"}},{"type":"Feature","id":1771220286,"geometry":{"type":"Point","coordinates":[4.154028,51.899699]},"properties":{"chain":"lidl","name":"Lidl","street":"Ruggeplein 10","city":"Brielle","postcode":"3232AH","osm":"node/1771220286"}},{"type":"Feature","id":1781401175,"geometry":{"type":"Point","coordinates":[4.910209,52.54896]},"properties":{"chain":"ah","name":"Albert Heijn","street":"Rijperweg 50","city":"Middenbeemster","postcode":"1462ME","osm":"node/1781401175"}},{"type":"Feature","id":1782081855,"geometry":{"type":"Point","coordinates":[4.485687,52.222943]},"properties":{"chain":"ah","name":"Albert Heijn","street":"Jacoba van Beierenhof 29","city":"Voorhout","postcode":"2215JK","osm":"node/1782081855"}},{"type":"Feature","id":1786157941,"geometry":{"type":"Point","coordinates":[4.605228,51.884217]},"properties":{"chain":"ah","name":"Albert Heijn","osm":"node/1786157941"}},{"type":"Feature","id":1786182393,"geometry":{"type":"Point","coordinates":[4.618506,51.865434]},"properties":{"chain":"plus","name":"PLUS","street":"Vlietplein 191","city":"Ridderkerk","postcode":"2986GM","osm":"node/1786182393"}},{"type":"Feature","id":1787929474,"geometry":{"type":"Point","coordinates":[4.4337,52.01941]},"properties":{"chain":"ah","name":"Albert Heijn","street":"Ackershof 53","city":"Pijnacker","postcode":"2641DZ","osm":"node/1787929474"}},{"type":"Feature","id":1788447167,"geometry":{"type":"Point","coordinates":[5.610493,51.890181]},"properties":{"chain":"aldi","name":"ALDI","street":"Marktpassage 5","city":"Druten","postcode":"6651VD","osm":"node/1788447167"}},{"type":"Feature","id":1788447168,"geometry":{"type":"Point","coordinates":[5.610006,51.890294]},"properties":{"chain":"jumbo","name":"Jumbo","street":"Marktpassage 15","city":"Druten","postcode":"6651VD","osm":"node/1788447168"}},{"type":"Feature","id":1799072925,"geometry":{"type":"Point","coordinates":[4.391583,52.045253]},"properties":{"chain":"ah","name":"Albert Heijn","street":"Lange Baan 6","city":"Nootdorp","postcode":"2632GC","osm":"node/1799072925"}},{"type":"Feature","id":1800437309,"geometry":{"type":"Point","coordinates":[6.185436,52.68713]},"properties":{"chain":"aldi","name":"ALDI","street":"Rembrandtplein 34","city":"Meppel","postcode":"7944GG","osm":"node/1800437309"}},{"type":"Feature","id":1800890270,"geometry":{"type":"Point","coordinates":[4.323737,52.093714]},"properties":{"chain":"ah","name":"Albert Heijn","osm":"node/1800890270"}},{"type":"Feature","id":1801874696,"geometry":{"type":"Point","coordinates":[4.279419,51.529173]},"properties":{"chain":"lidl","name":"Lidl","street":"Nijverheidsweg 8","city":"Halsteren","postcode":"4661VM","osm":"node/1801874696"}},{"type":"Feature","id":1803286500,"geometry":{"type":"Point","coordinates":[4.320717,52.078923]},"properties":{"chain":"ah","name":"Albert Heijn","street":"Turfmarkt 103","city":"'s-Gravenhage","postcode":"2511DP","osm":"node/1803286500"}},{"type":"Feature","id":1805519637,"geometry":{"type":"Point","coordinates":[5.258052,52.396473]},"properties":{"chain":"lidl","name":"Lidl","street":"C. van Eesterenplein 246","city":"Almere","postcode":"1333HH","osm":"node/1805519637"}},{"type":"Feature","id":1805609531,"geometry":{"type":"Point","coordinates":[4.360788,52.009689]},"properties":{"chain":"ah","name":"Albert Heijn","osm":"node/1805609531"}},{"type":"Feature","id":1819927237,"geometry":{"type":"Point","coordinates":[5.631727,51.6628]},"properties":{"chain":"jumbo","name":"Jumbo","street":"Drossaard 18","city":"Uden","postcode":"5403ET","osm":"node/1819927237"}},{"type":"Feature","id":1824494186,"geometry":{"type":"Point","coordinates":[4.86179,52.371324]},"properties":{"chain":"aldi","name":"ALDI","street":"Admiraal De Ruijterweg 56c","city":"Amsterdam","postcode":"1056GL","osm":"node/1824494186"}},{"type":"Feature","id":1830170270,"geometry":{"type":"Point","coordinates":[5.541965,52.33025]},"properties":{"chain":"ah","name":"Albert Heijn","street":"Kerkstraat 26","city":"Zeewolde","postcode":"3891ET","osm":"node/1830170270"}},{"type":"Feature","id":1830526509,"geometry":{"type":"Point","coordinates":[5.021812,52.334898]},"properties":{"chain":"ah","name":"Albert Heijn XL","street":"Pampusweg 13","city":"Muiden","postcode":"1398PT","osm":"node/1830526509"}},{"type":"Feature","id":1830526562,"geometry":{"type":"Point","coordinates":[5.021167,52.334794]},"properties":{"chain":"lidl","name":"Lidl","street":"Pampusweg 12","city":"Muiden","postcode":"1398PT","osm":"node/1830526562"}},{"type":"Feature","id":1831736913,"geometry":{"type":"Point","coordinates":[6.915309,52.32034]},"properties":{"chain":"aldi","name":"ALDI","osm":"node/1831736913"}},{"type":"Feature","id":1841274128,"geometry":{"type":"Point","coordinates":[4.584353,51.953506]},"properties":{"chain":"ah","name":"Albert Heijn","street":"Picassopassage 38","city":"Capelle aan den IJssel","postcode":"2907ME","osm":"node/1841274128"}},{"type":"Feature","id":1841274132,"geometry":{"type":"Point","coordinates":[4.584932,51.952962]},"properties":{"chain":"lidl","name":"Lidl","street":"Picassopassage 18","city":"Capelle aan den IJssel","postcode":"2907ME","osm":"node/1841274132"}},{"type":"Feature","id":1841382546,"geometry":{"type":"Point","coordinates":[5.056551,51.519226]},"properties":{"chain":"ah","name":"Albert Heijn","street":"Koningsschild 11","city":"Goirle","postcode":"5051TT","osm":"node/1841382546"}},{"type":"Feature","id":1842871937,"geometry":{"type":"Point","coordinates":[5.463007,51.478766]},"properties":{"chain":"lidl","name":"Lidl","street":"Nederlandplein 114","city":"Eindhoven","postcode":"5628AJ","osm":"node/1842871937"}},{"type":"Feature","id":1843680718,"geometry":{"type":"Point","coordinates":[7.036805,52.235693]},"properties":{"chain":"plus","name":"PLUS van Haaren","street":"Hoofdstraat 163","city":"Overdinkel","postcode":"7586BP","osm":"node/1843680718"}},{"type":"Feature","id":1848251735,"geometry":{"type":"Point","coordinates":[5.191134,51.580908]},"properties":{"chain":"jumbo","name":"Jumbo","street":"Fabriekspad 1","city":"Oisterwijk","postcode":"5061EW","osm":"node/1848251735"}},{"type":"Feature","id":1851640981,"geometry":{"type":"Point","coordinates":[4.577585,52.284906]},"properties":{"chain":"plus","name":"PLUS","osm":"node/1851640981"}},{"type":"Feature","id":1851668122,"geometry":{"type":"Point","coordinates":[4.520097,52.075492]},"properties":{"chain":"ah","name":"Albert Heijn","street":"Lijnbaan 295","city":"Zoetermeer","postcode":"2728AH","osm":"node/1851668122"}},{"type":"Feature","id":1852851109,"geometry":{"type":"Point","coordinates":[6.010304,51.950001]},"properties":{"chain":"plus","name":"PLUS","street":"Mondriaanstraat 13","city":"Duiven","postcode":"6921MJ","osm":"node/1852851109"}},{"type":"Feature","id":1852851113,"geometry":{"type":"Point","coordinates":[6.007791,51.94162]},"properties":{"chain":"jumbo","name":"Jumbo Gradussen","street":"Eilandplein 508","city":"Duiven","postcode":"6922ER","osm":"node/1852851113"}},{"type":"Feature","id":1854316172,"geometry":{"type":"Point","coordinates":[4.912285,52.362253]},"properties":{"chain":"ah","name":"Albert Heijn","street":"Sarphatistraat 141K","city":"Amsterdam","postcode":"1018GD","osm":"node/1854316172"}},{"type":"Feature","id":1854785433,"geometry":{"type":"Point","coordinates":[5.873104,51.103477]},"properties":{"chain":"ah","name":"Albert Heijn","street":"Nieuwe Markt 45","city":"Echt","postcode":"6101CV","osm":"node/1854785433"}},{"type":"Feature","id":1854792502,"geometry":{"type":"Point","coordinates":[4.554239,51.962903]},"properties":{"chain":"ah","name":"Albert Heijn","osm":"node/1854792502"}},{"type":"Feature","id":1855406572,"geometry":{"type":"Point","coordinates":[4.402001,51.907537]},"properties":{"chain":"ah","name":"Albert Heijn","street":"Hagastraat 1","city":"Schiedam","postcode":"3114NC","osm":"node/1855406572"}},{"type":"Feature","id":1859254436,"geometry":{"type":"Point","coordinates":[4.653814,51.791173]},"properties":{"chain":"ah","name":"Albert Heijn","street":"Admiraalsplein 162","city":"Dordrecht","postcode":"3317BC","osm":"node/1859254436"}},{"type":"Feature","id":1862022445,"geometry":{"type":"Point","coordinates":[5.470937,51.460305]},"properties":{"chain":"plus","name":"PLUS","osm":"node/1862022445"}},{"type":"Feature","id":1863536431,"geometry":{"type":"Point","coordinates":[6.756059,52.299925]},"properties":{"chain":"ah","name":"Albert Heijn","street":"Marktplein 27","city":"Borne","postcode":"7622CL","osm":"node/1863536431"}},{"type":"Feature","id":1864484756,"geometry":{"type":"Point","coordinates":[4.723539,51.613178]},"properties":{"chain":"lidl","name":"Lidl","street":"Kesterenlaan 150","city":"Breda","postcode":"4822WK","osm":"node/1864484756"}},{"type":"Feature","id":1864950331,"geometry":{"type":"Point","coordinates":[4.939726,52.349932]},"properties":{"chain":"ah","name":"Albert Heijn","street":"Helmholtzstraat 63","city":"Amsterdam","postcode":"1098LE","osm":"node/1864950331"}},{"type":"Feature","id":1868673579,"geometry":{"type":"Point","coordinates":[5.651999,50.838849]},"properties":{"chain":"lidl","name":"Lidl","street":"Herculeshof 37","city":"Maastricht","postcode":"6215BH","osm":"node/1868673579"}},{"type":"Feature","id":1873023944,"geometry":{"type":"Point","coordinates":[4.047485,51.277498]},"properties":{"chain":"jumbo","name":"Jumbo","street":"Stationsplein 22h","city":"Hulst","postcode":"4561GC","osm":"node/1873023944"}},{"type":"Feature","id":1875009173,"geometry":{"type":"Point","coordinates":[6.027375,50.857574]},"properties":{"chain":"aldi","name":"ALDI","street":"Carboonplein 16","city":"Kerkrade","postcode":"6466CX","osm":"node/1875009173"}},{"type":"Feature","id":1881033243,"geometry":{"type":"Point","coordinates":[5.283012,52.051578]},"properties":{"chain":"ah","name":"Albert Heijn","street":"Hoofdstraat 162","city":"Driebergen-Rijsenburg","postcode":"3972LG","osm":"node/1881033243"}},{"type":"Feature","id":1881161831,"geometry":{"type":"Point","coordinates":[5.10358,52.092194]},"properties":{"chain":"ah","name":"Albert Heijn","street":"Damstraat 37","city":"Utrecht","postcode":"3531BS","osm":"node/1881161831"}},{"type":"Feature","id":1881461468,"geometry":{"type":"Point","coordinates":[4.598832,51.870084]},"properties":{"chain":"ah","name":"Albert Heijn","street":"Ridderhof 25","city":"Ridderkerk","postcode":"2981ET","osm":"node/1881461468"}},{"type":"Feature","id":1882659631,"geometry":{"type":"Point","coordinates":[5.170383,52.0338]},"properties":{"chain":"lidl","name":"Lidl","street":"Stellingmolen 5","city":"Houten","postcode":"3995AT","osm":"node/1882659631"}},{"type":"Feature","id":1883210310,"geometry":{"type":"Point","coordinates":[5.846471,52.447805]},"properties":{"chain":"aldi","name":"ALDI","osm":"node/1883210310"}},{"type":"Feature","id":1885436850,"geometry":{"type":"Point","coordinates":[5.655739,51.909777]},"properties":{"chain":"plus","name":"PLUS","street":"Molenpad 1","city":"Dodewaard","postcode":"6669BP","osm":"node/1885436850"}},{"type":"Feature","id":1888737375,"geometry":{"type":"Point","coordinates":[4.744124,52.083524]},"properties":{"chain":"ah","name":"Albert Heijn","street":"Oud-Bodegraafseweg 23","city":"Bodegraven","postcode":"2411HS","osm":"node/1888737375"}},{"type":"Feature","id":1891362920,"geometry":{"type":"Point","coordinates":[5.840069,51.841022]},"properties":{"chain":"ah","name":"Albert Heijn","street":"Molenweg 11","city":"Nijmegen","postcode":"6542PP","osm":"node/1891362920"}},{"type":"Feature","id":1893908845,"geometry":{"type":"Point","coordinates":[5.546943,51.61874]},"properties":{"chain":"jumbo","name":"Jumbo","street":"Stationsstraat 11","city":"Veghel","postcode":"5461JS","osm":"node/1893908845"}},{"type":"Feature","id":1894856982,"geometry":{"type":"Point","coordinates":[4.275068,52.072543]},"properties":{"chain":"ah","name":"Albert Heijn","street":"Valkenboslaan 173E","city":"'s-Gravenhage","postcode":"2563CK","osm":"node/1894856982"}},{"type":"Feature","id":1895927286,"geometry":{"type":"Point","coordinates":[4.632797,52.201667]},"properties":{"chain":"plus","name":"PLUS Van Dijk","street":"Noordplein 25","city":"Roelofarendsveen","postcode":"2371DA","osm":"node/1895927286"}},{"type":"Feature","id":1907501503,"geometry":{"type":"Point","coordinates":[4.828911,52.662223]},"properties":{"chain":"lidl","name":"Lidl","street":"Middenwaard 55","city":"Heerhugowaard","postcode":"1703SC","osm":"node/1907501503"}},{"type":"Feature","id":1910344649,"geometry":{"type":"Point","coordinates":[4.54111,52.059325]},"properties":{"chain":"jumbo","name":"Jumbo","street":"Oosterheemplein 548","city":"Zoetermeer","postcode":"2721NJ","osm":"node/1910344649"}},{"type":"Feature","id":1910410489,"geometry":{"type":"Point","coordinates":[4.540686,52.060834]},"properties":{"chain":"aldi","name":"ALDI","street":"Oosterheemplein 403","city":"Zoetermeer","postcode":"2721NG","osm":"node/1910410489"}},{"type":"Feature","id":1913216667,"geometry":{"type":"Point","coordinates":[6.035866,52.004699]},"properties":{"chain":"ah","name":"Albert Heijn","street":"Groenestraat 78","city":"Rheden","postcode":"6991GH","osm":"node/1913216667"}},{"type":"Feature","id":1914292661,"geometry":{"type":"Point","coordinates":[6.269111,53.1443]},"properties":{"chain":"ah","name":"Albert Heijn","street":"Wendtsteinweg 64","city":"Marum","postcode":"9363AR","osm":"node/1914292661"}},{"type":"Feature","id":1918882304,"geometry":{"type":"Point","coordinates":[4.345506,51.981982]},"properties":{"chain":"plus","name":"PLUS","street":"Bikolaan 171","city":"Delft","postcode":"2622GS","osm":"node/1918882304"}},{"type":"Feature","id":1921982802,"geometry":{"type":"Point","coordinates":[5.142661,51.609396]},"properties":{"chain":"plus","name":"PLUS Ammerlaan","street":"Tongerloplein 23","city":"Udenhout","postcode":"5071CX","osm":"node/1921982802"}},{"type":"Feature","id":1921984688,"geometry":{"type":"Point","coordinates":[4.249613,51.973731]},"properties":{"chain":"jumbo","name":"Jumbo","street":"Oranjeplein 40","city":"De Lier","postcode":"2678GP","osm":"node/1921984688"}},{"type":"Feature","id":1921984704,"geometry":{"type":"Point","coordinates":[4.251183,51.974554]},"properties":{"chain":"ah","name":"Albert Heijn","street":"Hoofdstraat 76A","city":"De Lier","postcode":"2678CL","osm":"node/1921984704"}},{"type":"Feature","id":1925327550,"geometry":{"type":"Point","coordinates":[4.267953,52.080296]},"properties":{"chain":"ah","name":"Albert Heijn","street":"Fahrenheitstraat 709","city":"'s-Gravenhage","postcode":"2561DE","osm":"node/1925327550"}},{"type":"Feature","id":1927701414,"geometry":{"type":"Point","coordinates":[6.678982,52.365689]},"properties":{"chain":"plus","name":"PLUS Schuldink","street":"Eskerplein 11","city":"Almelo","postcode":"7603WH","osm":"node/1927701414"}},{"type":"Feature","id":1927701417,"geometry":{"type":"Point","coordinates":[6.679372,52.365788]},"properties":{"chain":"lidl","name":"Lidl","street":"Eskerplein 5","city":"Almelo","postcode":"7603WH","osm":"node/1927701417"}},{"type":"Feature","id":1928917587,"geometry":{"type":"Point","coordinates":[4.501392,51.988563]},"properties":{"chain":"plus","name":"PLUS Koelhuis","street":"de Vlashoeck 24-30","city":"Bergschenhoek","postcode":"2661LM","osm":"node/1928917587"}},{"type":"Feature","id":1929115195,"geometry":{"type":"Point","coordinates":[6.159578,53.179251]},"properties":{"chain":"aldi","name":"ALDI","street":"Gedempte Vaart 29","city":"Surhuisterveen","postcode":"9231AS","osm":"node/1929115195"}},{"type":"Feature","id":1929295587,"geometry":{"type":"Point","coordinates":[6.753198,52.302055]},"properties":{"chain":"plus","name":"PLUS","street":"De Höfte 4","city":"Borne","postcode":"7622TL","osm":"node/1929295587"}},{"type":"Feature","id":1931233276,"geometry":{"type":"Point","coordinates":[6.276979,52.386279]},"properties":{"chain":"ah","name":"Albert Heijn","street":"Molenhof 20","city":"Raalte","postcode":"8102EX","osm":"node/1931233276"}},{"type":"Feature","id":1933744646,"geometry":{"type":"Point","coordinates":[6.88419,52.211786]},"properties":{"chain":"lidl","name":"Lidl","street":"Slijpsteen 11","city":"Enschede","postcode":"7513JB","osm":"node/1933744646"}},{"type":"Feature","id":1938130639,"geometry":{"type":"Point","coordinates":[4.318423,52.073671]},"properties":{"chain":"ah","name":"Albert Heijn","street":"Stationsweg 16","city":"'s-Gravenhage","postcode":"2515BN","osm":"node/1938130639"}},{"type":"Feature","id":1938811956,"geometry":{"type":"Point","coordinates":[4.620314,52.356076]},"properties":{"chain":"ah","name":"Albert Heijn","street":"Blekersvaartweg 57","city":"Heemstede","postcode":"2101CD","osm":"node/1938811956"}},{"type":"Feature","id":1947722738,"geometry":{"type":"Point","coordinates":[4.703119,52.032328]},"properties":{"chain":"jumbo","name":"Jumbo","street":"Ruigenburg 2","city":"Gouda","postcode":"2804VT","osm":"node/1947722738"}},{"type":"Feature","id":1949306625,"geometry":{"type":"Point","coordinates":[4.486161,51.923194]},"properties":{"chain":"jumbo","name":"Jumbo","street":"Botersloot 13-19","city":"Rotterdam","postcode":"3011HE","osm":"node/1949306625"}},{"type":"Feature","id":1950023105,"geometry":{"type":"Point","coordinates":[6.969139,53.17609]},"properties":{"chain":"jumbo","name":"Jumbo","street":"Vredenhovenstraat 3","city":"Scheemda","postcode":"9679AL","osm":"node/1950023105"}},{"type":"Feature","id":1950391867,"geometry":{"type":"Point","coordinates":[4.291099,52.048927]},"properties":{"chain":"ah","name":"Albert Heijn","street":"Betje Wolffstraat 134","city":"'s-Gravenhage","postcode":"2533HT","osm":"node/1950391867"}},{"type":"Feature","id":1958155985,"geometry":{"type":"Point","coordinates":[7.03252,53.156743]},"properties":{"chain":"plus","name":"PLUS","street":"Jachtlaan 11","city":"Winschoten","postcode":"9675JA","osm":"node/1958155985"}},{"type":"Feature","id":1962428167,"geometry":{"type":"Point","coordinates":[4.559706,52.261508]},"properties":{"chain":"ah","name":"Albert Heijn","osm":"node/1962428167"}},{"type":"Feature","id":1962671624,"geometry":{"type":"Point","coordinates":[5.430717,52.195978]},"properties":{"chain":"ah","name":"Albert Heijn","street":"Buma 1","city":"Amersfoort","postcode":"3825ME","osm":"node/1962671624"}},{"type":"Feature","id":1964642399,"geometry":{"type":"Point","coordinates":[5.427729,52.128746]},"properties":{"chain":"jumbo","name":"Jumbo","street":"'t Plein 29","city":"Leusden","postcode":"3831CR","osm":"node/1964642399"}},{"type":"Feature","id":1965698826,"geometry":{"type":"Point","coordinates":[4.972265,52.322627]},"properties":{"chain":"ah","name":"Albert Heijn","street":"Harriet Freezerstraat 96","city":"Amsterdam","postcode":"1103JP","osm":"node/1965698826"}},{"type":"Feature","id":1969061889,"geometry":{"type":"Point","coordinates":[4.265728,51.978197]},"properties":{"chain":"lidl","name":"Lidl","street":"Lierweg 107","city":"De Lier","postcode":"2678CV","osm":"node/1969061889"}},{"type":"Feature","id":1973701375,"geometry":{"type":"Point","coordinates":[5.381999,52.158788]},"properties":{"chain":"ah","name":"Albert Heijn","street":"Eemplein 65","city":"Amersfoort","postcode":"3812EA","osm":"node/1973701375"}},{"type":"Feature","id":1976782960,"geometry":{"type":"Point","coordinates":[4.281569,52.075971]},"properties":{"chain":"ah","name":"Albert Heijn","street":"Weimarstraat 118","city":"'s-Gravenhage","postcode":"2562HC","osm":"node/1976782960"}},{"type":"Feature","id":1976791444,"geometry":{"type":"Point","coordinates":[6.570036,52.46095]},"properties":{"chain":"plus","name":"PLUS","street":"De Koele 5","city":"Vroomshoop","postcode":"7681DE","osm":"node/1976791444"}},{"type":"Feature","id":1980744023,"geometry":{"type":"Point","coordinates":[6.566963,52.456131]},"properties":{"chain":"lidl","name":"Lidl","street":"Linderflier 25a","city":"Vroomshoop","postcode":"7681ZK","osm":"node/1980744023"}},{"type":"Feature","id":1981957830,"geometry":{"type":"Point","coordinates":[6.005417,52.878501]},"properties":{"chain":"jumbo","name":"Jumbo","street":"Markt 31","city":"Wolvega","postcode":"8471AS","osm":"node/1981957830"}},{"type":"Feature","id":1987552046,"geometry":{"type":"Point","coordinates":[5.973055,51.522869]},"properties":{"chain":"ah","name":"Albert Heijn Jan Linders","street":"De Gouden Leeuw 8","city":"Venray","postcode":"5801BX","osm":"node/1987552046"}},{"type":"Feature","id":1987578949,"geometry":{"type":"Point","coordinates":[5.972861,51.526704]},"properties":{"chain":"jumbo","name":"Jumbo","street":"De Bleek 30","city":"Venray","postcode":"5801MD","osm":"node/1987578949"}},{"type":"Feature","id":1992122614,"geometry":{"type":"Point","coordinates":[4.747985,52.61929]},"properties":{"chain":"ah","name":"Albert Heijn","street":"Geert Groteplein 7","city":"Alkmaar","postcode":"1813BM","osm":"node/1992122614"}},{"type":"Feature","id":1992122628,"geometry":{"type":"Point","coordinates":[4.747601,52.618724]},"properties":{"chain":"lidl","name":"Lidl","street":"Boendalestraat 6","city":"Alkmaar","postcode":"1813BT","osm":"node/1992122628"}},{"type":"Feature","id":1992361315,"geometry":{"type":"Point","coordinates":[4.589389,51.931989]},"properties":{"chain":"ah","name":"Albert Heijn","osm":"node/1992361315"}},{"type":"Feature","id":1993725100,"geometry":{"type":"Point","coordinates":[5.252007,51.802974]},"properties":{"chain":"aldi","name":"ALDI","street":"Fiep Westendorpplein 2","city":"Zaltbommel","osm":"node/1993725100"}},{"type":"Feature","id":1994930955,"geometry":{"type":"Point","coordinates":[6.699365,53.21352]},"properties":{"chain":"plus","name":"PLUS Van der Luit","street":"Hoofdweg 42","city":"Harkstede","postcode":"9617AH","osm":"node/1994930955"}},{"type":"Feature","id":2005375782,"geometry":{"type":"Point","coordinates":[4.514575,52.063958]},"properties":{"chain":"lidl","name":"Lidl","street":"Petuniatuin 54","city":"Zoetermeer","postcode":"2724NB","osm":"node/2005375782"}},{"type":"Feature","id":2009505389,"geometry":{"type":"Point","coordinates":[6.610188,52.134759]},"properties":{"chain":"ah","name":"Albert Heijn","street":"Borculoseweg 11","city":"Neede","postcode":"7161GP","osm":"node/2009505389"}},{"type":"Feature","id":2020333196,"geometry":{"type":"Point","coordinates":[5.97174,50.945425]},"properties":{"chain":"ah","name":"Albert Heijn Jan Linders","street":"Kerkstraat 40","city":"Brunssum","postcode":"6441BE","osm":"node/2020333196"}},{"type":"Feature","id":2024887036,"geometry":{"type":"Point","coordinates":[4.849778,52.349288]},"properties":{"chain":"ah","name":"Albert Heijn","street":"Rietwijkerstraat 22","city":"Amsterdam","osm":"node/2024887036"}},{"type":"Feature","id":2026429249,"geometry":{"type":"Point","coordinates":[5.081787,51.983719]},"properties":{"chain":"plus","name":"PLUS Michael de Bruijn","street":"Ursulinenhof 77","city":"Vianen","postcode":"4133DC","osm":"node/2026429249"}},{"type":"Feature","id":2032098608,"geometry":{"type":"Point","coordinates":[5.092801,51.81418]},"properties":{"chain":"plus","name":"PLUS","street":"Molenkampsweg 3","city":"Brakel","postcode":"5306VN","osm":"node/2032098608"}},{"type":"Feature","id":2038463095,"geometry":{"type":"Point","coordinates":[6.409964,53.244504]},"properties":{"chain":"ah","name":"Albert Heijn","street":"Burgemeester Kruisingalaan 5","city":"Zuidhorn","postcode":"9801BH","osm":"node/2038463095"}},{"type":"Feature","id":2043936316,"geometry":{"type":"Point","coordinates":[5.102461,51.994372]},"properties":{"chain":"aldi","name":"ALDI","street":"Vijfheerenlanden 545","city":"Vianen","postcode":"4131GT","osm":"node/2043936316"}},{"type":"Feature","id":2043944962,"geometry":{"type":"Point","coordinates":[5.094177,51.991482]},"properties":{"chain":"jumbo","name":"Jumbo","street":"Lijnbaan 7","city":"Vianen","postcode":"4132CB","osm":"node/2043944962"}},{"type":"Feature","id":2046267707,"geometry":{"type":"Point","coordinates":[5.178165,52.017065]},"properties":{"chain":"ah","name":"Albert Heijn","street":"Cardo 12","city":"Houten","postcode":"3995XM","osm":"node/2046267707"}},{"type":"Feature","id":2054761396,"geometry":{"type":"Point","coordinates":[7.036157,53.143004]},"properties":{"chain":"lidl","name":"Lidl","street":"Synagoge-passage 5","city":"Winschoten","postcode":"9671ED","osm":"node/2054761396"}},{"type":"Feature","id":2063763264,"geometry":{"type":"Point","coordinates":[4.418046,52.212148]},"properties":{"chain":"lidl","name":"Lidl","street":"Melkweg 149","city":"Katwijk","postcode":"2221NP","osm":"node/2063763264"}},{"type":"Feature","id":2065059854,"geometry":{"type":"Point","coordinates":[5.394517,51.496058]},"properties":{"chain":"ah","name":"Albert Heijn","street":"Wilhelminaplein 6","city":"Best","postcode":"5684VK","osm":"node/2065059854"}},{"type":"Feature","id":2074710656,"geometry":{"type":"Point","coordinates":[6.314264,52.103147]},"properties":{"chain":"ah","name":"Albert Heijn","street":"Dorpsstraat 18","city":"Vorden","postcode":"7251BB","osm":"node/2074710656"}},{"type":"Feature","id":2078702653,"geometry":{"type":"Point","coordinates":[4.651072,52.126426]},"properties":{"chain":"aldi","name":"ALDI","street":"Euromarkt 89","city":"Alphen aan den Rijn","postcode":"2408BC","osm":"node/2078702653"}},{"type":"Feature","id":2082716265,"geometry":{"type":"Point","coordinates":[6.580511,52.988885]},"properties":{"chain":"aldi","name":"ALDI","osm":"node/2082716265"}},{"type":"Feature","id":2082716266,"geometry":{"type":"Point","coordinates":[6.580722,52.988521]},"properties":{"chain":"ah","name":"Albert Heijn","street":"Bremstraat 9","city":"Assen","postcode":"9404GA","osm":"node/2082716266"}},{"type":"Feature","id":2082773156,"geometry":{"type":"Point","coordinates":[5.238368,51.952236]},"properties":{"chain":"plus","name":"PLUS","street":"Chopinplein 10","city":"Culemborg","postcode":"4102CV","osm":"node/2082773156"}},{"type":"Feature","id":2099791592,"geometry":{"type":"Point","coordinates":[6.618033,53.231031]},"properties":{"chain":"lidl","name":"Lidl","street":"Rijksweg 129b","city":"Groningen","postcode":"9731AH","osm":"node/2099791592"}},{"type":"Feature","id":2102080844,"geometry":{"type":"Point","coordinates":[5.792183,53.199194]},"properties":{"chain":"ah","name":"Albert Heijn","street":"Prins Hendrikstraat 2a","city":"Leeuwarden","postcode":"8911BK","osm":"node/2102080844"}},{"type":"Feature","id":2102925050,"geometry":{"type":"Point","coordinates":[5.801715,53.205761]},"properties":{"chain":"jumbo","name":"Jumbo","street":"Hoeksterpad 1","city":"Leeuwarden","postcode":"8911JV","osm":"node/2102925050"}},{"type":"Feature","id":2105447710,"geometry":{"type":"Point","coordinates":[4.46185,51.927001]},"properties":{"chain":"ah","name":"Albert Heijn","street":"Bentinckplein 40","city":"Rotterdam","postcode":"3039KM","osm":"node/2105447710"}},{"type":"Feature","id":2106182415,"geometry":{"type":"Point","coordinates":[5.316183,51.598498]},"properties":{"chain":"plus","name":"PLUS","osm":"node/2106182415"}},{"type":"Feature","id":2108935575,"geometry":{"type":"Point","coordinates":[4.684139,51.826136]},"properties":{"chain":"jumbo","name":"Jumbo","street":"Meentpassage 4","city":"Papendrecht","postcode":"3353HH","osm":"node/2108935575"}},{"type":"Feature","id":2110769434,"geometry":{"type":"Point","coordinates":[5.964243,51.51925]},"properties":{"chain":"aldi","name":"ALDI","street":"Veltumse Kleffen 50","city":"Venray","postcode":"5801SH","osm":"node/2110769434"}},{"type":"Feature","id":2116033706,"geometry":{"type":"Point","coordinates":[4.696022,52.836234]},"properties":{"chain":"ah","name":"Albert Heijn","street":"Schoolstraat 3","city":"Callantsoog","postcode":"1759GP","osm":"node/2116033706"}},{"type":"Feature","id":2140074774,"geometry":{"type":"Point","coordinates":[4.428574,51.934443]},"properties":{"chain":"lidl","name":"Lidl","street":"Burgemeester Baumannlaan 195","city":"Rotterdam","postcode":"3042AD","osm":"node/2140074774"}},{"type":"Feature","id":2143283632,"geometry":{"type":"Point","coordinates":[5.493297,51.477439]},"properties":{"chain":"lidl","name":"Lidl","street":"Wijngaardplein 45","city":"Eindhoven","postcode":"5632MA","osm":"node/2143283632"}},{"type":"Feature","id":2153312559,"geometry":{"type":"Point","coordinates":[4.436921,51.915991]},"properties":{"chain":"lidl","name":"Lidl","street":"Mathenesserdijk 123","city":"Rotterdam","postcode":"3027BG","osm":"node/2153312559"}},{"type":"Feature","id":2154562255,"geometry":{"type":"Point","coordinates":[5.532473,52.028684]},"properties":{"chain":"ah","name":"Albert Heijn","street":"Veenslag 7","city":"Veenendaal","postcode":"3905SH","osm":"node/2154562255"}},{"type":"Feature","id":2158280478,"geometry":{"type":"Point","coordinates":[4.622926,52.460892]},"properties":{"chain":"ah","name":"Albert Heijn","street":"Dudokplein 10","city":"IJmuiden","postcode":"1971EP","osm":"node/2158280478"}},{"type":"Feature","id":2180617027,"geometry":{"type":"Point","coordinates":[5.607631,51.601132]},"properties":{"chain":"ah","name":"Albert Heijn","street":"Cruijgenstraat 3","city":"Erp","postcode":"5469BS","osm":"node/2180617027"}},{"type":"Feature","id":2190003045,"geometry":{"type":"Point","coordinates":[4.876026,52.383624]},"properties":{"chain":"ah","name":"Albert Heijn","street":"Van Limburg Stirumstraat 44","city":"Amsterdam","postcode":"1051BC","osm":"node/2190003045"}},{"type":"Feature","id":2208096779,"geometry":{"type":"Point","coordinates":[6.295921,51.967455]},"properties":{"chain":"ah","name":"Albert Heijn","osm":"node/2208096779"}},{"type":"Feature","id":2208147925,"geometry":{"type":"Point","coordinates":[6.135903,52.01317]},"properties":{"chain":"ah","name":"Albert Heijn","street":"Ooipoortstraat 12","city":"Doesburg","postcode":"6981DV","osm":"node/2208147925"}},{"type":"Feature","id":2215806492,"geometry":{"type":"Point","coordinates":[5.453184,51.440587]},"properties":{"chain":"ah","name":"Albert Heijn","street":"Strijpsestraat 137A","city":"Eindhoven","postcode":"5616GM","osm":"node/2215806492"}},{"type":"Feature","id":2217399877,"geometry":{"type":"Point","coordinates":[4.747639,51.594401]},"properties":{"chain":"jumbo","name":"Jumbo Foodmarkt","street":"Rat Verleghstraat 4","city":"Breda","postcode":"4815NZ","osm":"node/2217399877"}},{"type":"Feature","id":2218790797,"geometry":{"type":"Point","coordinates":[4.978743,52.316292]},"properties":{"chain":"ah","name":"Albert Heijn","street":"Karspeldreef 1389","city":"Amsterdam","postcode":"1104SE","osm":"node/2218790797"}},{"type":"Feature","id":2229368340,"geometry":{"type":"Point","coordinates":[5.076175,52.041816]},"properties":{"chain":"lidl","name":"Lidl","street":"Waardijnburg 10","city":"Nieuwegein","postcode":"3437AR","osm":"node/2229368340"}},{"type":"Feature","id":2237684967,"geometry":{"type":"Point","coordinates":[5.024325,51.671405]},"properties":{"chain":"plus","name":"PLUS Frans Andriessen","street":"Raadhuisplein 29","city":"Sprang-Capelle","postcode":"5161CG","osm":"node/2237684967"}},{"type":"Feature","id":2246682092,"geometry":{"type":"Point","coordinates":[5.28327,51.645825]},"properties":{"chain":"jumbo","name":"Jumbo","street":"Moleneindplein 109","city":"Vught","postcode":"5262CM","osm":"node/2246682092"}},{"type":"Feature","id":2247219170,"geometry":{"type":"Point","coordinates":[4.949888,52.623697]},"properties":{"chain":"ah","name":"Albert Heijn","street":"Vijverhof 9","city":"Avenhorn","postcode":"1633DS","osm":"node/2247219170"}},{"type":"Feature","id":2247219897,"geometry":{"type":"Point","coordinates":[4.947248,52.624008]},"properties":{"chain":"lidl","name":"Lidl","street":"Vijverhof 42","city":"Avenhorn","postcode":"1633DT","osm":"node/2247219897"}},{"type":"Feature","id":2253177969,"geometry":{"type":"Point","coordinates":[6.374726,53.361149]},"properties":{"chain":"aldi","name":"ALDI","street":"De Nije Nering 16","city":"Leens","postcode":"9965NA","osm":"node/2253177969"}},{"type":"Feature","id":2253177971,"geometry":{"type":"Point","coordinates":[6.375624,53.361024]},"properties":{"chain":"jumbo","name":"Jumbo","street":"De Nije Nering 2","city":"Leens","postcode":"9965NA","osm":"node/2253177971"}},{"type":"Feature","id":2266316628,"geometry":{"type":"Point","coordinates":[5.651073,52.017513]},"properties":{"chain":"ah","name":"Albert Heijn","street":"Stadspoort 1","city":"Ede","postcode":"6716RH","osm":"node/2266316628"}},{"type":"Feature","id":2266860053,"geometry":{"type":"Point","coordinates":[4.609955,51.81956]},"properties":{"chain":"lidl","name":"Lidl","street":"Oudeland 122","city":"Zwijndrecht","postcode":"3335VJ","osm":"node/2266860053"}},{"type":"Feature","id":2272190662,"geometry":{"type":"Point","coordinates":[5.801287,52.965376]},"properties":{"chain":"lidl","name":"Lidl","street":"Elias Annes Borgerstraat 1-0018","city":"Joure","postcode":"8501NC","osm":"node/2272190662"}},{"type":"Feature","id":2283861714,"geometry":{"type":"Point","coordinates":[5.980249,51.987696]},"properties":{"chain":"aldi","name":"ALDI","street":"Churchillplein 40","city":"Velp","postcode":"6883EW","osm":"node/2283861714"}},{"type":"Feature","id":2283861732,"geometry":{"type":"Point","coordinates":[5.980186,51.987254]},"properties":{"chain":"plus","name":"PLUS","street":"Churchillplein 42","city":"Velp","postcode":"6883EW","osm":"node/2283861732"}},{"type":"Feature","id":2288042587,"geometry":{"type":"Point","coordinates":[4.501488,51.928725]},"properties":{"chain":"ah","name":"Albert Heijn","street":"Vlietlaan 61","city":"Rotterdam","postcode":"3061DV","osm":"node/2288042587"}},{"type":"Feature","id":2293002462,"geometry":{"type":"Point","coordinates":[5.985604,50.834741]},"properties":{"chain":"plus","name":"PLUS","street":"Kloosterplein 27","city":"Simpelveld","postcode":"6369AW","osm":"node/2293002462"}},{"type":"Feature","id":2296686458,"geometry":{"type":"Point","coordinates":[5.239148,52.689987]},"properties":{"chain":"lidl","name":"Lidl","street":"Princenhof 9","city":"Bovenkarspel","postcode":"1611WS","osm":"node/2296686458"}},{"type":"Feature","id":2296694255,"geometry":{"type":"Point","coordinates":[5.12983,51.682396]},"properties":{"chain":"ah","name":"Albert Heijn Jan Linders","street":"Mexicoplein 1","city":"Drunen","postcode":"5152LC","osm":"node/2296694255"}},{"type":"Feature","id":2296694594,"geometry":{"type":"Point","coordinates":[5.125439,51.687379]},"properties":{"chain":"lidl","name":"Lidl","street":"Grotestraat 50","city":"Drunen","postcode":"5151JE","osm":"node/2296694594"}},{"type":"Feature","id":2296694624,"geometry":{"type":"Point","coordinates":[5.135744,51.687228]},"properties":{"chain":"ah","name":"Albert Heijn Jan Linders","street":"Grotestraat 164B","city":"Drunen","postcode":"5151BP","osm":"node/2296694624"}},{"type":"Feature","id":2296923625,"geometry":{"type":"Point","coordinates":[4.687489,52.603853]},"properties":{"chain":"lidl","name":"Lidl","street":"Het Hoekstuk 12","city":"Heiloo","postcode":"1852KX","osm":"node/2296923625"}},{"type":"Feature","id":2296947499,"geometry":{"type":"Point","coordinates":[6.567976,53.236874]},"properties":{"chain":"plus","name":"PLUS Gils","street":"Oosterhamriklaan 263","city":"Groningen","postcode":"9715SN","osm":"node/2296947499"}},{"type":"Feature","id":2297258862,"geometry":{"type":"Point","coordinates":[4.788743,51.608828]},"properties":{"chain":"aldi","name":"ALDI","street":"Brusselstraat 10","city":"Breda","postcode":"4826NJ","osm":"node/2297258862"}},{"type":"Feature","id":2302202090,"geometry":{"type":"Point","coordinates":[5.969859,51.878132]},"properties":{"chain":"ah","name":"Albert Heijn","street":"Julianastraat 12","city":"Gendt","postcode":"6691AV","osm":"node/2302202090"}},{"type":"Feature","id":2302257343,"geometry":{"type":"Point","coordinates":[5.771553,51.862375]},"properties":{"chain":"ah","name":"Albert Heijn Jan Linders","street":"Kerkplein 72","city":"Beuningen Gld","postcode":"6641BH","osm":"node/2302257343"}},{"type":"Feature","id":2303869505,"geometry":{"type":"Point","coordinates":[5.740318,51.870073]},"properties":{"chain":"ah","name":"Albert Heijn Jan Linders","street":"de Klef 22","city":"Ewijk","postcode":"6644CT","osm":"node/2303869505"}},{"type":"Feature","id":2306660223,"geometry":{"type":"Point","coordinates":[6.99206,52.724702]},"properties":{"chain":"jumbo","name":"Jumbo","street":"Langestraat 500","city":"Klazienaveen","postcode":"7891AW","osm":"node/2306660223"}},{"type":"Feature","id":2306987476,"geometry":{"type":"Point","coordinates":[6.585091,52.231383]},"properties":{"chain":"ah","name":"Albert Heijn","street":"Weversplein 5","city":"Goor","postcode":"7471VS","osm":"node/2306987476"}},{"type":"Feature","id":2308207053,"geometry":{"type":"Point","coordinates":[5.408455,51.442225]},"properties":{"chain":"jumbo","name":"Jumbo","street":"Meerwater 8","city":"Eindhoven","postcode":"5658LM","osm":"node/2308207053"}},{"type":"Feature","id":2308207054,"geometry":{"type":"Point","coordinates":[5.409394,51.442995]},"properties":{"chain":"ah","name":"Albert Heijn","street":"Meerzand 6","city":"Eindhoven","postcode":"5658LJ","osm":"node/2308207054"}},{"type":"Feature","id":2311294156,"geometry":{"type":"Point","coordinates":[6.110235,52.482967]},"properties":{"chain":"aldi","name":"ALDI","street":"Van der Capellenstraat 145","city":"Zwolle","postcode":"8014VW","osm":"node/2311294156"}},{"type":"Feature","id":2312861839,"geometry":{"type":"Point","coordinates":[5.992325,53.191815]},"properties":{"chain":"plus","name":"PLUS","street":"Markt 53","city":"Burgum","postcode":"9251JR","osm":"node/2312861839"}},{"type":"Feature","id":2313144035,"geometry":{"type":"Point","coordinates":[5.830436,51.83552]},"properties":{"chain":"plus","name":"PLUS","street":"Molenweg 209","city":"Nijmegen","postcode":"6543VC","osm":"node/2313144035"}},{"type":"Feature","id":2313543928,"geometry":{"type":"Point","coordinates":[4.354025,51.997913]},"properties":{"chain":"jumbo","name":"Jumbo","street":"Troelstralaan 11-13","city":"Delft","postcode":"2624ET","osm":"node/2313543928"}},{"type":"Feature","id":2318737585,"geometry":{"type":"Point","coordinates":[6.674766,52.610259]},"properties":{"chain":"plus","name":"PLUS","street":"De Oostermaat 60","city":"Gramsbergen","postcode":"7783BX","osm":"node/2318737585"}},{"type":"Feature","id":2319585852,"geometry":{"type":"Point","coordinates":[6.67949,52.346742]},"properties":{"chain":"lidl","name":"Lidl","street":"Bornsestraat 206","city":"Almelo","postcode":"7601GM","osm":"node/2319585852"}},{"type":"Feature","id":2323482999,"geometry":{"type":"Point","coordinates":[5.843419,51.845623]},"properties":{"chain":"jumbo","name":"Jumbo","street":"Fenikshof 3","city":"Nijmegen","postcode":"6541RW","osm":"node/2323482999"}},{"type":"Feature","id":2327206058,"geometry":{"type":"Point","coordinates":[6.596423,52.361176]},"properties":{"chain":"ah","name":"Albert Heijn","street":"Anjelierstraat 3","city":"Wierden","postcode":"7641CD","osm":"node/2327206058"}},{"type":"Feature","id":2331048243,"geometry":{"type":"Point","coordinates":[5.330504,51.586127]},"properties":{"chain":"lidl","name":"Lidl","street":"Fellenoord 31","city":"Boxtel","postcode":"5281CA","osm":"node/2331048243"}},{"type":"Feature","id":2338484607,"geometry":{"type":"Point","coordinates":[6.603544,52.581201]},"properties":{"chain":"aldi","name":"ALDI","osm":"node/2338484607"}},{"type":"Feature","id":2340308267,"geometry":{"type":"Point","coordinates":[5.610806,51.459707]},"properties":{"chain":"ah","name":"Albert Heijn","street":"de Plaetse 87","city":"Helmond","postcode":"5708ZK","osm":"node/2340308267"}},{"type":"Feature","id":2345375751,"geometry":{"type":"Point","coordinates":[4.846751,51.70182]},"properties":{"chain":"plus","name":"PLUS","osm":"node/2345375751"}},{"type":"Feature","id":2347103168,"geometry":{"type":"Point","coordinates":[5.936398,52.944907]},"properties":{"chain":"lidl","name":"Lidl","street":"Sallandlaan 31","city":"Heerenveen","postcode":"8443BC","osm":"node/2347103168"}},{"type":"Feature","id":2354314299,"geometry":{"type":"Point","coordinates":[5.84879,51.82495]},"properties":{"chain":"plus","name":"PLUS","street":"Steenbokstraat 36","city":"Nijmegen","postcode":"6531TH","osm":"node/2354314299"}},{"type":"Feature","id":2357364990,"geometry":{"type":"Point","coordinates":[4.646802,51.83516]},"properties":{"chain":"ah","name":"Albert Heijn","street":"Sophiapromenade 14","city":"Hendrik-Ido-Ambacht","postcode":"3344PM","osm":"node/2357364990"}},{"type":"Feature","id":2361019547,"geometry":{"type":"Point","coordinates":[6.013077,51.157545]},"properties":{"chain":"ah","name":"Albert Heijn Jan Linders","street":"Markt 26","city":"Melick","postcode":"6074BB","osm":"node/2361019547"}},{"type":"Feature","id":2366287999,"geometry":{"type":"Point","coordinates":[6.761483,52.37289]},"properties":{"chain":"plus","name":"PLUS","street":"Zenderseweg 8","city":"Albergen","postcode":"7665TM","osm":"node/2366287999"}},{"type":"Feature","id":2370618146,"geometry":{"type":"Point","coordinates":[4.663636,52.496964]},"properties":{"chain":"ah","name":"Albert Heijn","street":"Wijkerbaan 2","city":"Beverwijk","postcode":"1945SE","osm":"node/2370618146"}},{"type":"Feature","id":2372291973,"geometry":{"type":"Point","coordinates":[5.686257,51.262188]},"properties":{"chain":"ah","name":"Albert Heijn","street":"Boshoverweg 59","city":"Weert","postcode":"6002AM","osm":"node/2372291973"}},{"type":"Feature","id":2377192076,"geometry":{"type":"Point","coordinates":[4.579257,52.291681]},"properties":{"chain":"aldi","name":"ALDI","osm":"node/2377192076"}},{"type":"Feature","id":2379760542,"geometry":{"type":"Point","coordinates":[5.853903,51.063979]},"properties":{"chain":"plus","name":"PLUS","osm":"node/2379760542"}},{"type":"Feature","id":2385360322,"geometry":{"type":"Point","coordinates":[6.112366,52.337011]},"properties":{"chain":"plus","name":"PLUS","street":"Aletta Jacobsplein 3","city":"Olst","postcode":"8121KG","osm":"node/2385360322"}},{"type":"Feature","id":2388310550,"geometry":{"type":"Point","coordinates":[5.704562,51.253482]},"properties":{"chain":"jumbo","name":"Jumbo","osm":"node/2388310550"}},{"type":"Feature","id":2407802775,"geometry":{"type":"Point","coordinates":[5.443363,51.616098]},"properties":{"chain":"ah","name":"Albert Heijn","street":"Molenstraat 20","city":"Schijndel","postcode":"5482GB","osm":"node/2407802775"}},{"type":"Feature","id":2411525866,"geometry":{"type":"Point","coordinates":[4.389596,51.855821]},"properties":{"chain":"aldi","name":"ALDI","street":"Kikkerstraat 4","city":"Poortugaal","postcode":"3171GH","osm":"node/2411525866"}},{"type":"Feature","id":2411530461,"geometry":{"type":"Point","coordinates":[4.390891,51.856818]},"properties":{"chain":"plus","name":"PLUS","osm":"node/2411530461"}},{"type":"Feature","id":2411543298,"geometry":{"type":"Point","coordinates":[4.368951,51.851081]},"properties":{"chain":"ah","name":"Albert Heijn","osm":"node/2411543298"}},{"type":"Feature","id":2411543482,"geometry":{"type":"Point","coordinates":[4.368284,51.850752]},"properties":{"chain":"jumbo","name":"Jumbo","street":"In de Fuik 80","city":"Hoogvliet Rotterdam","postcode":"3192HD","osm":"node/2411543482"}},{"type":"Feature","id":2418857545,"geometry":{"type":"Point","coordinates":[4.666777,51.812272]},"properties":{"chain":"ah","name":"Albert Heijn","street":"Achterom 42","city":"Dordrecht","postcode":"3311KC","osm":"node/2418857545"}},{"type":"Feature","id":2422977291,"geometry":{"type":"Point","coordinates":[5.103581,51.773817]},"properties":{"chain":"jumbo","name":"Jumbo Duijzer","street":"Groeneweg 1","city":"Veen","postcode":"4264RN","osm":"node/2422977291"}},{"type":"Feature","id":2425516023,"geometry":{"type":"Point","coordinates":[5.397503,51.41222]},"properties":{"chain":"aldi","name":"ALDI","street":"Mira 23A","city":"Veldhoven","postcode":"5505AR","osm":"node/2425516023"}},{"type":"Feature","id":2425521976,"geometry":{"type":"Point","coordinates":[5.397333,51.412623]},"properties":{"chain":"ah","name":"Albert Heijn","street":"Mira 25","city":"Veldhoven","postcode":"5505AR","osm":"node/2425521976"}},{"type":"Feature","id":2432301539,"geometry":{"type":"Point","coordinates":[5.31341,51.50426]},"properties":{"chain":"jumbo","name":"Jumbo","street":"de Loop 28","city":"Oirschot","postcode":"5688EW","osm":"node/2432301539"}},{"type":"Feature","id":2441319993,"geometry":{"type":"Point","coordinates":[4.182583,52.02999]},"properties":{"chain":"lidl","name":"Lidl","street":"van Brederodestraat 19","city":"Monster","postcode":"2681JA","osm":"node/2441319993"}},{"type":"Feature","id":2444876568,"geometry":{"type":"Point","coordinates":[4.212885,51.689551]},"properties":{"chain":"aldi","name":"ALDI","osm":"node/2444876568"}},{"type":"Feature","id":2445062164,"geometry":{"type":"Point","coordinates":[4.954152,52.39251]},"properties":{"chain":"aldi","name":"ALDI","street":"Waterlandplein 26","city":"Amsterdam","postcode":"1024LW","osm":"node/2445062164"}},{"type":"Feature","id":2445062169,"geometry":{"type":"Point","coordinates":[4.955404,52.392756]},"properties":{"chain":"ah","name":"Albert Heijn","street":"Waterlandplein 255","city":"Amsterdam","postcode":"1024LT","osm":"node/2445062169"}},{"type":"Feature","id":2445553614,"geometry":{"type":"Point","coordinates":[6.258583,52.503143]},"properties":{"chain":"ah","name":"Albert Heijn","street":"Raadhuisstraat 13","city":"Dalfsen","postcode":"7721AX","osm":"node/2445553614"}},{"type":"Feature","id":2445553619,"geometry":{"type":"Point","coordinates":[6.261964,52.506174]},"properties":{"chain":"lidl","name":"Lidl","street":"Smidswegje 5","city":"Dalfsen","postcode":"7721CM","osm":"node/2445553619"}},{"type":"Feature","id":2450219274,"geometry":{"type":"Point","coordinates":[6.651496,52.101782]},"properties":{"chain":"plus","name":"PLUS Koenders","street":"Simmelinkstraat 1","city":"Eibergen","postcode":"7151AP","osm":"node/2450219274"}},{"type":"Feature","id":2450875961,"geometry":{"type":"Point","coordinates":[3.604443,51.465258]},"properties":{"chain":"jumbo","name":"Jumbo","street":"Oranjeplein 72","city":"Oost-Souburg","postcode":"4388AH","osm":"node/2450875961"}},{"type":"Feature","id":2453549799,"geometry":{"type":"Point","coordinates":[6.861793,52.213029]},"properties":{"chain":"ah","name":"Albert Heijn","street":"Wethouder Nijhuisstraat 164","city":"Enschede","postcode":"7545NM","osm":"node/2453549799"}},{"type":"Feature","id":2456838437,"geometry":{"type":"Point","coordinates":[3.500257,51.559899]},"properties":{"chain":"ah","name":"Albert Heijn","street":"Traverse 2","city":"Domburg","postcode":"4357ET","osm":"node/2456838437"}},{"type":"Feature","id":2456904111,"geometry":{"type":"Point","coordinates":[6.900917,52.19363]},"properties":{"chain":"ah","name":"Albert Heijn","street":"Veldhoflanden 2","city":"Enschede","postcode":"7542LA","osm":"node/2456904111"}},{"type":"Feature","id":2456904112,"geometry":{"type":"Point","coordinates":[6.901298,52.193032]},"properties":{"chain":"aldi","name":"ALDI","street":"Veldhoflanden 5C","city":"Enschede","postcode":"7542LA","osm":"node/2456904112"}},{"type":"Feature","id":2458202131,"geometry":{"type":"Point","coordinates":[4.999043,52.180786]},"properties":{"chain":"jumbo","name":"Jumbo Peter Bogers","street":"Karel Doormanweg 10-25","city":"Breukelen","postcode":"3621JX","osm":"node/2458202131"}},{"type":"Feature","id":2459051167,"geometry":{"type":"Point","coordinates":[4.889624,52.423144]},"properties":{"chain":"lidl","name":"Lidl","street":"Zuideinde 280","city":"Amsterdam","postcode":"1035PM","osm":"node/2459051167"}},{"type":"Feature","id":2461393315,"geometry":{"type":"Point","coordinates":[4.703353,51.794236]},"properties":{"chain":"plus","name":"PLUS 't Lam","street":"Dubbelsteynlaan West 86-92","city":"Dordrecht","postcode":"3319EM","osm":"node/2461393315"}},{"type":"Feature","id":2462550413,"geometry":{"type":"Point","coordinates":[4.684556,51.810641]},"properties":{"chain":"plus","name":"PLUS Vogelplein","street":"Vogelplein 18","city":"Dordrecht","postcode":"3312GP","osm":"node/2462550413"}},{"type":"Feature","id":2469955739,"geometry":{"type":"Point","coordinates":[5.039727,52.306494]},"properties":{"chain":"ah","name":"Albert Heijn","street":"Achtergracht 64","city":"Weesp","postcode":"1381BP","osm":"node/2469955739"}},{"type":"Feature","id":2472720905,"geometry":{"type":"Point","coordinates":[4.994708,52.572298]},"properties":{"chain":"plus","name":"PLUS","osm":"node/2472720905"}},{"type":"Feature","id":2474846742,"geometry":{"type":"Point","coordinates":[6.575662,53.228538]},"properties":{"chain":"lidl","name":"Lidl","street":"Wielewaalplein 312","city":"Groningen","postcode":"9713BR","osm":"node/2474846742"}},{"type":"Feature","id":2475019154,"geometry":{"type":"Point","coordinates":[6.106755,52.515393]},"properties":{"chain":"plus","name":"PLUS","street":"Vechtstraat 60","city":"Zwolle","postcode":"8021AZ","osm":"node/2475019154"}},{"type":"Feature","id":2478642981,"geometry":{"type":"Point","coordinates":[6.528571,53.225231]},"properties":{"chain":"ah","name":"Albert Heijn","street":"Siersteenlaan 464","city":"Groningen","postcode":"9743ES","osm":"node/2478642981"}},{"type":"Feature","id":2489598837,"geometry":{"type":"Point","coordinates":[6.567934,53.19562]},"properties":{"chain":"lidl","name":"Lidl","street":"Van Lenneplaan 113a","city":"Groningen","postcode":"9721PE","osm":"node/2489598837"}},{"type":"Feature","id":2494104715,"geometry":{"type":"Point","coordinates":[4.49611,52.120842]},"properties":{"chain":"jumbo","name":"Jumbo Jan Versluis","street":"Dorpsstraat 34","city":"Zoeterwoude","postcode":"2381EN","osm":"node/2494104715"}},{"type":"Feature","id":2495787081,"geometry":{"type":"Point","coordinates":[4.425788,52.026336]},"properties":{"chain":"lidl","name":"Lidl","street":"Nobellaan 20","city":"Pijnacker","postcode":"2641XR","osm":"node/2495787081"}},{"type":"Feature","id":2497628393,"geometry":{"type":"Point","coordinates":[6.048675,52.522355]},"properties":{"chain":"jumbo","name":"Jumbo","street":"Petuniaplein 23","city":"Zwolle","postcode":"8042AV","osm":"node/2497628393"}},{"type":"Feature","id":2498783451,"geometry":{"type":"Point","coordinates":[4.497091,52.15973]},"properties":{"chain":"ah","name":"Albert Heijn","street":"Hooigracht 85","city":"Leiden","postcode":"2312KP","osm":"node/2498783451"}},{"type":"Feature","id":2501324486,"geometry":{"type":"Point","coordinates":[6.644311,53.348855]},"properties":{"chain":"plus","name":"PLUS","street":"Asingalaan 6","city":"Middelstum","postcode":"9991AJ","osm":"node/2501324486"}},{"type":"Feature","id":2501570546,"geometry":{"type":"Point","coordinates":[7.111194,53.026829]},"properties":{"chain":"aldi","name":"ALDI","osm":"node/2501570546"}},{"type":"Feature","id":2503146527,"geometry":{"type":"Point","coordinates":[6.054637,52.477737]},"properties":{"chain":"ah","name":"Albert Heijn","street":"Vechtstraat 7","city":"Hattem","postcode":"8051JM","osm":"node/2503146527"}},{"type":"Feature","id":2505260176,"geometry":{"type":"Point","coordinates":[5.341961,51.698881]},"properties":{"chain":"lidl","name":"Lidl","street":"Pastoor van Thiellaan 38","city":"Rosmalen","postcode":"5246BS","osm":"node/2505260176"}},{"type":"Feature","id":2505907140,"geometry":{"type":"Point","coordinates":[4.889904,52.354045]},"properties":{"chain":"ah","name":"Albert Heijn","street":"Eerste Jan Steenstraat 53","city":"Amsterdam","postcode":"1072NB","osm":"node/2505907140"}},{"type":"Feature","id":2506151110,"geometry":{"type":"Point","coordinates":[4.901508,52.357909]},"properties":{"chain":"lidl","name":"Lidl","street":"Hemonylaan 25A","city":"Amsterdam","postcode":"1074BJ","osm":"node/2506151110"}},{"type":"Feature","id":2507164270,"geometry":{"type":"Point","coordinates":[4.897093,52.357334]},"properties":{"chain":"ah","name":"Albert Heijn","street":"Stadhouderskade 101","city":"Amsterdam","postcode":"1073AW","osm":"node/2507164270"}},{"type":"Feature","id":2508122476,"geometry":{"type":"Point","coordinates":[6.113642,52.483783]},"properties":{"chain":"lidl","name":"Lidl","street":"Van der Capellenstraat 45","city":"Zwolle","postcode":"8014VV","osm":"node/2508122476"}},{"type":"Feature","id":2508494905,"geometry":{"type":"Point","coordinates":[4.102072,51.9137]},"properties":{"chain":"plus","name":"PLUS","street":"Rakkerweg 15","city":"Oostvoorne","postcode":"3233CX","osm":"node/2508494905"}},{"type":"Feature","id":2521758083,"geometry":{"type":"Point","coordinates":[4.675381,51.805904]},"properties":{"chain":"aldi","name":"ALDI","street":"Dubbeldamseweg Zuid 72","city":"Dordrecht","postcode":"3314JA","osm":"node/2521758083"}},{"type":"Feature","id":2521758108,"geometry":{"type":"Point","coordinates":[4.663576,51.791916]},"properties":{"chain":"lidl","name":"Lidl","osm":"node/2521758108"}},{"type":"Feature","id":2521758116,"geometry":{"type":"Point","coordinates":[4.726315,51.797612]},"properties":{"chain":"lidl","name":"Lidl","street":"Pearl Buck-erf 22","city":"Dordrecht","postcode":"3315BA","osm":"node/2521758116"}},{"type":"Feature","id":2521758126,"geometry":{"type":"Point","coordinates":[4.637394,51.810191]},"properties":{"chain":"lidl","name":"Lidl","street":"Karel Doormanlaan 63","city":"Zwijndrecht","postcode":"3333AK","osm":"node/2521758126"}},{"type":"Feature","id":2521758137,"geometry":{"type":"Point","coordinates":[4.685769,51.825416]},"properties":{"chain":"lidl","name":"Lidl","street":"Overtoompassage 1","city":"Papendrecht","postcode":"3353HE","osm":"node/2521758137"}},{"type":"Feature","id":2523466797,"geometry":{"type":"Point","coordinates":[6.309312,52.104967]},"properties":{"chain":"plus","name":"PLUS Van der Voort","street":"Zutphenseweg 26","city":"Vorden","postcode":"7251DK","osm":"node/2523466797"}},{"type":"Feature","id":2523897442,"geometry":{"type":"Point","coordinates":[5.814621,51.830289]},"properties":{"chain":"lidl","name":"Lidl","street":"Otto C. Huismanstraat 276","city":"Nijmegen","postcode":"6544ZR","osm":"node/2523897442"}},{"type":"Feature","id":2526793698,"geometry":{"type":"Point","coordinates":[6.106191,52.521287]},"properties":{"chain":"jumbo","name":"Jumbo Kerssies","street":"Hogenkampspassage 10","city":"Zwolle","postcode":"8022EL","osm":"node/2526793698"}},{"type":"Feature","id":2541520340,"geometry":{"type":"Point","coordinates":[6.617687,52.52741]},"properties":{"chain":"plus","name":"PLUS","street":"Dr. J.H.C. Bastingplein 16","city":"Bergentheim","postcode":"7691BG","osm":"node/2541520340"}},{"type":"Feature","id":2554472492,"geometry":{"type":"Point","coordinates":[5.656817,52.038464]},"properties":{"chain":"ah","name":"Albert Heijn","street":"Rozenplein 8","city":"Ede","postcode":"6713EN","osm":"node/2554472492"}},{"type":"Feature","id":2558794638,"geometry":{"type":"Point","coordinates":[4.544189,51.588328]},"properties":{"chain":"lidl","name":"Lidl","street":"Prof Mulderslaan 33","city":"Oudenbosch","postcode":"4731BR","osm":"node/2558794638"}},{"type":"Feature","id":2560675191,"geometry":{"type":"Point","coordinates":[5.6473,52.030591]},"properties":{"chain":"ah","name":"Albert Heijn XL","street":"Keesomstraat 3","city":"Ede","postcode":"6717AH","osm":"node/2560675191"}},{"type":"Feature","id":2573658754,"geometry":{"type":"Point","coordinates":[6.048966,51.603508]},"properties":{"chain":"lidl","name":"Lidl","street":"Mosaïque 47","city":"Bergen L","postcode":"5854AW","osm":"node/2573658754"}},{"type":"Feature","id":2575042957,"geometry":{"type":"Point","coordinates":[5.848084,51.986361]},"properties":{"chain":"plus","name":"PLUS","street":"Utrechtseweg 94","city":"Oosterbeek","postcode":"6862AP","osm":"node/2575042957"}},{"type":"Feature","id":2575043222,"geometry":{"type":"Point","coordinates":[5.84836,51.986197]},"properties":{"chain":"aldi","name":"ALDI","street":"Jacobaweg 3","city":"Oosterbeek","postcode":"6862HE","osm":"node/2575043222"}},{"type":"Feature","id":2580729751,"geometry":{"type":"Point","coordinates":[5.138147,51.482669]},"properties":{"chain":"ah","name":"Albert Heijn","street":"Gelderstraat 52","city":"Hilvarenbeek","postcode":"5081AC","osm":"node/2580729751"}},{"type":"Feature","id":2589814366,"geometry":{"type":"Point","coordinates":[4.474941,51.994059]},"properties":{"chain":"ah","name":"Albert Heijn","street":"Westerwater 2","city":"Berkel en Rodenrijs","postcode":"2651JN","osm":"node/2589814366"}},{"type":"Feature","id":2590940053,"geometry":{"type":"Point","coordinates":[4.276246,52.104227]},"properties":{"chain":"ah","name":"Albert Heijn","street":"Keizerstraat 342","city":"'s-Gravenhage","postcode":"2584BP","osm":"node/2590940053"}},{"type":"Feature","id":2590947179,"geometry":{"type":"Point","coordinates":[4.27381,52.090871]},"properties":{"chain":"ah","name":"Albert Heijn","street":"Willem de Zwijgerlaan 51","city":"'s-Gravenhage","postcode":"2582EG","osm":"node/2590947179"}},{"type":"Feature","id":2591815532,"geometry":{"type":"Point","coordinates":[4.636273,52.037299]},"properties":{"chain":"aldi","name":"ALDI","street":"Zuidplashof 2","city":"Waddinxveen","postcode":"2743CR","osm":"node/2591815532"}},{"type":"Feature","id":2592760672,"geometry":{"type":"Point","coordinates":[4.460903,51.981437]},"properties":{"chain":"ah","name":"Albert Heijn","street":"Rozenoord 2","city":"Berkel en Rodenrijs","postcode":"2651XN","osm":"node/2592760672"}},{"type":"Feature","id":2595427577,"geometry":{"type":"Point","coordinates":[4.359673,51.992987]},"properties":{"chain":"lidl","name":"Lidl","street":"Multatuliweg 67","city":"Delft","postcode":"2624CE","osm":"node/2595427577"}},{"type":"Feature","id":2596592143,"geometry":{"type":"Point","coordinates":[4.701791,52.520952]},"properties":{"chain":"ah","name":"Albert Heijn","street":"Anna van Renesseplein 1","city":"Uitgeest","postcode":"1911KT","osm":"node/2596592143"}},{"type":"Feature","id":2597968524,"geometry":{"type":"Point","coordinates":[4.330334,52.000931]},"properties":{"chain":"plus","name":"PLUS Van Leeuwen","street":"Leeuwenberg 1","city":"Den Hoorn","postcode":"2635GD","osm":"node/2597968524"}},{"type":"Feature","id":2598463170,"geometry":{"type":"Point","coordinates":[5.782205,53.206696]},"properties":{"chain":"jumbo","name":"Jumbo","street":"Eksterstraat 32","city":"Leeuwarden","postcode":"8916BV","osm":"node/2598463170"}},{"type":"Feature","id":2599511544,"geometry":{"type":"Point","coordinates":[4.358284,52.013093]},"properties":{"chain":"ah","name":"Albert Heijn","street":"Choorstraat 35","city":"Delft","postcode":"2611JE","osm":"node/2599511544"}},{"type":"Feature","id":2599775966,"geometry":{"type":"Point","coordinates":[4.369143,52.041084]},"properties":{"chain":"jumbo","name":"Jumbo","street":"Oude Kustlijn 6","city":"'s-Gravenhage","postcode":"2496SE","osm":"node/2599775966"}},{"type":"Feature","id":2602060845,"geometry":{"type":"Point","coordinates":[6.660767,52.349682]},"properties":{"chain":"aldi","name":"ALDI","street":"Bornerbroeksestraat 81","city":"Almelo","postcode":"7601BD","osm":"node/2602060845"}},{"type":"Feature","id":2602902250,"geometry":{"type":"Point","coordinates":[4.494595,52.039918]},"properties":{"chain":"jumbo","name":"Jumbo Mike Bogaard","street":"Groen-blauwlaan 109","city":"Zoetermeer","postcode":"2718GH","osm":"node/2602902250"}},{"type":"Feature","id":2602915932,"geometry":{"type":"Point","coordinates":[4.476658,52.043648]},"properties":{"chain":"ah","name":"Albert Heijn","street":"Samanthagang 64","city":"Zoetermeer","postcode":"2719CK","osm":"node/2602915932"}},{"type":"Feature","id":2605345640,"geometry":{"type":"Point","coordinates":[4.510175,52.069415]},"properties":{"chain":"jumbo","name":"Jumbo","street":"Meeuwenveld 8","city":"Zoetermeer","postcode":"2727AK","osm":"node/2605345640"}},{"type":"Feature","id":2607116385,"geometry":{"type":"Point","coordinates":[4.49508,52.071981]},"properties":{"chain":"lidl","name":"Lidl","street":"Van 't Hoffplein 2","city":"Zoetermeer","postcode":"2725EA","osm":"node/2607116385"}},{"type":"Feature","id":2607132200,"geometry":{"type":"Point","coordinates":[4.478519,52.066125]},"properties":{"chain":"lidl","name":"Lidl","street":"Titus Brandsmahove 70","city":"Zoetermeer","postcode":"2717TH","osm":"node/2607132200"}},{"type":"Feature","id":2608610125,"geometry":{"type":"Point","coordinates":[4.402215,52.065093]},"properties":{"chain":"aldi","name":"ALDI","street":"Simon Carmiggelthof 108","city":"'s-Gravenhage","postcode":"2492JM","osm":"node/2608610125"}},{"type":"Feature","id":2608631394,"geometry":{"type":"Point","coordinates":[4.402152,52.064831]},"properties":{"chain":"ah","name":"Albert Heijn","street":"Simon Carmiggelthof 55","city":"'s-Gravenhage","postcode":"2492JR","osm":"node/2608631394"}},{"type":"Feature","id":2609909766,"geometry":{"type":"Point","coordinates":[4.506994,52.175695]},"properties":{"chain":"lidl","name":"Lidl","street":"Standerdmolen 1","city":"Leiden","postcode":"2317NZ","osm":"node/2609909766"}},{"type":"Feature","id":2610260338,"geometry":{"type":"Point","coordinates":[4.477837,51.923127]},"properties":{"chain":"ah","name":"Albert Heijn","street":"Coolsingel 47","city":"Rotterdam","postcode":"3012AA","osm":"node/2610260338"}},{"type":"Feature","id":2610266222,"geometry":{"type":"Point","coordinates":[4.493664,51.922016]},"properties":{"chain":"ah","name":"Albert Heijn","street":"Groenendaal 55","city":"Rotterdam","postcode":"3011SN","osm":"node/2610266222"}},{"type":"Feature","id":2610266820,"geometry":{"type":"Point","coordinates":[4.464146,51.919022]},"properties":{"chain":"ah","name":"Albert Heijn","street":"1e Middellandstraat 56","city":"Rotterdam","postcode":"3014BG","osm":"node/2610266820"}},{"type":"Feature","id":2610273227,"geometry":{"type":"Point","coordinates":[4.469324,51.91638]},"properties":{"chain":"ah","name":"Albert Heijn","street":"Nieuwe Binnenweg 75","city":"Rotterdam","postcode":"3014GE","osm":"node/2610273227"}},{"type":"Feature","id":2613148492,"geometry":{"type":"Point","coordinates":[5.17039,52.264098]},"properties":{"chain":"lidl","name":"Lidl","street":"Laarderweg 238","city":"Bussum","postcode":"1403RN","osm":"node/2613148492"}},{"type":"Feature","id":2626278008,"geometry":{"type":"Point","coordinates":[6.347081,52.007205]},"properties":{"chain":"jumbo","name":"Jumbo","street":"Bergstraat 1","city":"Zelhem","postcode":"7021XG","osm":"node/2626278008"}},{"type":"Feature","id":2626279922,"geometry":{"type":"Point","coordinates":[6.353354,52.006183]},"properties":{"chain":"plus","name":"PLUS","street":"Halseweg 2","city":"Zelhem","postcode":"7021CZ","osm":"node/2626279922"}},{"type":"Feature","id":2626282016,"geometry":{"type":"Point","coordinates":[6.34953,52.006776]},"properties":{"chain":"aldi","name":"ALDI","street":"Markt 5","city":"Zelhem","postcode":"7021AA","osm":"node/2626282016"}},{"type":"Feature","id":2626560698,"geometry":{"type":"Point","coordinates":[4.88511,52.370417]},"properties":{"chain":"jumbo","name":"Jumbo","street":"Wolvenstraat 32","city":"Amsterdam","postcode":"1016EP","osm":"node/2626560698"}},{"type":"Feature","id":2627302658,"geometry":{"type":"Point","coordinates":[4.961776,52.520861]},"properties":{"chain":"plus","name":"PLUS","street":"Leeuwerikplein 29","city":"Purmerend","postcode":"1444HX","osm":"node/2627302658"}},{"type":"Feature","id":2627302659,"geometry":{"type":"Point","coordinates":[4.961573,52.520902]},"properties":{"chain":"lidl","name":"Lidl","street":"Leeuwerikplein 27","city":"Purmerend","postcode":"1444HX","osm":"node/2627302659"}},{"type":"Feature","id":2628403974,"geometry":{"type":"Point","coordinates":[4.390904,52.005295]},"properties":{"chain":"ah","name":"Albert Heijn","street":"Gouden Rijderplein 1","city":"Delfgauw","postcode":"2645EX","osm":"node/2628403974"}},{"type":"Feature","id":2629562908,"geometry":{"type":"Point","coordinates":[6.20266,52.139983]},"properties":{"chain":"ah","name":"Albert Heijn XL","street":"Polsbroek 77","city":"Zutphen","postcode":"7201BX","osm":"node/2629562908"}},{"type":"Feature","id":2630329111,"geometry":{"type":"Point","coordinates":[5.706499,51.880789]},"properties":{"chain":"jumbo","name":"Jumbo","street":"Leegstraat 7c","city":"Winssen","postcode":"6645BA","osm":"node/2630329111"}},{"type":"Feature","id":2630367599,"geometry":{"type":"Point","coordinates":[4.443206,52.004103]},"properties":{"chain":"ah","name":"Albert Heijn","street":"Hoefbladplein 4","city":"Pijnacker","postcode":"2643KD","osm":"node/2630367599"}},{"type":"Feature","id":2631764820,"geometry":{"type":"Point","coordinates":[4.428393,52.019346]},"properties":{"chain":"plus","name":"PLUS Sabine Zondag","street":"Hazelaarplein 1","city":"Pijnacker","postcode":"2641BD","osm":"node/2631764820"}},{"type":"Feature","id":2632271382,"geometry":{"type":"Point","coordinates":[6.923241,52.780215]},"properties":{"chain":"aldi","name":"ALDI","street":"Statenweg 109","city":"Emmen","postcode":"7824CW","osm":"node/2632271382"}},{"type":"Feature","id":2632508399,"geometry":{"type":"Point","coordinates":[6.896911,52.778046]},"properties":{"chain":"jumbo","name":"Jumbo","street":"Wilhelminastraat 7","city":"Emmen","postcode":"7811JA","osm":"node/2632508399"}},{"type":"Feature","id":2632628717,"geometry":{"type":"Point","coordinates":[4.95551,52.328837]},"properties":{"chain":"ah","name":"Albert Heijn","street":"Dalsteindreef 1009","city":"Diemen","postcode":"1112XC","osm":"node/2632628717"}},{"type":"Feature","id":2635231358,"geometry":{"type":"Point","coordinates":[6.889523,52.750653]},"properties":{"chain":"jumbo","name":"Jumbo","street":"Valkenveld 50","city":"Emmen","postcode":"7827HC","osm":"node/2635231358"}},{"type":"Feature","id":2635274401,"geometry":{"type":"Point","coordinates":[5.463149,51.470664]},"properties":{"chain":"jumbo","name":"Jumbo","street":"Gerretsonplein 67","city":"Eindhoven","postcode":"5624JP","osm":"node/2635274401"}},{"type":"Feature","id":2635883494,"geometry":{"type":"Point","coordinates":[4.390604,52.044119]},"properties":{"chain":"jumbo","name":"Jumbo","street":"Paradeplein 7","city":"Nootdorp","postcode":"2632GG","osm":"node/2635883494"}},{"type":"Feature","id":2635885937,"geometry":{"type":"Point","coordinates":[4.39015,52.044326]},"properties":{"chain":"lidl","name":"Lidl","street":"Paradeplein 17","city":"Nootdorp","postcode":"2632GG","osm":"node/2635885937"}},{"type":"Feature","id":2636315643,"geometry":{"type":"Point","coordinates":[5.583035,52.141901]},"properties":{"chain":"jumbo","name":"Jumbo","street":"Nieuwe Markt 5","city":"Barneveld","postcode":"3771CB","osm":"node/2636315643"}},{"type":"Feature","id":2636678106,"geometry":{"type":"Point","coordinates":[5.659353,52.151092]},"properties":{"chain":"plus","name":"PLUS Pater","street":"Wesselseweg 166","city":"Kootwijkerbroek","postcode":"3774RM","osm":"node/2636678106"}},{"type":"Feature","id":2636678402,"geometry":{"type":"Point","coordinates":[5.603954,52.134435]},"properties":{"chain":"plus","name":"PLUS","street":"Lavendelplein 2","city":"Barneveld","postcode":"3773CM","osm":"node/2636678402"}},{"type":"Feature","id":2636825518,"geometry":{"type":"Point","coordinates":[6.092446,52.593954]},"properties":{"chain":"jumbo","name":"Jumbo Mulder Hasselt","street":"Buiten de Venepoort 5","city":"Hasselt","postcode":"8061KM","osm":"node/2636825518"}},{"type":"Feature","id":2637018745,"geometry":{"type":"Point","coordinates":[6.045427,52.623878]},"properties":{"chain":"ah","name":"Albert Heijn","street":"Klaas Fuitestraat 42","city":"Genemuiden","postcode":"8281BZ","osm":"node/2637018745"}},{"type":"Feature","id":2637883469,"geometry":{"type":"Point","coordinates":[5.933183,52.575243]},"properties":{"chain":"lidl","name":"Lidl","street":"Grafhorsterweg 51","city":"IJsselmuiden","postcode":"8271CB","osm":"node/2637883469"}},{"type":"Feature","id":2638263448,"geometry":{"type":"Point","coordinates":[5.784157,53.194135]},"properties":{"chain":"jumbo","name":"Jumbo Ruyter","street":"Van Loonstraat 112","city":"Leeuwarden","postcode":"8932AV","osm":"node/2638263448"}},{"type":"Feature","id":2638630518,"geometry":{"type":"Point","coordinates":[5.380662,52.143488]},"properties":{"chain":"aldi","name":"ALDI","street":"Leusderweg 158","city":"Amersfoort","postcode":"3817KD","osm":"node/2638630518"}},{"type":"Feature","id":2652229518,"geometry":{"type":"Point","coordinates":[4.589797,51.929451]},"properties":{"chain":"jumbo","name":"Jumbo","street":"Koperwiek 35","city":"Capelle aan den IJssel","postcode":"2903AD","osm":"node/2652229518"}},{"type":"Feature","id":2652755077,"geometry":{"type":"Point","coordinates":[6.36563,52.194568]},"properties":{"chain":"plus","name":"PLUS","street":"Holterweg 10","city":"Laren","postcode":"7245AM","osm":"node/2652755077"}},{"type":"Feature","id":2652914954,"geometry":{"type":"Point","coordinates":[6.227869,52.170773]},"properties":{"chain":"plus","name":"PLUS Versluis","street":"Schurinklaan 16","city":"Eefde","postcode":"7211DG","osm":"node/2652914954"}},{"type":"Feature","id":2653999774,"geometry":{"type":"Point","coordinates":[6.204189,52.133002]},"properties":{"chain":"aldi","name":"ALDI","street":"Ruys de Beerenbrouckstraat 8","city":"Zutphen","postcode":"7204MN","osm":"node/2653999774"}},{"type":"Feature","id":2653999987,"geometry":{"type":"Point","coordinates":[6.198391,52.125211]},"properties":{"chain":"ah","name":"Albert Heijn","street":"De Brink 86","city":"Zutphen","postcode":"7206KC","osm":"node/2653999987"}},{"type":"Feature","id":2654144597,"geometry":{"type":"Point","coordinates":[5.141955,52.216199]},"properties":{"chain":"lidl","name":"Lidl","street":"Kapittelweg 115","city":"Hilversum","postcode":"1216HX","osm":"node/2654144597"}},{"type":"Feature","id":2654562449,"geometry":{"type":"Point","coordinates":[6.228844,52.135082]},"properties":{"chain":"ah","name":"Albert Heijn","street":"Runneboom 2","city":"Warnsveld","postcode":"7232CX","osm":"node/2654562449"}},{"type":"Feature","id":2654571450,"geometry":{"type":"Point","coordinates":[6.24407,52.126026]},"properties":{"chain":"jumbo","name":"Jumbo","street":"Rudolf Steinerlaan 47","city":"Zutphen","postcode":"7207PV","osm":"node/2654571450"}},{"type":"Feature","id":2654574895,"geometry":{"type":"Point","coordinates":[6.227799,52.137022]},"properties":{"chain":"lidl","name":"Lidl","street":"Breegraven 132","city":"Warnsveld","postcode":"7231JJ","osm":"node/2654574895"}},{"type":"Feature","id":2655943556,"geometry":{"type":"Point","coordinates":[6.211809,52.149943]},"properties":{"chain":"plus","name":"PLUS","street":"Weg naar Laren 126","city":"Zutphen","postcode":"7203HR","osm":"node/2655943556"}},{"type":"Feature","id":2663608276,"geometry":{"type":"Point","coordinates":[6.135595,52.389674]},"properties":{"chain":"ah","name":"Albert Heijn","street":"Oranjelaan 2","city":"Wijhe","postcode":"8131DB","osm":"node/2663608276"}},{"type":"Feature","id":2668529150,"geometry":{"type":"Point","coordinates":[6.496448,52.31279]},"properties":{"chain":"jumbo","name":"Jumbo","street":"Laan oud-Indiëgangers 5","city":"Rijssen","postcode":"7463CH","osm":"node/2668529150"}},{"type":"Feature","id":2669332444,"geometry":{"type":"Point","coordinates":[6.315781,51.973583]},"properties":{"chain":"aldi","name":"ALDI","street":"Houtsmastraat 148","city":"Doetinchem","postcode":"7002KK","osm":"node/2669332444"}},{"type":"Feature","id":2669332878,"geometry":{"type":"Point","coordinates":[6.315794,51.973451]},"properties":{"chain":"ah","name":"Albert Heijn","street":"Houtsmastraat 150","city":"Doetinchem","postcode":"7002KK","osm":"node/2669332878"}},{"type":"Feature","id":2671348074,"geometry":{"type":"Point","coordinates":[6.011907,51.197863]},"properties":{"chain":"plus","name":"PLUS","street":"Beekweg 6","city":"Roermond","postcode":"6042JJ","osm":"node/2671348074"}},{"type":"Feature","id":2671481154,"geometry":{"type":"Point","coordinates":[6.005003,51.177727]},"properties":{"chain":"lidl","name":"Lidl","street":"Kempweg 75","city":"Roermond","postcode":"6045EG","osm":"node/2671481154"}},{"type":"Feature","id":2671594116,"geometry":{"type":"Point","coordinates":[6.360002,51.920516]},"properties":{"chain":"plus","name":"PLUS","street":"Marktplein 1","city":"Terborg","postcode":"7061CW","osm":"node/2671594116"}},{"type":"Feature","id":2671595005,"geometry":{"type":"Point","coordinates":[6.36051,51.921273]},"properties":{"chain":"lidl","name":"Lidl","street":"Doetinchemseweg 21","city":"Terborg","postcode":"7061CP","osm":"node/2671595005"}},{"type":"Feature","id":2671731219,"geometry":{"type":"Point","coordinates":[6.346057,51.929071]},"properties":{"chain":"plus","name":"PLUS","street":"Hoofdstraat 1-001","city":"Gaanderen","postcode":"7011AA","osm":"node/2671731219"}},{"type":"Feature","id":2671733473,"geometry":{"type":"Point","coordinates":[6.347467,51.929299]},"properties":{"chain":"aldi","name":"ALDI","street":"Hoofdstraat 4","city":"Gaanderen","postcode":"7011AB","osm":"node/2671733473"}},{"type":"Feature","id":2672887773,"geometry":{"type":"Point","coordinates":[6.39277,51.907316]},"properties":{"chain":"plus","name":"PLUS Peperkamp","street":"Korhoenstraat 2","city":"Silvolde","postcode":"7064CZ","osm":"node/2672887773"}},{"type":"Feature","id":2673434875,"geometry":{"type":"Point","coordinates":[6.971124,52.215257]},"properties":{"chain":"ah","name":"Albert Heijn","street":"Gronausestraat 1130","city":"Enschede","postcode":"7534AS","osm":"node/2673434875"}},{"type":"Feature","id":2674161567,"geometry":{"type":"Point","coordinates":[4.802727,52.448115]},"properties":{"chain":"ah","name":"Albert Heijn","street":"Langeweide 77","city":"Zaandam","postcode":"1507NC","osm":"node/2674161567"}},{"type":"Feature","id":2674636742,"geometry":{"type":"Point","coordinates":[6.217298,52.24783]},"properties":{"chain":"jumbo","name":"Jumbo","street":"Flora 2","city":"Deventer","postcode":"7422LL","osm":"node/2674636742"}},{"type":"Feature","id":2674644651,"geometry":{"type":"Point","coordinates":[6.215472,52.248101]},"properties":{"chain":"ah","name":"Albert Heijn","street":"Flora 54","city":"Deventer","postcode":"7422LL","osm":"node/2674644651"}},{"type":"Feature","id":2674709488,"geometry":{"type":"Point","coordinates":[5.390272,52.173975]},"properties":{"chain":"lidl","name":"Lidl","street":"Pieter Stastokerf 52","city":"Amersfoort","postcode":"3813PR","osm":"node/2674709488"}},{"type":"Feature","id":2674711103,"geometry":{"type":"Point","coordinates":[5.389819,52.173125]},"properties":{"chain":"jumbo","name":"Jumbo","street":"Pieter Stastokerf 6","city":"Amersfoort","postcode":"3813PR","osm":"node/2674711103"}},{"type":"Feature","id":2675015702,"geometry":{"type":"Point","coordinates":[5.39821,52.185973]},"properties":{"chain":"jumbo","name":"Jumbo","street":"Emiclaerhof 248","city":"Amersfoort","postcode":"3823ET","osm":"node/2675015702"}},{"type":"Feature","id":2675025194,"geometry":{"type":"Point","coordinates":[5.509647,51.427876]},"properties":{"chain":"ah","name":"Albert Heijn","street":"Sint Petrus Canisiuslaan 43","city":"Eindhoven","postcode":"5645GC","osm":"node/2675025194"}},{"type":"Feature","id":2675590643,"geometry":{"type":"Point","coordinates":[6.206853,52.254529]},"properties":{"chain":"plus","name":"PLUS","street":"Zwaluwenburg 41","city":"Deventer","postcode":"7423DV","osm":"node/2675590643"}},{"type":"Feature","id":2677006827,"geometry":{"type":"Point","coordinates":[6.151856,52.273625]},"properties":{"chain":"plus","name":"PLUS","street":"Arkelstein 71","city":"Deventer","postcode":"7414ER","osm":"node/2677006827"}},{"type":"Feature","id":2677011002,"geometry":{"type":"Point","coordinates":[5.48891,51.426347]},"properties":{"chain":"ah","name":"Albert Heijn","street":"Leenderweg 50","city":"Eindhoven","postcode":"5615AA","osm":"node/2677011002"}},{"type":"Feature","id":2677753350,"geometry":{"type":"Point","coordinates":[6.163992,52.268788]},"properties":{"chain":"ah","name":"Albert Heijn","street":"Karel de Groteplein 20","city":"Deventer","postcode":"7415DH","osm":"node/2677753350"}},{"type":"Feature","id":2678841683,"geometry":{"type":"Point","coordinates":[6.192213,52.267579]},"properties":{"chain":"plus","name":"PLUS","street":"Smidsweg 23","city":"Schalkhaar","postcode":"7433BM","osm":"node/2678841683"}},{"type":"Feature","id":2678842421,"geometry":{"type":"Point","coordinates":[6.193684,52.267405]},"properties":{"chain":"aldi","name":"ALDI","street":"Timmermansweg 37","city":"Schalkhaar","postcode":"7433BK","osm":"node/2678842421"}},{"type":"Feature","id":2679487207,"geometry":{"type":"Point","coordinates":[6.01032,51.596785]},"properties":{"chain":"plus","name":"PLUS Verbeeten","street":"Vrijthof 15","city":"Vierlingsbeek","postcode":"5821BG","osm":"node/2679487207"}},{"type":"Feature","id":2679530376,"geometry":{"type":"Point","coordinates":[5.130547,52.095385]},"properties":{"chain":"ah","name":"Albert Heijn","street":"Biltstraat 90,92,94,96","city":"Utrecht","postcode":"3572BH","osm":"node/2679530376"}},{"type":"Feature","id":2681878382,"geometry":{"type":"Point","coordinates":[6.525088,52.117835]},"properties":{"chain":"ah","name":"Albert Heijn","street":"Lichtenhorst 1","city":"Borculo","postcode":"7271AE","osm":"node/2681878382"}},{"type":"Feature","id":2681880922,"geometry":{"type":"Point","coordinates":[6.525558,52.119143]},"properties":{"chain":"aldi","name":"ALDI","street":"Stationsweg 5","city":"Borculo","postcode":"7271AG","osm":"node/2681880922"}},{"type":"Feature","id":2681881168,"geometry":{"type":"Point","coordinates":[6.524756,52.118808]},"properties":{"chain":"plus","name":"PLUS","street":"Lichtenhorst 7","city":"Borculo","postcode":"7271AE","osm":"node/2681881168"}},{"type":"Feature","id":2683047736,"geometry":{"type":"Point","coordinates":[5.380573,52.144045]},"properties":{"chain":"ah","name":"Albert Heijn","street":"Leusderweg 79","city":"Amersfoort","postcode":"3818AA","osm":"node/2683047736"}},{"type":"Feature","id":2683428763,"geometry":{"type":"Point","coordinates":[5.366569,52.159888]},"properties":{"chain":"ah","name":"Albert Heijn","street":"Noordewierweg 113","city":"Amersfoort","postcode":"3812DD","osm":"node/2683428763"}},{"type":"Feature","id":2685481404,"geometry":{"type":"Point","coordinates":[5.966149,52.190329]},"properties":{"chain":"jumbo","name":"Jumbo Van de Bunt","street":"Schubertplein 1","city":"Apeldoorn","postcode":"7333DJ","osm":"node/2685481404"}},{"type":"Feature","id":2685494094,"geometry":{"type":"Point","coordinates":[5.97609,52.190701]},"properties":{"chain":"lidl","name":"Lidl","street":"Maasstraat 92","city":"Apeldoorn","postcode":"7333JJ","osm":"node/2685494094"}},{"type":"Feature","id":2685678017,"geometry":{"type":"Point","coordinates":[6.006003,52.195812]},"properties":{"chain":"ah","name":"Albert Heijn","street":"De Eglantier 234","city":"Apeldoorn","postcode":"7329DH","osm":"node/2685678017"}},{"type":"Feature","id":2685900224,"geometry":{"type":"Point","coordinates":[5.995416,52.203091]},"properties":{"chain":"plus","name":"PLUS","street":"Snijdersplaats 10","city":"Apeldoorn","postcode":"7328VJ","osm":"node/2685900224"}},{"type":"Feature","id":2686223916,"geometry":{"type":"Point","coordinates":[5.992593,52.221249]},"properties":{"chain":"jumbo","name":"Jumbo Wiegmans","street":"Korianderplein 61","city":"Apeldoorn","postcode":"7322NB","osm":"node/2686223916"}},{"type":"Feature","id":2686318907,"geometry":{"type":"Point","coordinates":[5.957785,52.224602]},"properties":{"chain":"aldi","name":"ALDI","street":"Koninginnelaan 40C","city":"Apeldoorn","postcode":"7315BT","osm":"node/2686318907"}},{"type":"Feature","id":2686858195,"geometry":{"type":"Point","coordinates":[5.967062,52.200374]},"properties":{"chain":"ah","name":"Albert Heijn","street":"Talingweg 169","city":"Apeldoorn","postcode":"7331GN","osm":"node/2686858195"}},{"type":"Feature","id":2687006838,"geometry":{"type":"Point","coordinates":[5.375514,52.187146]},"properties":{"chain":"ah","name":"Albert Heijn","street":"Kraailandhof 106","city":"Hoogland","postcode":"3828JM","osm":"node/2687006838"}},{"type":"Feature","id":2687026841,"geometry":{"type":"Point","coordinates":[5.962121,52.215508]},"properties":{"chain":"ah","name":"Albert Heijn","street":"Deventerstraat 10","city":"Apeldoorn","postcode":"7311BJ","osm":"node/2687026841"}},{"type":"Feature","id":2687034142,"geometry":{"type":"Point","coordinates":[5.975111,52.210906]},"properties":{"chain":"lidl","name":"Lidl","street":"Kanaal Noord 23","city":"Apeldoorn","postcode":"7311PK","osm":"node/2687034142"}},{"type":"Feature","id":2688950124,"geometry":{"type":"Point","coordinates":[4.674855,52.143756]},"properties":{"chain":"aldi","name":"ALDI","street":"Ridderhof 55","city":"Alphen aan den Rijn","postcode":"2402EN","osm":"node/2688950124"}},{"type":"Feature","id":2689841138,"geometry":{"type":"Point","coordinates":[5.447841,51.360473]},"properties":{"chain":"jumbo","name":"Jumbo","street":"Nieuwe Waalreseweg 93","city":"Valkenswaard","postcode":"5552EE","osm":"node/2689841138"}},{"type":"Feature","id":2693466019,"geometry":{"type":"Point","coordinates":[6.611042,52.043492]},"properties":{"chain":"jumbo","name":"Jumbo Bennink","street":"Den Koem 2","city":"Groenlo","postcode":"7141VW","osm":"node/2693466019"}},{"type":"Feature","id":2697853859,"geometry":{"type":"Point","coordinates":[4.636021,52.037154]},"properties":{"chain":"plus","name":"PLUS","street":"Zuidplaslaan 184","city":"Waddinxveen","postcode":"2743CP","osm":"node/2697853859"}},{"type":"Feature","id":2697946257,"geometry":{"type":"Point","coordinates":[4.652387,52.049597]},"properties":{"chain":"ah","name":"Albert Heijn","street":"Koningin Wilhelminaplein 42","city":"Waddinxveen","postcode":"2741EB","osm":"node/2697946257"}},{"type":"Feature","id":2701981757,"geometry":{"type":"Point","coordinates":[5.113381,52.097088]},"properties":{"chain":"ah","name":"Albert Heijn","street":"Oudenoord 1","city":"Utrecht","postcode":"3513EG","osm":"node/2701981757"}},{"type":"Feature","id":2703380838,"geometry":{"type":"Point","coordinates":[4.362676,52.067777]},"properties":{"chain":"ah","name":"Albert Heijn","street":"Parkweg 30A","city":"Voorburg","postcode":"2271AK","osm":"node/2703380838"}},{"type":"Feature","id":2704301948,"geometry":{"type":"Point","coordinates":[6.070552,52.64089]},"properties":{"chain":"plus","name":"PLUS","street":"Molenstraat 19","city":"Zwartsluis","postcode":"8064DH","osm":"node/2704301948"}},{"type":"Feature","id":2704594315,"geometry":{"type":"Point","coordinates":[4.336298,52.086019]},"properties":{"chain":"ah","name":"Albert Heijn","street":"Theresiastraat 182","city":"'s-Gravenhage","postcode":"2593AV","osm":"node/2704594315"}},{"type":"Feature","id":2704692952,"geometry":{"type":"Point","coordinates":[6.200241,52.647346]},"properties":{"chain":"lidl","name":"Lidl","street":"Rijksparallelweg 6","city":"Staphorst","postcode":"7951KB","osm":"node/2704692952"}},{"type":"Feature","id":2704917115,"geometry":{"type":"Point","coordinates":[4.362796,52.080612]},"properties":{"chain":"aldi","name":"ALDI","street":"Monseigneur van Steelaan 205","city":"Voorburg","postcode":"2273EM","osm":"node/2704917115"}},{"type":"Feature","id":2704918188,"geometry":{"type":"Point","coordinates":[4.35946,52.075653]},"properties":{"chain":"ah","name":"Albert Heijn","street":"Koningin Julianalaan 263","city":"Voorburg","postcode":"2273JG","osm":"node/2704918188"}},{"type":"Feature","id":2707721957,"geometry":{"type":"Point","coordinates":[6.290836,52.573547]},"properties":{"chain":"aldi","name":"ALDI","street":"Grote Markt 22","city":"Nieuwleusen","postcode":"7711CZ","osm":"node/2707721957"}},{"type":"Feature","id":2710058853,"geometry":{"type":"Point","coordinates":[4.362881,52.096856]},"properties":{"chain":"plus","name":"PLUS","street":"Ursulaland 70","city":"'s-Gravenhage","postcode":"2591HA","osm":"node/2710058853"}},{"type":"Feature","id":2711045361,"geometry":{"type":"Point","coordinates":[6.024094,50.906062]},"properties":{"chain":"jumbo","name":"Jumbo","street":"Vivaldipassage 5","city":"Landgraaf","postcode":"6371LL","osm":"node/2711045361"}},{"type":"Feature","id":2711201258,"geometry":{"type":"Point","coordinates":[5.862242,52.708686]},"properties":{"chain":"jumbo","name":"Jumbo","street":"Breestraat 29","city":"Marknesse","postcode":"8316AN","osm":"node/2711201258"}},{"type":"Feature","id":2711232281,"geometry":{"type":"Point","coordinates":[5.368083,52.247291]},"properties":{"chain":"ah","name":"Albert Heijn","street":"Anthon van der Horstlaan 2","city":"Bunschoten-Spakenburg","postcode":"3752VN","osm":"node/2711232281"}},{"type":"Feature","id":2711424490,"geometry":{"type":"Point","coordinates":[5.382269,52.250893]},"properties":{"chain":"lidl","name":"Lidl","street":"Ansjovisweg 5","city":"Bunschoten-Spakenburg","postcode":"3751BL","osm":"node/2711424490"}},{"type":"Feature","id":2711489830,"geometry":{"type":"Point","coordinates":[6.342985,52.445405]},"properties":{"chain":"plus","name":"PLUS","street":"Kroonplein 18","city":"Lemelerveld","postcode":"8151AZ","osm":"node/2711489830"}},{"type":"Feature","id":2712402708,"geometry":{"type":"Point","coordinates":[5.440952,51.419013]},"properties":{"chain":"jumbo","name":"Jumbo","street":"Kastelenplein 86","city":"Eindhoven","postcode":"5653LR","osm":"node/2712402708"}},{"type":"Feature","id":2712923213,"geometry":{"type":"Point","coordinates":[4.335404,52.054293]},"properties":{"chain":"ah","name":"Albert Heijn","street":"Kerklaan 74","city":"Rijswijk","postcode":"2282CL","osm":"node/2712923213"}},{"type":"Feature","id":2713008420,"geometry":{"type":"Point","coordinates":[4.403852,52.096808]},"properties":{"chain":"aldi","name":"ALDI","street":"Prins Frederiklaan 203","city":"Leidschendam","postcode":"2263HA","osm":"node/2713008420"}},{"type":"Feature","id":2713016122,"geometry":{"type":"Point","coordinates":[4.657494,52.364238]},"properties":{"chain":"lidl","name":"Lidl","street":"Professor Donderslaan 1","city":"Haarlem","postcode":"2035EG","osm":"node/2713016122"}},{"type":"Feature","id":2713168426,"geometry":{"type":"Point","coordinates":[5.568824,51.957847]},"properties":{"chain":"ah","name":"Albert Heijn","street":"M.W. van de Waalstraat 2","city":"Rhenen","postcode":"3911LP","osm":"node/2713168426"}},{"type":"Feature","id":2714111994,"geometry":{"type":"Point","coordinates":[6.07465,52.432155]},"properties":{"chain":"ah","name":"Albert Heijn","street":"W.H. van de Pollstraat 2","city":"Wapenveld","postcode":"8191DA","osm":"node/2714111994"}},{"type":"Feature","id":2714807825,"geometry":{"type":"Point","coordinates":[4.629809,52.393315]},"properties":{"chain":"ah","name":"Albert Heijn","street":"Santpoorterstraat 41","city":"Haarlem","postcode":"2023DB","osm":"node/2714807825"}},{"type":"Feature","id":2714961037,"geometry":{"type":"Point","coordinates":[6.123808,52.798384]},"properties":{"chain":"lidl","name":"Lidl","street":"Woldmeentherand 1","city":"Steenwijk","postcode":"8332JE","osm":"node/2714961037"}},{"type":"Feature","id":2715765094,"geometry":{"type":"Point","coordinates":[4.645145,52.398438]},"properties":{"chain":"ah","name":"Albert Heijn","street":"Soendaplein 18","city":"Haarlem","postcode":"2022BA","osm":"node/2715765094"}},{"type":"Feature","id":2715832244,"geometry":{"type":"Point","coordinates":[4.64824,52.39044]},"properties":{"chain":"aldi","name":"ALDI","street":"Werfstraat 7","city":"Haarlem","postcode":"2021BP","osm":"node/2715832244"}},{"type":"Feature","id":2716119392,"geometry":{"type":"Point","coordinates":[4.394572,52.145624]},"properties":{"chain":"jumbo","name":"Jumbo","street":"Luifelbaan 1","city":"Wassenaar","postcode":"2242KT","osm":"node/2716119392"}},{"type":"Feature","id":2716128196,"geometry":{"type":"Point","coordinates":[6.464388,51.941302]},"properties":{"chain":"aldi","name":"ALDI","street":"Burgemeester van der Zandestraat 9A","city":"Varsseveld","postcode":"7051CS","osm":"node/2716128196"}},{"type":"Feature","id":2716266541,"geometry":{"type":"Point","coordinates":[4.460986,52.142134]},"properties":{"chain":"jumbo","name":"Jumbo","street":"Planciusplantsoen 25","city":"Voorschoten","postcode":"2253TS","osm":"node/2716266541"}},{"type":"Feature","id":2716289932,"geometry":{"type":"Point","coordinates":[4.315355,52.035828]},"properties":{"chain":"ah","name":"Albert Heijn XL","street":"Bogaardplein 22","city":"Rijswijk","postcode":"2284DM","osm":"node/2716289932"}},{"type":"Feature","id":2716757057,"geometry":{"type":"Point","coordinates":[5.456394,52.176254]},"properties":{"chain":"ah","name":"Albert Heijn","street":"Kantemarsweg 10","city":"Hoevelaken","postcode":"3871AP","osm":"node/2716757057"}},{"type":"Feature","id":2716762720,"geometry":{"type":"Point","coordinates":[4.647068,52.417046]},"properties":{"chain":"ah","name":"Albert Heijn","street":"Marsmanplein 222","city":"Haarlem","postcode":"2025DV","osm":"node/2716762720"}},{"type":"Feature","id":2716780707,"geometry":{"type":"Point","coordinates":[5.454776,52.176037]},"properties":{"chain":"lidl","name":"Lidl","street":"De Brink 7","city":"Hoevelaken","postcode":"3871AM","osm":"node/2716780707"}},{"type":"Feature","id":2718956048,"geometry":{"type":"Point","coordinates":[5.484295,52.221534]},"properties":{"chain":"plus","name":"PLUS","street":"Wheemplein 31a","city":"Nijkerk","postcode":"3861BA","osm":"node/2718956048"}},{"type":"Feature","id":2719246333,"geometry":{"type":"Point","coordinates":[5.490303,52.215183]},"properties":{"chain":"aldi","name":"ALDI","street":"Hoefslag 53","city":"Nijkerk","postcode":"3862KA","osm":"node/2719246333"}},{"type":"Feature","id":2719662779,"geometry":{"type":"Point","coordinates":[5.604061,52.186968]},"properties":{"chain":"jumbo","name":"Jumbo","street":"Hoofdstraat 155C","city":"Voorthuizen","postcode":"3781AD","osm":"node/2719662779"}},{"type":"Feature","id":2719664023,"geometry":{"type":"Point","coordinates":[5.608767,52.18649]},"properties":{"chain":"ah","name":"Albert Heijn","street":"Smidsplein 21","city":"Voorthuizen","postcode":"3781GR","osm":"node/2719664023"}},{"type":"Feature","id":2719858312,"geometry":{"type":"Point","coordinates":[5.914456,51.987072]},"properties":{"chain":"plus","name":"PLUS","street":"Hommelseweg 100","city":"Arnhem","postcode":"6821LN","osm":"node/2719858312"}},{"type":"Feature","id":2719865353,"geometry":{"type":"Point","coordinates":[5.922057,51.989154]},"properties":{"chain":"ah","name":"Albert Heijn","street":"Klarendalseweg 139","city":"Arnhem","postcode":"6822GG","osm":"node/2719865353"}},{"type":"Feature","id":2720594597,"geometry":{"type":"Point","coordinates":[5.394523,51.512828]},"properties":{"chain":"aldi","name":"ALDI","street":"Secretaris L. Jansenstraat 34","city":"Best","postcode":"5682AC","osm":"node/2720594597"}},{"type":"Feature","id":2720623681,"geometry":{"type":"Point","coordinates":[5.396976,51.512982]},"properties":{"chain":"plus","name":"PLUS","street":"Den Ekker 1B","city":"Best","postcode":"5683KE","osm":"node/2720623681"}},{"type":"Feature","id":2721199804,"geometry":{"type":"Point","coordinates":[5.910756,52.00418]},"properties":{"chain":"plus","name":"PLUS","street":"Beethovenlaan 61","city":"Arnhem","postcode":"6815BL","osm":"node/2721199804"}},{"type":"Feature","id":2722171957,"geometry":{"type":"Point","coordinates":[4.296977,52.019633]},"properties":{"chain":"lidl","name":"Lidl","street":"Parijsplein 3","city":"'s-Gravenhage","postcode":"2548VL","osm":"node/2722171957"}},{"type":"Feature","id":2722262579,"geometry":{"type":"Point","coordinates":[5.94922,51.983125]},"properties":{"chain":"plus","name":"PLUS","street":"Hanzestraat 277","city":"Arnhem","postcode":"6826MJ","osm":"node/2722262579"}},{"type":"Feature","id":2722381857,"geometry":{"type":"Point","coordinates":[5.933653,51.972945]},"properties":{"chain":"lidl","name":"Lidl","street":"Dr. C. Lelyweg 9C","city":"Arnhem","postcode":"6827BH","osm":"node/2722381857"}},{"type":"Feature","id":2722488580,"geometry":{"type":"Point","coordinates":[4.312844,52.078274]},"properties":{"chain":"ah","name":"Albert Heijn","street":"Hofweg 11","city":"'s-Gravenhage","postcode":"2511AA","osm":"node/2722488580"}},{"type":"Feature","id":2724309279,"geometry":{"type":"Point","coordinates":[5.92049,51.962618]},"properties":{"chain":"lidl","name":"Lidl","street":"Kruidenplein 5","city":"Arnhem","postcode":"6833GV","osm":"node/2724309279"}},{"type":"Feature","id":2724419773,"geometry":{"type":"Point","coordinates":[5.623228,52.66265]},"properties":{"chain":"aldi","name":"ALDI","street":"Nagel 34","city":"Urk","postcode":"8321RG","osm":"node/2724419773"}},{"type":"Feature","id":2724422566,"geometry":{"type":"Point","coordinates":[5.62404,52.662884]},"properties":{"chain":"ah","name":"Albert Heijn","street":"Nagel 42","city":"Urk","postcode":"8321RG","osm":"node/2724422566"}},{"type":"Feature","id":2724424315,"geometry":{"type":"Point","coordinates":[5.625214,52.663025]},"properties":{"chain":"jumbo","name":"Jumbo","street":"Nagel 60","city":"Urk","postcode":"8321RG","osm":"node/2724424315"}},{"type":"Feature","id":2724424778,"geometry":{"type":"Point","coordinates":[5.595625,52.665619]},"properties":{"chain":"jumbo","name":"Jumbo","street":"Flevostraat 7","city":"Urk","postcode":"8321HH","osm":"node/2724424778"}},{"type":"Feature","id":2725526992,"geometry":{"type":"Point","coordinates":[5.859302,51.961062]},"properties":{"chain":"jumbo","name":"Jumbo","street":"Elderveldplein 12","city":"Arnhem","postcode":"6843JA","osm":"node/2725526992"}},{"type":"Feature","id":2725536029,"geometry":{"type":"Point","coordinates":[5.859765,51.960738]},"properties":{"chain":"lidl","name":"Lidl","street":"Elderveldplein 5","city":"Arnhem","postcode":"6843JA","osm":"node/2725536029"}},{"type":"Feature","id":2725683550,"geometry":{"type":"Point","coordinates":[5.907762,51.967199]},"properties":{"chain":"ah","name":"Albert Heijn","street":"Drieslag 4","city":"Arnhem","postcode":"6832AM","osm":"node/2725683550"}},{"type":"Feature","id":2725921529,"geometry":{"type":"Point","coordinates":[4.321391,52.070284]},"properties":{"chain":"jumbo","name":"Jumbo","street":"Stationsplein 1","city":"'s-Gravenhage","postcode":"2515BT","osm":"node/2725921529"}},{"type":"Feature","id":2726037785,"geometry":{"type":"Point","coordinates":[5.893896,51.941814]},"properties":{"chain":"jumbo","name":"Jumbo","street":"Op het Toneel 2","city":"Arnhem","postcode":"6836ND","osm":"node/2726037785"}},{"type":"Feature","id":2726129537,"geometry":{"type":"Point","coordinates":[5.093993,52.074988]},"properties":{"chain":"lidl","name":"Lidl","street":"Hammarskjöldhof 5","city":"Utrecht","postcode":"3527HC","osm":"node/2726129537"}},{"type":"Feature","id":2726499133,"geometry":{"type":"Point","coordinates":[5.866786,51.94866]},"properties":{"chain":"jumbo","name":"Jumbo","street":"Oostburgwal 12","city":"Arnhem","postcode":"6845CZ","osm":"node/2726499133"}},{"type":"Feature","id":2726541316,"geometry":{"type":"Point","coordinates":[5.859388,51.95105]},"properties":{"chain":"plus","name":"PLUS","street":"Kroonse Wal 10","city":"Arnhem","postcode":"6844GS","osm":"node/2726541316"}},{"type":"Feature","id":2727107866,"geometry":{"type":"Point","coordinates":[5.938534,51.997761]},"properties":{"chain":"jumbo","name":"Jumbo","street":"Rosendaalseweg 696","city":"Arnhem","postcode":"6824KT","osm":"node/2727107866"}},{"type":"Feature","id":2727325704,"geometry":{"type":"Point","coordinates":[4.299825,52.062364]},"properties":{"chain":"lidl","name":"Lidl","street":"Wesselsstraat 500","city":"'s-Gravenhage","postcode":"2572WC","osm":"node/2727325704"}},{"type":"Feature","id":2727505380,"geometry":{"type":"Point","coordinates":[4.10093,51.914259]},"properties":{"chain":"ah","name":"Albert Heijn","street":"Stationsweg 16","city":"Oostvoorne","postcode":"3233CT","osm":"node/2727505380"}},{"type":"Feature","id":2727884168,"geometry":{"type":"Point","coordinates":[4.301255,52.068435]},"properties":{"chain":"ah","name":"Albert Heijn","street":"Hobbemastraat 171","city":"'s-Gravenhage","postcode":"2526JJ","osm":"node/2727884168"}},{"type":"Feature","id":2727961319,"geometry":{"type":"Point","coordinates":[4.739451,51.578341]},"properties":{"chain":"ah","name":"Albert Heijn","street":"Pastoor van Spaandonkstraat 48","city":"Breda","postcode":"4813BS","osm":"node/2727961319"}},{"type":"Feature","id":2727961727,"geometry":{"type":"Point","coordinates":[4.739079,51.578362]},"properties":{"chain":"jumbo","name":"Jumbo","street":"Pastoor van Spaandonkstraat 60","city":"Breda","postcode":"4813BS","osm":"node/2727961727"}},{"type":"Feature","id":2728561792,"geometry":{"type":"Point","coordinates":[4.680012,51.885877]},"properties":{"chain":"aldi","name":"ALDI","street":"Planetenlaan 80a","city":"Nieuw-Lekkerland","postcode":"2957SN","osm":"node/2728561792"}},{"type":"Feature","id":2728724374,"geometry":{"type":"Point","coordinates":[4.753484,51.587511]},"properties":{"chain":"jumbo","name":"Jumbo","street":"Cypresstraat 21","city":"Breda","postcode":"4814PN","osm":"node/2728724374"}},{"type":"Feature","id":2728907457,"geometry":{"type":"Point","coordinates":[4.789551,51.606793]},"properties":{"chain":"ah","name":"Albert Heijn","street":"Moerwijk 2","city":"Breda","postcode":"4826HN","osm":"node/2728907457"}},{"type":"Feature","id":2728913208,"geometry":{"type":"Point","coordinates":[4.789344,51.60877]},"properties":{"chain":"jumbo","name":"Jumbo","street":"Moerwijk 23","city":"Breda","postcode":"4826HN","osm":"node/2728913208"}},{"type":"Feature","id":2729178695,"geometry":{"type":"Point","coordinates":[4.580921,51.892784]},"properties":{"chain":"lidl","name":"Lidl","street":"Amerstraat 2","city":"Ridderkerk","postcode":"2987CA","osm":"node/2729178695"}},{"type":"Feature","id":2729353969,"geometry":{"type":"Point","coordinates":[4.793046,51.598767]},"properties":{"chain":"jumbo","name":"Jumbo","street":"Baliëndijk 20","city":"Breda","postcode":"4816GD","osm":"node/2729353969"}},{"type":"Feature","id":2729368983,"geometry":{"type":"Point","coordinates":[4.770219,51.596607]},"properties":{"chain":"aldi","name":"ALDI","street":"Belcrumweg 5","city":"Breda","postcode":"4815HA","osm":"node/2729368983"}},{"type":"Feature","id":2729372461,"geometry":{"type":"Point","coordinates":[4.769884,51.596978]},"properties":{"chain":"jumbo","name":"Jumbo","street":"Belcrumweg 7","city":"Breda","postcode":"4815HA","osm":"node/2729372461"}},{"type":"Feature","id":2729483927,"geometry":{"type":"Point","coordinates":[4.281787,52.066021]},"properties":{"chain":"ah","name":"Albert Heijn","street":"Apeldoornselaan 266","city":"'s-Gravenhage","postcode":"2573LW","osm":"node/2729483927"}},{"type":"Feature","id":2729762603,"geometry":{"type":"Point","coordinates":[5.409939,51.442016]},"properties":{"chain":"lidl","name":"Lidl","street":"Meerplein 71","city":"Eindhoven","postcode":"5658LL","osm":"node/2729762603"}},{"type":"Feature","id":2729766271,"geometry":{"type":"Point","coordinates":[4.600563,51.868804]},"properties":{"chain":"lidl","name":"Lidl","street":"Ridderhof 61","city":"Ridderkerk","postcode":"2981ET","osm":"node/2729766271"}},{"type":"Feature","id":2730036379,"geometry":{"type":"Point","coordinates":[4.882068,52.363384]},"properties":{"chain":"ah","name":"Albert Heijn","street":"Leidseplein 31","city":"Amsterdam","postcode":"1017PS","osm":"node/2730036379"}},{"type":"Feature","id":2730865723,"geometry":{"type":"Point","coordinates":[4.80046,51.590618]},"properties":{"chain":"ah","name":"Albert Heijn","street":"Brabantplein 24","city":"Breda","postcode":"4817LR","osm":"node/2730865723"}},{"type":"Feature","id":2730889159,"geometry":{"type":"Point","coordinates":[4.276078,52.024664]},"properties":{"chain":"ah","name":"Albert Heijn","street":"Struyck van Bergenstraat 2","city":"Wateringen","postcode":"2291RW","osm":"node/2730889159"}},{"type":"Feature","id":2731118987,"geometry":{"type":"Point","coordinates":[5.576141,52.061312]},"properties":{"chain":"plus","name":"PLUS Van Rinsum","street":"Schras 9","city":"Ederveen","postcode":"6744WT","osm":"node/2731118987"}},{"type":"Feature","id":2731321563,"geometry":{"type":"Point","coordinates":[5.309301,51.693923]},"properties":{"chain":"plus","name":"PLUS","street":"Kapelaan Koopmansplein 218","city":"'s-Hertogenbosch","postcode":"5212NH","osm":"node/2731321563"}},{"type":"Feature","id":2731448314,"geometry":{"type":"Point","coordinates":[4.768745,51.587439]},"properties":{"chain":"ah","name":"Albert Heijn","street":"Haagdijk 108","city":"Breda","postcode":"4811TW","osm":"node/2731448314"}},{"type":"Feature","id":2731508688,"geometry":{"type":"Point","coordinates":[4.772953,51.587569]},"properties":{"chain":"ah","name":"Albert Heijn","street":"Nieuwstraat 45","city":"Breda","postcode":"4811WV","osm":"node/2731508688"}},{"type":"Feature","id":2731514905,"geometry":{"type":"Point","coordinates":[4.77841,51.586719]},"properties":{"chain":"ah","name":"Albert Heijn","street":"Oude Vest 5","city":"Breda","postcode":"4811HR","osm":"node/2731514905"}},{"type":"Feature","id":2731543731,"geometry":{"type":"Point","coordinates":[4.659528,52.314692]},"properties":{"chain":"ah","name":"Albert Heijn","street":"Muiderbos 140","city":"Hoofddorp","postcode":"2134SV","osm":"node/2731543731"}},{"type":"Feature","id":2731924325,"geometry":{"type":"Point","coordinates":[6.146546,52.006056]},"properties":{"chain":"aldi","name":"ALDI Doesburg","street":"Burgemeester Keiserplein 49","city":"Doesburg","postcode":"6982BM","osm":"node/2731924325"}},{"type":"Feature","id":2732212128,"geometry":{"type":"Point","coordinates":[4.275112,52.055386]},"properties":{"chain":"lidl","name":"Lidl","street":"Almeloplein 75","city":"'s-Gravenhage","postcode":"2533AD","osm":"node/2732212128"}},{"type":"Feature","id":2732470416,"geometry":{"type":"Point","coordinates":[4.716507,51.598425]},"properties":{"chain":"lidl","name":"Lidl","street":"Groenstraat 25","city":"Prinsenbeek","postcode":"4841BA","osm":"node/2732470416"}},{"type":"Feature","id":2732472688,"geometry":{"type":"Point","coordinates":[5.911932,52.55896]},"properties":{"chain":"ah","name":"Albert Heijn","street":"Meeuwenweg 19","city":"Kampen","postcode":"8261VZ","osm":"node/2732472688"}},{"type":"Feature","id":2732572856,"geometry":{"type":"Point","coordinates":[4.230621,52.059266]},"properties":{"chain":"lidl","name":"Lidl","street":"Alphons Diepenbrockhof 49","city":"'s-Gravenhage","postcode":"2551KH","osm":"node/2732572856"}},{"type":"Feature","id":2732576886,"geometry":{"type":"Point","coordinates":[4.231263,52.059617]},"properties":{"chain":"jumbo","name":"Jumbo","street":"Alphons Diepenbrockhof 6","city":"'s-Gravenhage","postcode":"2551KE","osm":"node/2732576886"}},{"type":"Feature","id":2732604526,"geometry":{"type":"Point","coordinates":[5.329096,51.689797]},"properties":{"chain":"aldi","name":"ALDI","street":"Rivierenplein 12","city":"'s-Hertogenbosch","postcode":"5215CR","osm":"node/2732604526"}},{"type":"Feature","id":2732716442,"geometry":{"type":"Point","coordinates":[4.670973,52.309035]},"properties":{"chain":"jumbo","name":"Jumbo Hofman","street":"Skagerrak 204","city":"Hoofddorp","postcode":"2133DW","osm":"node/2732716442"}},{"type":"Feature","id":2732909050,"geometry":{"type":"Point","coordinates":[6.188945,52.698102]},"properties":{"chain":"ah","name":"Albert Heijn","street":"Grote Akkerstraat 1","city":"Meppel","postcode":"7941BB","osm":"node/2732909050"}},{"type":"Feature","id":2732909052,"geometry":{"type":"Point","coordinates":[6.195688,52.697298]},"properties":{"chain":"jumbo","name":"Jumbo","street":"Marktstraat 16","city":"Meppel","postcode":"7941KR","osm":"node/2732909052"}},{"type":"Feature","id":2732928447,"geometry":{"type":"Point","coordinates":[5.636603,53.441288]},"properties":{"chain":"plus","name":"PLUS","street":"Olfert Pieter Lapstraat 4","city":"Hollum","postcode":"9161BV","osm":"node/2732928447"}},{"type":"Feature","id":2732930080,"geometry":{"type":"Point","coordinates":[5.774877,53.442422]},"properties":{"chain":"jumbo","name":"Jumbo","street":"Hoge Eggenweg 6","city":"Nes","postcode":"9163JP","osm":"node/2732930080"}},{"type":"Feature","id":2733060299,"geometry":{"type":"Point","coordinates":[4.743595,51.623333]},"properties":{"chain":"aldi","name":"ALDI","street":"Heksenwaag 1","city":"Breda","postcode":"4823JT","osm":"node/2733060299"}},{"type":"Feature","id":2733067367,"geometry":{"type":"Point","coordinates":[4.743373,51.623268]},"properties":{"chain":"ah","name":"Albert Heijn","street":"Heksenwaag 2","city":"Breda","postcode":"4823JV","osm":"node/2733067367"}},{"type":"Feature","id":2733072614,"geometry":{"type":"Point","coordinates":[4.744945,51.622778]},"properties":{"chain":"jumbo","name":"Jumbo","street":"Heksenwaag 37","city":"Breda","postcode":"4823JT","osm":"node/2733072614"}},{"type":"Feature","id":2733395195,"geometry":{"type":"Point","coordinates":[4.171213,51.90041]},"properties":{"chain":"ah","name":"Albert Heijn","street":"Thoelaverweg 2","city":"Brielle","postcode":"3231KD","osm":"node/2733395195"}},{"type":"Feature","id":2733399336,"geometry":{"type":"Point","coordinates":[4.162687,51.893085]},"properties":{"chain":"plus","name":"PLUS John Bos","street":"Reede 36","city":"Brielle","postcode":"3232CZ","osm":"node/2733399336"}},{"type":"Feature","id":2733560767,"geometry":{"type":"Point","coordinates":[4.694606,52.304953]},"properties":{"chain":"lidl","name":"Lidl","street":"Marktplein 15","city":"Hoofddorp","postcode":"2132DA","osm":"node/2733560767"}},{"type":"Feature","id":2733561934,"geometry":{"type":"Point","coordinates":[4.694146,52.301532]},"properties":{"chain":"ah","name":"Albert Heijn XL","street":"Burgemeester van Stamplein 270","city":"Hoofddorp","postcode":"2132BH","osm":"node/2733561934"}},{"type":"Feature","id":2733562308,"geometry":{"type":"Point","coordinates":[4.691594,52.302751]},"properties":{"chain":"jumbo","name":"Jumbo Hofman","street":"Marktlaan 31","city":"Hoofddorp","postcode":"2132DL","osm":"node/2733562308"}},{"type":"Feature","id":2733660017,"geometry":{"type":"Point","coordinates":[4.259421,52.043972]},"properties":{"chain":"lidl","name":"Lidl","street":"De Stede 22","city":"'s-Gravenhage","postcode":"2543BG","osm":"node/2733660017"}},{"type":"Feature","id":2733820737,"geometry":{"type":"Point","coordinates":[4.26909,52.06224]},"properties":{"chain":"jumbo","name":"Jumbo Mieremet","street":"Volendamlaan 670","city":"'s-Gravenhage","postcode":"2547CK","osm":"node/2733820737"}},{"type":"Feature","id":2733914684,"geometry":{"type":"Point","coordinates":[4.235607,52.053338]},"properties":{"chain":"aldi","name":"ALDI","street":"Loosduinse Hoofdstraat 280","city":"'s-Gravenhage","postcode":"2552AN","osm":"node/2733914684"}},{"type":"Feature","id":2734052500,"geometry":{"type":"Point","coordinates":[4.746251,51.606958]},"properties":{"chain":"jumbo","name":"Jumbo","street":"Donk 4","city":"Breda","postcode":"4824CS","osm":"node/2734052500"}},{"type":"Feature","id":2734063776,"geometry":{"type":"Point","coordinates":[6.218706,52.696499]},"properties":{"chain":"ah","name":"Albert Heijn","street":"Ruskenstuk 2","city":"Meppel","postcode":"7943JM","osm":"node/2734063776"}},{"type":"Feature","id":2734535255,"geometry":{"type":"Point","coordinates":[5.263912,52.25345]},"properties":{"chain":"lidl","name":"Lidl","street":"De Minnehof 10","city":"Eemnes","postcode":"3755AK","osm":"node/2734535255"}},{"type":"Feature","id":2734547501,"geometry":{"type":"Point","coordinates":[5.26393,52.253548]},"properties":{"chain":"plus","name":"PLUS","street":"De Minnehof 8","city":"Eemnes","postcode":"3755AK","osm":"node/2734547501"}},{"type":"Feature","id":2734777235,"geometry":{"type":"Point","coordinates":[5.251408,51.802704]},"properties":{"chain":"jumbo","name":"Jumbo","street":"Fiep Westendorpplein 12","city":"Zaltbommel","postcode":"5302TA","osm":"node/2734777235"}},{"type":"Feature","id":2734790398,"geometry":{"type":"Point","coordinates":[4.632535,52.264493]},"properties":{"chain":"jumbo","name":"Jumbo","street":"De Symfonie 65","city":"Nieuw-Vennep","postcode":"2151ME","osm":"node/2734790398"}},{"type":"Feature","id":2734945856,"geometry":{"type":"Point","coordinates":[5.373278,51.501393]},"properties":{"chain":"plus","name":"PLUS Ton Henst","street":"Rendierhei 2","city":"Best","postcode":"5685HS","osm":"node/2734945856"}},{"type":"Feature","id":2735185751,"geometry":{"type":"Point","coordinates":[5.478942,51.479728]},"properties":{"chain":"jumbo","name":"Jumbo","street":"Belgiëplein 21","city":"Eindhoven","postcode":"5628XJ","osm":"node/2735185751"}},{"type":"Feature","id":2735185900,"geometry":{"type":"Point","coordinates":[5.478931,51.479938]},"properties":{"chain":"aldi","name":"ALDI","street":"Belgiëplein 22","city":"Eindhoven","postcode":"5628XJ","osm":"node/2735185900"}},{"type":"Feature","id":2735585359,"geometry":{"type":"Point","coordinates":[4.805841,51.572022]},"properties":{"chain":"ah","name":"Albert Heijn","street":"De Burcht 1","city":"Breda","postcode":"4834HE","osm":"node/2735585359"}},{"type":"Feature","id":2736190338,"geometry":{"type":"Point","coordinates":[6.039742,52.389092]},"properties":{"chain":"aldi","name":"ALDI","street":"Soerelseweg 13","city":"Heerde","postcode":"8181AK","osm":"node/2736190338"}},{"type":"Feature","id":2736191265,"geometry":{"type":"Point","coordinates":[6.038599,52.389876]},"properties":{"chain":"jumbo","name":"Jumbo","street":"Stationsstraat 29","city":"Heerde","postcode":"8181CW","osm":"node/2736191265"}},{"type":"Feature","id":2736210420,"geometry":{"type":"Point","coordinates":[6.007462,52.877327]},"properties":{"chain":"aldi","name":"ALDI","street":"Spoorlaan 1","city":"Wolvega","postcode":"8471JP","osm":"node/2736210420"}},{"type":"Feature","id":2737139096,"geometry":{"type":"Point","coordinates":[4.152193,51.825848]},"properties":{"chain":"aldi","name":"ALDI","street":"Kastanjelaan 42","city":"Hellevoetsluis","postcode":"3224TJ","osm":"node/2737139096"}},{"type":"Feature","id":2737378858,"geometry":{"type":"Point","coordinates":[5.962735,52.159422]},"properties":{"chain":"ah","name":"Albert Heijn","street":"Dorpstraat 23","city":"Beekbergen","postcode":"7361AP","osm":"node/2737378858"}},{"type":"Feature","id":2737391841,"geometry":{"type":"Point","coordinates":[6.108714,52.33853]},"properties":{"chain":"aldi","name":"ALDI","street":"Hendrik Droststraat 37","city":"Olst","postcode":"8121BG","osm":"node/2737391841"}},{"type":"Feature","id":2737456165,"geometry":{"type":"Point","coordinates":[5.431719,51.848036]},"properties":{"chain":"jumbo","name":"Jumbo","street":"Ekershof 5","city":"Dreumel","postcode":"6621CJ","osm":"node/2737456165"}},{"type":"Feature","id":2738050833,"geometry":{"type":"Point","coordinates":[4.79599,51.542005]},"properties":{"chain":"jumbo","name":"Jumbo","street":"Chaamseweg 1","city":"Ulvenhout","postcode":"4851SM","osm":"node/2738050833"}},{"type":"Feature","id":2738074098,"geometry":{"type":"Point","coordinates":[4.796901,51.55142]},"properties":{"chain":"plus","name":"PLUS","street":"Dorpstraat 48","city":"Ulvenhout","postcode":"4851CM","osm":"node/2738074098"}},{"type":"Feature","id":2739010358,"geometry":{"type":"Point","coordinates":[6.52971,53.225251]},"properties":{"chain":"lidl","name":"Lidl","street":"Siersteenlaan 430","city":"Groningen","postcode":"9743ES","osm":"node/2739010358"}},{"type":"Feature","id":2739291702,"geometry":{"type":"Point","coordinates":[6.502497,53.213792]},"properties":{"chain":"lidl","name":"Lidl","street":"Zuiderweg 48","city":"Groningen","postcode":"9745AE","osm":"node/2739291702"}},{"type":"Feature","id":2739334916,"geometry":{"type":"Point","coordinates":[5.485764,51.422643]},"properties":{"chain":"aldi","name":"ALDI","street":"Aalsterweg 141","city":"Eindhoven","postcode":"5644RA","osm":"node/2739334916"}},{"type":"Feature","id":2739349321,"geometry":{"type":"Point","coordinates":[6.929243,52.219475]},"properties":{"chain":"ah","name":"Albert Heijn XL","street":"Noord Esmarkerrondweg 421-1","city":"Enschede","postcode":"7533BL","osm":"node/2739349321"}},{"type":"Feature","id":2739431278,"geometry":{"type":"Point","coordinates":[5.491803,51.419905]},"properties":{"chain":"ah","name":"Albert Heijn","street":"Roostenlaan 112","city":"Eindhoven","postcode":"5644GJ","osm":"node/2739431278"}},{"type":"Feature","id":2739644498,"geometry":{"type":"Point","coordinates":[5.978423,51.947505]},"properties":{"chain":"plus","name":"PLUS","street":"Korte Griet 5","city":"Westervoort","postcode":"6932LK","osm":"node/2739644498"}},{"type":"Feature","id":2740119059,"geometry":{"type":"Point","coordinates":[6.579197,53.197521]},"properties":{"chain":"ah","name":"Albert Heijn","street":"Helperplein 4","city":"Groningen","postcode":"9721CX","osm":"node/2740119059"}},{"type":"Feature","id":2740294379,"geometry":{"type":"Point","coordinates":[4.645157,51.849973]},"properties":{"chain":"lidl","name":"Lidl","street":"De Schoof 68","city":"Hendrik-Ido-Ambacht","postcode":"3341EB","osm":"node/2740294379"}},{"type":"Feature","id":2740409668,"geometry":{"type":"Point","coordinates":[6.188059,52.062098]},"properties":{"chain":"plus","name":"PLUS","street":"Dorpsstraat 14","city":"Steenderen","postcode":"7221BP","osm":"node/2740409668"}},{"type":"Feature","id":2740816935,"geometry":{"type":"Point","coordinates":[4.709531,52.021645]},"properties":{"chain":"plus","name":"PLUS Paul Schipper","street":"Thorbeckelaan 1","city":"Gouda","postcode":"2805CA","osm":"node/2740816935"}},{"type":"Feature","id":2740992040,"geometry":{"type":"Point","coordinates":[5.926304,52.959081]},"properties":{"chain":"ah","name":"Albert Heijn","street":"De Passage 2","city":"Heerenveen","postcode":"8442PH","osm":"node/2740992040"}},{"type":"Feature","id":2741677813,"geometry":{"type":"Point","coordinates":[5.266866,51.69676]},"properties":{"chain":"ah","name":"Albert Heijn Jan Linders","street":"Helftheuvelpassage 1","city":"'s-Hertogenbosch","postcode":"5224AA","osm":"node/2741677813"}},{"type":"Feature","id":2741678521,"geometry":{"type":"Point","coordinates":[5.268262,51.695648]},"properties":{"chain":"aldi","name":"ALDI","street":"Helftheuvelpassage 90","city":"'s-Hertogenbosch","postcode":"5224AP","osm":"node/2741678521"}},{"type":"Feature","id":2741691025,"geometry":{"type":"Point","coordinates":[4.649949,51.822012]},"properties":{"chain":"aldi","name":"ALDI","street":"Hof van Holland 144","city":"Zwijndrecht","postcode":"3332EH","osm":"node/2741691025"}},{"type":"Feature","id":2743121559,"geometry":{"type":"Point","coordinates":[4.17254,52.022483]},"properties":{"chain":"jumbo","name":"Jumbo Koornneef","street":"Molenbrink 68","city":"Monster","postcode":"2681EZ","osm":"node/2743121559"}},{"type":"Feature","id":2743136437,"geometry":{"type":"Point","coordinates":[4.323884,51.841951]},"properties":{"chain":"lidl","name":"Lidl","street":"Sterrenhof 6","city":"Spijkenisse","postcode":"3204AT","osm":"node/2743136437"}},{"type":"Feature","id":2743479207,"geometry":{"type":"Point","coordinates":[4.919803,52.369959]},"properties":{"chain":"ah","name":"Albert Heijn","street":"Kleine Wittenburgerstraat 18","city":"Amsterdam","postcode":"1018LW","osm":"node/2743479207"}},{"type":"Feature","id":2743730179,"geometry":{"type":"Point","coordinates":[4.906755,52.376088]},"properties":{"chain":"ah","name":"Albert Heijn","street":"Oosterdokskade 65","city":"Amsterdam","postcode":"1011DL","osm":"node/2743730179"}},{"type":"Feature","id":2744247015,"geometry":{"type":"Point","coordinates":[6.601833,53.24869]},"properties":{"chain":"aldi","name":"ALDI","street":"Claremaheerd 45","city":"Groningen","postcode":"9736LC","osm":"node/2744247015"}},{"type":"Feature","id":2744433431,"geometry":{"type":"Point","coordinates":[5.972927,51.954932]},"properties":{"chain":"jumbo","name":"Jumbo Jan Heemskerk","street":"Broeklanden 8","city":"Westervoort","postcode":"6931XS","osm":"node/2744433431"}},{"type":"Feature","id":2744871145,"geometry":{"type":"Point","coordinates":[4.536973,51.855879]},"properties":{"chain":"ah","name":"Albert Heijn","street":"Middenbaan 97","city":"Barendrecht","postcode":"2991CS","osm":"node/2744871145"}},{"type":"Feature","id":2745155241,"geometry":{"type":"Point","coordinates":[4.499822,51.847614]},"properties":{"chain":"lidl","name":"Lidl","street":"Van Beuningenhaven 32","city":"Barendrecht","postcode":"2993EH","osm":"node/2745155241"}},{"type":"Feature","id":2745402321,"geometry":{"type":"Point","coordinates":[4.318925,51.833206]},"properties":{"chain":"ah","name":"Albert Heijn","street":"Zomerakker 105","city":"Spijkenisse","postcode":"3206TL","osm":"node/2745402321"}},{"type":"Feature","id":2745418620,"geometry":{"type":"Point","coordinates":[4.320659,51.833521]},"properties":{"chain":"plus","name":"PLUS Meeuw","street":"Winterakker 25","city":"Spijkenisse","postcode":"3206TG","osm":"node/2745418620"}},{"type":"Feature","id":2745605285,"geometry":{"type":"Point","coordinates":[5.966555,51.962793]},"properties":{"chain":"lidl","name":"Lidl","street":"Dorpsplein 70","city":"Westervoort","postcode":"6931CZ","osm":"node/2745605285"}},{"type":"Feature","id":2745802493,"geometry":{"type":"Point","coordinates":[6.612766,52.133873]},"properties":{"chain":"lidl","name":"Lidl","street":"Ten Caote plas 1","city":"Neede","postcode":"7161DC","osm":"node/2745802493"}},{"type":"Feature","id":2746021072,"geometry":{"type":"Point","coordinates":[5.090998,51.890879]},"properties":{"chain":"jumbo","name":"Jumbo","street":"Westwal 14","city":"Leerdam","postcode":"4141AP","osm":"node/2746021072"}},{"type":"Feature","id":2746022329,"geometry":{"type":"Point","coordinates":[5.095632,51.891306]},"properties":{"chain":"ah","name":"Albert Heijn","street":"Vlietskant 4","city":"Leerdam","postcode":"4141CL","osm":"node/2746022329"}},{"type":"Feature","id":2746144123,"geometry":{"type":"Point","coordinates":[4.92816,52.357056]},"properties":{"chain":"ah","name":"Albert Heijn","street":"Land van Cocagneplein 3","city":"Amsterdam","postcode":"1093NB","osm":"node/2746144123"}},{"type":"Feature","id":2747544167,"geometry":{"type":"Point","coordinates":[4.561452,52.249098]},"properties":{"chain":"jumbo","name":"Jumbo Weeland","street":"Vivaldistraat 13","city":"Lisse","postcode":"2162AA","osm":"node/2747544167"}},{"type":"Feature","id":2747855585,"geometry":{"type":"Point","coordinates":[5.292254,52.171716]},"properties":{"chain":"ah","name":"Albert Heijn","street":"Smitsweg 20","city":"Soest","postcode":"3765CT","osm":"node/2747855585"}},{"type":"Feature","id":2747864530,"geometry":{"type":"Point","coordinates":[5.291447,52.171479]},"properties":{"chain":"lidl","name":"Lidl","street":"Weegbreestraat 54-01","city":"Soest","postcode":"3765XW","osm":"node/2747864530"}},{"type":"Feature","id":2747978111,"geometry":{"type":"Point","coordinates":[4.361877,51.83401]},"properties":{"chain":"lidl","name":"Lidl","street":"Hadewychplaats 18","city":"Spijkenisse","postcode":"3207KG","osm":"node/2747978111"}},{"type":"Feature","id":2748007565,"geometry":{"type":"Point","coordinates":[4.343776,51.832811]},"properties":{"chain":"jumbo","name":"Jumbo","street":"Vlinderveen 436","city":"Spijkenisse","postcode":"3205EM","osm":"node/2748007565"}},{"type":"Feature","id":2748033610,"geometry":{"type":"Point","coordinates":[6.556561,53.211272]},"properties":{"chain":"plus","name":"PLUS Lubbers","street":"Paterswoldseweg 68","city":"Groningen","postcode":"9726BG","osm":"node/2748033610"}},{"type":"Feature","id":2748089389,"geometry":{"type":"Point","coordinates":[4.860709,51.504896]},"properties":{"chain":"plus","name":"PLUS Laurijssen","street":"Brouwerij 40","city":"Chaam","postcode":"4861SN","osm":"node/2748089389"}},{"type":"Feature","id":2748336461,"geometry":{"type":"Point","coordinates":[5.470166,51.432443]},"properties":{"chain":"ah","name":"Albert Heijn","street":"Hoogstraat 100","city":"Eindhoven","postcode":"5615PS","osm":"node/2748336461"}},{"type":"Feature","id":2748356340,"geometry":{"type":"Point","coordinates":[4.954256,51.483508]},"properties":{"chain":"plus","name":"PLUS Van Eekelen","street":"Willibrordplein 3","city":"Alphen","postcode":"5131AV","osm":"node/2748356340"}},{"type":"Feature","id":2748984620,"geometry":{"type":"Point","coordinates":[5.28157,52.168981]},"properties":{"chain":"ah","name":"Albert Heijn","street":"Tamboerijn 11","city":"Soest","postcode":"3766HA","osm":"node/2748984620"}},{"type":"Feature","id":2750210747,"geometry":{"type":"Point","coordinates":[6.894856,52.239272]},"properties":{"chain":"ah","name":"Albert Heijn","street":"Rijnstraat 20","city":"Enschede","postcode":"7523GG","osm":"node/2750210747"}},{"type":"Feature","id":2750470692,"geometry":{"type":"Point","coordinates":[3.974079,51.227174]},"properties":{"chain":"plus","name":"PLUS","street":"Nieuwstraat 43","city":"Koewacht","postcode":"4576AH","osm":"node/2750470692"}},{"type":"Feature","id":2750744853,"geometry":{"type":"Point","coordinates":[4.164186,52.00034]},"properties":{"chain":"ah","name":"Albert Heijn","street":"Oudelandstraat 16","city":"'s-Gravenzande","postcode":"2691CE","osm":"node/2750744853"}},{"type":"Feature","id":2750887157,"geometry":{"type":"Point","coordinates":[4.337996,51.839781]},"properties":{"chain":"jumbo","name":"Jumbo","street":"Groenewoud 6","city":"Spijkenisse","postcode":"3203AM","osm":"node/2750887157"}},{"type":"Feature","id":2751009675,"geometry":{"type":"Point","coordinates":[4.639296,51.568344]},"properties":{"chain":"ah","name":"Albert Heijn","street":"Burchtplein 13","city":"Etten-Leur","postcode":"4873BS","osm":"node/2751009675"}},{"type":"Feature","id":2751010521,"geometry":{"type":"Point","coordinates":[5.979588,51.531619]},"properties":{"chain":"ah","name":"Albert Heijn Jan Linders","street":"Raadhuisstraat 100","city":"Venray","postcode":"5801MA","osm":"node/2751010521"}},{"type":"Feature","id":2751026776,"geometry":{"type":"Point","coordinates":[4.642908,51.565013]},"properties":{"chain":"jumbo","name":"Jumbo","street":"Kerkwerve 25","city":"Etten-Leur","postcode":"4873CE","osm":"node/2751026776"}},{"type":"Feature","id":2751034792,"geometry":{"type":"Point","coordinates":[4.632783,51.56266]},"properties":{"chain":"lidl","name":"Lidl","street":"Trompetlaan 30","city":"Etten-Leur","postcode":"4876XA","osm":"node/2751034792"}},{"type":"Feature","id":2751082837,"geometry":{"type":"Point","coordinates":[5.975596,52.819401]},"properties":{"chain":"plus","name":"PLUS","street":"Hoofdstraat 5","city":"Oldemarkt","postcode":"8375AK","osm":"node/2751082837"}},{"type":"Feature","id":2751135198,"geometry":{"type":"Point","coordinates":[3.778173,51.309291]},"properties":{"chain":"plus","name":"PLUS","street":"Langestraat 2","city":"Hoek","postcode":"4542AE","osm":"node/2751135198"}},{"type":"Feature","id":2751514421,"geometry":{"type":"Point","coordinates":[6.582396,53.222302]},"properties":{"chain":"jumbo","name":"Jumbo","street":"Linnaeusplein 55","city":"Groningen","postcode":"9713GP","osm":"node/2751514421"}},{"type":"Feature","id":2751877494,"geometry":{"type":"Point","coordinates":[5.947035,51.570519]},"properties":{"chain":"plus","name":"PLUS Verbeeten","street":"Pastoor Cremersstraat 4","city":"Overloon","postcode":"5825CH","osm":"node/2751877494"}},{"type":"Feature","id":2751904757,"geometry":{"type":"Point","coordinates":[6.557573,53.215443]},"properties":{"chain":"ah","name":"Albert Heijn","street":"Westerkade 11","city":"Groningen","postcode":"9718AR","osm":"node/2751904757"}},{"type":"Feature","id":2752023827,"geometry":{"type":"Point","coordinates":[3.908705,51.266544]},"properties":{"chain":"ah","name":"Albert Heijn","street":"Szydlowskiplein 22","city":"Axel","postcode":"4571EW","osm":"node/2752023827"}},{"type":"Feature","id":2752024462,"geometry":{"type":"Point","coordinates":[3.908753,51.267143]},"properties":{"chain":"aldi","name":"ALDI","street":"Tuinstraat 3","city":"Axel","postcode":"4571EX","osm":"node/2752024462"}},{"type":"Feature","id":2752224912,"geometry":{"type":"Point","coordinates":[6.570881,53.21644]},"properties":{"chain":"jumbo","name":"Jumbo","street":"Oosterstraat 58","city":"Groningen","postcode":"9711NX","osm":"node/2752224912"}},{"type":"Feature","id":2752792797,"geometry":{"type":"Point","coordinates":[3.862098,51.33057]},"properties":{"chain":"aldi","name":"ALDI","street":"Kokkeldreef 10","city":"Terneuzen","postcode":"4533DD","osm":"node/2752792797"}},{"type":"Feature","id":2752909210,"geometry":{"type":"Point","coordinates":[4.65434,51.586719]},"properties":{"chain":"jumbo","name":"Jumbo","street":"Geerkade 9","city":"Etten-Leur","postcode":"4871CK","osm":"node/2752909210"}},{"type":"Feature","id":2752965835,"geometry":{"type":"Point","coordinates":[3.846431,51.320263]},"properties":{"chain":"ah","name":"Albert Heijn","street":"Bellamystraat 141","city":"Terneuzen","postcode":"4536AJ","osm":"node/2752965835"}},{"type":"Feature","id":2753026296,"geometry":{"type":"Point","coordinates":[5.944152,51.648261]},"properties":{"chain":"lidl","name":"Lidl","street":"Spoorstraat 2","city":"Boxmeer","postcode":"5831CL","osm":"node/2753026296"}},{"type":"Feature","id":2753465212,"geometry":{"type":"Point","coordinates":[5.314107,51.70478]},"properties":{"chain":"plus","name":"PLUS Kant","street":"Buitenpepersdreef 353","city":"'s-Hertogenbosch","postcode":"5231HE","osm":"node/2753465212"}},{"type":"Feature","id":2753635541,"geometry":{"type":"Point","coordinates":[6.697365,53.276765]},"properties":{"chain":"plus","name":"PLUS Alma","street":"Koopmansplein 10","city":"Ten Boer","postcode":"9791MA","osm":"node/2753635541"}},{"type":"Feature","id":2753746552,"geometry":{"type":"Point","coordinates":[6.110913,52.786968]},"properties":{"chain":"aldi","name":"ALDI","street":"Steenwijkerdiep 27","city":"Steenwijk","postcode":"8331LP","osm":"node/2753746552"}},{"type":"Feature","id":2754077588,"geometry":{"type":"Point","coordinates":[3.932068,51.804715]},"properties":{"chain":"aldi","name":"ALDI","street":"Hazersweg 27a","city":"Ouddorp","postcode":"3253XE","osm":"node/2754077588"}},{"type":"Feature","id":2754601798,"geometry":{"type":"Point","coordinates":[6.113233,52.787682]},"properties":{"chain":"ah","name":"Albert Heijn","street":"Prinsen Hoven 1","city":"Steenwijk","postcode":"8331JV","osm":"node/2754601798"}},{"type":"Feature","id":2754608443,"geometry":{"type":"Point","coordinates":[6.118943,52.786713]},"properties":{"chain":"plus","name":"PLUS","street":"Scholestraat 28","city":"Steenwijk","postcode":"8331HS","osm":"node/2754608443"}},{"type":"Feature","id":2754647514,"geometry":{"type":"Point","coordinates":[5.949891,51.645362]},"properties":{"chain":"jumbo","name":"Jumbo","street":"Burgemeester Verkuijlstraat 26","city":"Boxmeer","postcode":"5831EK","osm":"node/2754647514"}},{"type":"Feature","id":2755516206,"geometry":{"type":"Point","coordinates":[4.905104,52.7462]},"properties":{"chain":"jumbo","name":"Jumbo","street":"Trambaan 69","city":"Nieuwe Niedorp","postcode":"1733AX","osm":"node/2755516206"}},{"type":"Feature","id":2755775684,"geometry":{"type":"Point","coordinates":[5.314118,51.712314]},"properties":{"chain":"jumbo","name":"Jumbo","street":"Rompertpassage 21","city":"'s-Hertogenbosch","postcode":"5233AN","osm":"node/2755775684"}},{"type":"Feature","id":2755777467,"geometry":{"type":"Point","coordinates":[5.313228,51.713035]},"properties":{"chain":"ah","name":"Albert Heijn","street":"Rompertpassage 45","city":"'s-Hertogenbosch","postcode":"5233AP","osm":"node/2755777467"}},{"type":"Feature","id":2755777523,"geometry":{"type":"Point","coordinates":[5.313248,51.712828]},"properties":{"chain":"aldi","name":"ALDI","street":"Rompertpassage 48","city":"'s-Hertogenbosch","postcode":"5233AR","osm":"node/2755777523"}},{"type":"Feature","id":2755909294,"geometry":{"type":"Point","coordinates":[5.26085,51.723018]},"properties":{"chain":"plus","name":"PLUS Mulder","street":"Dien van Hemertstraat 1","city":"'s-Hertogenbosch","postcode":"5221JN","osm":"node/2755909294"}},{"type":"Feature","id":2756477312,"geometry":{"type":"Point","coordinates":[4.105807,51.747438]},"properties":{"chain":"plus","name":"PLUS Van Luijk","street":"Boomvliet 4","city":"Dirksland","postcode":"3247KG","osm":"node/2756477312"}},{"type":"Feature","id":2756717449,"geometry":{"type":"Point","coordinates":[6.926238,52.711247]},"properties":{"chain":"plus","name":"PLUS Schepers","street":"Havenstraat 22","city":"Erica","postcode":"7887BP","osm":"node/2756717449"}},{"type":"Feature","id":2756883000,"geometry":{"type":"Point","coordinates":[6.881049,52.191928]},"properties":{"chain":"lidl","name":"Lidl","street":"Wesseler-nering 2B","city":"Enschede","postcode":"7544JA","osm":"node/2756883000"}},{"type":"Feature","id":2756946355,"geometry":{"type":"Point","coordinates":[4.128667,51.977745]},"properties":{"chain":"ah","name":"Albert Heijn","street":"Prins Hendrikstraat 382","city":"Hoek van Holland","postcode":"3151AW","osm":"node/2756946355"}},{"type":"Feature","id":2756983829,"geometry":{"type":"Point","coordinates":[4.159191,51.751113]},"properties":{"chain":"aldi","name":"ALDI","street":"Langeweg 113","city":"Sommelsdijk","postcode":"3245KG","osm":"node/2756983829"}},{"type":"Feature","id":2757020483,"geometry":{"type":"Point","coordinates":[3.847778,51.332655]},"properties":{"chain":"jumbo","name":"Jumbo","street":"Drebbelstraat 2","city":"Terneuzen","postcode":"4532JN","osm":"node/2757020483"}},{"type":"Feature","id":2757032977,"geometry":{"type":"Point","coordinates":[4.163906,51.75941]},"properties":{"chain":"plus","name":"PLUS Slingerland","street":"Kerkepad 7","city":"Middelharnis","postcode":"3241CH","osm":"node/2757032977"}},{"type":"Feature","id":2757427727,"geometry":{"type":"Point","coordinates":[3.828217,51.333875]},"properties":{"chain":"jumbo","name":"Jumbo","street":"Schuttershofweg 10","city":"Terneuzen","postcode":"4538AA","osm":"node/2757427727"}},{"type":"Feature","id":2757961886,"geometry":{"type":"Point","coordinates":[4.615723,51.778539]},"properties":{"chain":"jumbo","name":"Jumbo van der Hoek","street":"Kerkstraat 37","city":"'s-Gravendeel","postcode":"3295BD","osm":"node/2757961886"}},{"type":"Feature","id":2758121676,"geometry":{"type":"Point","coordinates":[6.358196,52.763657]},"properties":{"chain":"plus","name":"PLUS","street":"Westerstraat 17","city":"Ruinen","postcode":"7963BA","osm":"node/2758121676"}},{"type":"Feature","id":2758128462,"geometry":{"type":"Point","coordinates":[6.908611,52.209273]},"properties":{"chain":"lidl","name":"Lidl","street":"Brinkstraat 336","city":"Enschede","postcode":"7541AX","osm":"node/2758128462"}},{"type":"Feature","id":2758815440,"geometry":{"type":"Point","coordinates":[6.375398,51.872269]},"properties":{"chain":"plus","name":"PLUS","street":"Grotestraat 42","city":"Gendringen","postcode":"7081CG","osm":"node/2758815440"}},{"type":"Feature","id":2758959890,"geometry":{"type":"Point","coordinates":[3.380073,51.309808]},"properties":{"chain":"jumbo","name":"Jumbo","street":"St. Annastraat 41","city":"Sluis","postcode":"4524JB","osm":"node/2758959890"}},{"type":"Feature","id":2760254576,"geometry":{"type":"Point","coordinates":[5.398428,51.67942]},"properties":{"chain":"lidl","name":"Lidl","street":"Mercuriusplein 30","city":"Berlicum","postcode":"5258AX","osm":"node/2760254576"}},{"type":"Feature","id":2760334788,"geometry":{"type":"Point","coordinates":[4.569822,51.806156]},"properties":{"chain":"lidl","name":"Lidl","street":"Máximaplein 2","city":"Puttershoek","postcode":"3297CX","osm":"node/2760334788"}},{"type":"Feature","id":2760392459,"geometry":{"type":"Point","coordinates":[4.568223,51.805722]},"properties":{"chain":"ah","name":"Albert Heijn","street":"Pieter Repelaerstraat 63","city":"Puttershoek","postcode":"3297BL","osm":"node/2760392459"}},{"type":"Feature","id":2760789106,"geometry":{"type":"Point","coordinates":[5.354347,51.643228]},"properties":{"chain":"aldi","name":"ALDI","street":"Oude Schoolstraat 6","city":"Sint-Michielsgestel","postcode":"5271AN","osm":"node/2760789106"}},{"type":"Feature","id":2761109090,"geometry":{"type":"Point","coordinates":[6.890167,52.225486]},"properties":{"chain":"jumbo","name":"Jumbo","street":"De Coöperatie 15-3","city":"Enschede","postcode":"7514JK","osm":"node/2761109090"}},{"type":"Feature","id":2761145540,"geometry":{"type":"Point","coordinates":[5.676416,51.997359]},"properties":{"chain":"plus","name":"PLUS","street":"Dorpsstraat 55","city":"Bennekom","postcode":"6721JJ","osm":"node/2761145540"}},{"type":"Feature","id":2761148524,"geometry":{"type":"Point","coordinates":[5.013045,52.092944]},"properties":{"chain":"ah","name":"Albert Heijn","street":"Middenburcht 14","city":"Vleuten","postcode":"3452MT","osm":"node/2761148524"}},{"type":"Feature","id":2761150091,"geometry":{"type":"Point","coordinates":[5.010914,52.093386]},"properties":{"chain":"jumbo","name":"Jumbo","street":"Burchtwal 19","city":"Vleuten","postcode":"3452MG","osm":"node/2761150091"}},{"type":"Feature","id":2761248663,"geometry":{"type":"Point","coordinates":[4.339497,51.811433]},"properties":{"chain":"plus","name":"PLUS","street":"Kerkstraat 35","city":"Nieuw-Beijerland","postcode":"3264AH","osm":"node/2761248663"}},{"type":"Feature","id":2761677491,"geometry":{"type":"Point","coordinates":[4.619768,52.404109]},"properties":{"chain":"ah","name":"Albert Heijn","street":"Bloemendaalseweg 70","city":"Bloemendaal","postcode":"2061CM","osm":"node/2761677491"}},{"type":"Feature","id":2762203537,"geometry":{"type":"Point","coordinates":[5.43297,51.728798]},"properties":{"chain":"ah","name":"Albert Heijn","street":"Kerkstraat 8","city":"Nuland","postcode":"5391AA","osm":"node/2762203537"}},{"type":"Feature","id":2762349993,"geometry":{"type":"Point","coordinates":[4.599647,52.320734]},"properties":{"chain":"ah","name":"Albert Heijn","street":"Schoollaan 23","city":"Bennebroek","postcode":"2121GC","osm":"node/2762349993"}},{"type":"Feature","id":2762444876,"geometry":{"type":"Point","coordinates":[4.703375,52.032332]},"properties":{"chain":"lidl","name":"Lidl","street":"Ruigenburg 2a","city":"Gouda","postcode":"2804VT","osm":"node/2762444876"}},{"type":"Feature","id":2762489769,"geometry":{"type":"Point","coordinates":[6.443704,52.946899]},"properties":{"chain":"aldi","name":"ALDI","street":"Veenhoopsweg 34","city":"Smilde","postcode":"9422AC","osm":"node/2762489769"}},{"type":"Feature","id":2762718697,"geometry":{"type":"Point","coordinates":[3.48359,51.32605]},"properties":{"chain":"aldi","name":"ALDI","street":"Veerhoeklaan 5A","city":"Oostburg","postcode":"4501AE","osm":"node/2762718697"}},{"type":"Feature","id":2763997432,"geometry":{"type":"Point","coordinates":[4.493917,52.145674]},"properties":{"chain":"plus","name":"PLUS","street":"Bètaplein 22","city":"Leiden","postcode":"2321KS","osm":"node/2763997432"}},{"type":"Feature","id":2764674836,"geometry":{"type":"Point","coordinates":[4.695569,52.025134]},"properties":{"chain":"plus","name":"PLUS de Heester","street":"Vuurdoornlaan 10","city":"Gouda","postcode":"2803BB","osm":"node/2764674836"}},{"type":"Feature","id":2764886406,"geometry":{"type":"Point","coordinates":[5.644315,52.041542]},"properties":{"chain":"lidl","name":"Lidl","street":"Bellestein 109","city":"Ede","postcode":"6714DP","osm":"node/2764886406"}},{"type":"Feature","id":2765159187,"geometry":{"type":"Point","coordinates":[5.478995,51.441169]},"properties":{"chain":"ah","name":"Albert Heijn","street":"18 Septemberplein 23","city":"Eindhoven","postcode":"5611AL","osm":"node/2765159187"}},{"type":"Feature","id":2765229876,"geometry":{"type":"Point","coordinates":[5.998299,52.461791]},"properties":{"chain":"lidl","name":"Lidl","street":"Callunastraat 17","city":"Wezep","postcode":"8091VV","osm":"node/2765229876"}},{"type":"Feature","id":2765474198,"geometry":{"type":"Point","coordinates":[5.671421,52.047665]},"properties":{"chain":"ah","name":"Albert Heijn","street":"Bunschoterplein 1","city":"Ede","postcode":"6711CD","osm":"node/2765474198"}},{"type":"Feature","id":2765979003,"geometry":{"type":"Point","coordinates":[4.459237,51.588189]},"properties":{"chain":"jumbo","name":"Jumbo Broos","street":"Dorpsstraat 5","city":"Oud Gastel","postcode":"4751AH","osm":"node/2765979003"}},{"type":"Feature","id":2766560246,"geometry":{"type":"Point","coordinates":[6.874545,53.134255]},"properties":{"chain":"plus","name":"PLUS","street":"Kerkstraat 55","city":"Muntendam","postcode":"9649GN","osm":"node/2766560246"}},{"type":"Feature","id":2767063922,"geometry":{"type":"Point","coordinates":[4.746485,52.268247]},"properties":{"chain":"ah","name":"Albert Heijn","street":"Praamplein 4A","city":"Aalsmeer","postcode":"1431CV","osm":"node/2767063922"}},{"type":"Feature","id":2767115311,"geometry":{"type":"Point","coordinates":[4.762433,52.264417]},"properties":{"chain":"jumbo","name":"Jumbo","street":"Ophelialaan 124","city":"Aalsmeer","postcode":"1431HN","osm":"node/2767115311"}},{"type":"Feature","id":2767224680,"geometry":{"type":"Point","coordinates":[4.55312,51.744002]},"properties":{"chain":"ah","name":"Albert Heijn","street":"Kerkstraat 18","city":"Strijen","postcode":"3291AL","osm":"node/2767224680"}},{"type":"Feature","id":2767899279,"geometry":{"type":"Point","coordinates":[5.620093,52.086804]},"properties":{"chain":"aldi","name":"ALDI","street":"Molenparkweg 7","city":"Lunteren","postcode":"6741ZP","osm":"node/2767899279"}},{"type":"Feature","id":2768256341,"geometry":{"type":"Point","coordinates":[5.754377,52.128769]},"properties":{"chain":"plus","name":"PLUS","street":"Dorpsstraat 28","city":"Harskamp","postcode":"6732AE","osm":"node/2768256341"}},{"type":"Feature","id":2768281613,"geometry":{"type":"Point","coordinates":[4.992738,51.864102]},"properties":{"chain":"plus","name":"PLUS","street":"Dokter H. de Vriesplein 14","city":"Arkel","postcode":"4241BW","osm":"node/2768281613"}},{"type":"Feature","id":2768385519,"geometry":{"type":"Point","coordinates":[4.571035,51.964913]},"properties":{"chain":"lidl","name":"Lidl","street":"Ambachtsplein 30","city":"Rotterdam","postcode":"3068GV","osm":"node/2768385519"}},{"type":"Feature","id":2768464066,"geometry":{"type":"Point","coordinates":[6.61303,52.849339]},"properties":{"chain":"lidl","name":"Lidl","street":"Brinklaan 2","city":"Westerbork","postcode":"9431AK","osm":"node/2768464066"}},{"type":"Feature","id":2768576490,"geometry":{"type":"Point","coordinates":[3.560796,51.396011]},"properties":{"chain":"plus","name":"PLUS","street":"Spuiplein 49","city":"Breskens","postcode":"4511AP","osm":"node/2768576490"}},{"type":"Feature","id":2768579141,"geometry":{"type":"Point","coordinates":[3.548913,51.395932]},"properties":{"chain":"jumbo","name":"Jumbo","street":"Burgemeester van Zuijenstraat 79","city":"Breskens","postcode":"4511GL","osm":"node/2768579141"}},{"type":"Feature","id":2769489346,"geometry":{"type":"Point","coordinates":[6.755655,52.847345]},"properties":{"chain":"plus","name":"PLUS Boezen","street":"Tramstraat 17","city":"Schoonoord","postcode":"7848BG","osm":"node/2769489346"}},{"type":"Feature","id":2769637076,"geometry":{"type":"Point","coordinates":[5.334252,51.800067]},"properties":{"chain":"plus","name":"PLUS Den Boer","street":"Burgemeester van Randwijckstraat 21","city":"Rossum","postcode":"5328AS","osm":"node/2769637076"}},{"type":"Feature","id":2769961754,"geometry":{"type":"Point","coordinates":[4.472043,51.857935]},"properties":{"chain":"ah","name":"Albert Heijn","street":"Hof van Portland 12","city":"Rhoon","postcode":"3162WJ","osm":"node/2769961754"}},{"type":"Feature","id":2770034824,"geometry":{"type":"Point","coordinates":[5.911836,50.955544]},"properties":{"chain":"aldi","name":"ALDI","street":"Provincialeweg Noord 7","city":"Oirsbeek","postcode":"6438AA","osm":"node/2770034824"}},{"type":"Feature","id":2770068377,"geometry":{"type":"Point","coordinates":[5.907725,50.949432]},"properties":{"chain":"jumbo","name":"Jumbo","street":"Markt 20","city":"Oirsbeek","postcode":"6438HB","osm":"node/2770068377"}},{"type":"Feature","id":2770113854,"geometry":{"type":"Point","coordinates":[5.339241,51.77232]},"properties":{"chain":"lidl","name":"Lidl","street":"Gasthuisstraat 56","city":"Kerkdriel","postcode":"5331BL","osm":"node/2770113854"}},{"type":"Feature","id":2770356708,"geometry":{"type":"Point","coordinates":[4.016713,51.369036]},"properties":{"chain":"plus","name":"PLUS","street":"Marijkeplein 9","city":"Kloosterzande","postcode":"4587BH","osm":"node/2770356708"}},{"type":"Feature","id":2770777048,"geometry":{"type":"Point","coordinates":[6.648739,52.985998]},"properties":{"chain":"ah","name":"Albert Heijn","street":"Grolloërstraat 5","city":"Rolde","postcode":"9451KA","osm":"node/2770777048"}},{"type":"Feature","id":2770802951,"geometry":{"type":"Point","coordinates":[4.532395,51.960339]},"properties":{"chain":"aldi","name":"ALDI","street":"Binnenhof 39","city":"Rotterdam","postcode":"3069KV","osm":"node/2770802951"}},{"type":"Feature","id":2770805647,"geometry":{"type":"Point","coordinates":[4.55055,51.962298]},"properties":{"chain":"jumbo","name":"Jumbo Le Febre","street":"Hesseplaats 435","city":"Rotterdam","postcode":"3069EA","osm":"node/2770805647"}},{"type":"Feature","id":2770906013,"geometry":{"type":"Point","coordinates":[4.044499,51.276596]},"properties":{"chain":"ah","name":"Albert Heijn XL","street":"Stationsplein 17","city":"Hulst","postcode":"4561GC","osm":"node/2770906013"}},{"type":"Feature","id":2770907593,"geometry":{"type":"Point","coordinates":[4.044178,51.277021]},"properties":{"chain":"jumbo","name":"Jumbo","street":"Stationsplein 30","city":"Hulst","postcode":"4561GC","osm":"node/2770907593"}},{"type":"Feature","id":2771002379,"geometry":{"type":"Point","coordinates":[6.568592,53.008027]},"properties":{"chain":"aldi","name":"ALDI","street":"Groningerstraat 340","city":"Assen","postcode":"9402LT","osm":"node/2771002379"}},{"type":"Feature","id":2771873968,"geometry":{"type":"Point","coordinates":[6.282619,52.33058]},"properties":{"chain":"plus","name":"PLUS","street":"Dorpsstraat 36","city":"Heeten","postcode":"8111AE","osm":"node/2771873968"}},{"type":"Feature","id":2772313070,"geometry":{"type":"Point","coordinates":[6.290048,52.248496]},"properties":{"chain":"jumbo","name":"Jumbo","street":"Larenseweg 18","city":"Bathmen","postcode":"7437BM","osm":"node/2772313070"}},{"type":"Feature","id":2772739559,"geometry":{"type":"Point","coordinates":[4.262538,51.918214]},"properties":{"chain":"lidl","name":"Lidl","street":"Rembrandtlaan 25","city":"Maassluis","postcode":"3141HH","osm":"node/2772739559"}},{"type":"Feature","id":2772773504,"geometry":{"type":"Point","coordinates":[5.300195,51.657791]},"properties":{"chain":"ah","name":"Albert Heijn","street":"Baron van Hövellplein 2","city":"Vught","postcode":"5261GH","osm":"node/2772773504"}},{"type":"Feature","id":2773246047,"geometry":{"type":"Point","coordinates":[6.755103,52.164317]},"properties":{"chain":"plus","name":"PLUS Leusink","street":"Veldmaterstraat 174","city":"Haaksbergen","postcode":"7481AD","osm":"node/2773246047"}},{"type":"Feature","id":2773633716,"geometry":{"type":"Point","coordinates":[4.316185,51.909434]},"properties":{"chain":"ah","name":"Albert Heijn","street":"dr. Wiardi Beckmansingel 10","city":"Vlaardingen","postcode":"3132CX","osm":"node/2773633716"}},{"type":"Feature","id":2773647241,"geometry":{"type":"Point","coordinates":[4.317005,51.909101]},"properties":{"chain":"aldi","name":"ALDI","street":"dr. Wiardi Beckmansingel 67","city":"Vlaardingen","postcode":"3132CM","osm":"node/2773647241"}},{"type":"Feature","id":2774027485,"geometry":{"type":"Point","coordinates":[4.49199,52.157001]},"properties":{"chain":"ah","name":"Albert Heijn","street":"Breestraat 130","city":"Leiden","postcode":"2311CX","osm":"node/2774027485"}},{"type":"Feature","id":2774931174,"geometry":{"type":"Point","coordinates":[5.464947,51.451005]},"properties":{"chain":"jumbo","name":"Jumbo","street":"Boschdijk 289","city":"Eindhoven","postcode":"5612HD","osm":"node/2774931174"}},{"type":"Feature","id":2775263986,"geometry":{"type":"Point","coordinates":[6.899243,52.21685]},"properties":{"chain":"ah","name":"Albert Heijn","street":"Hendrik Jan van Heekplein 63","city":"Enschede","postcode":"7511HN","osm":"node/2775263986"}},{"type":"Feature","id":2775438376,"geometry":{"type":"Point","coordinates":[6.860551,53.169563]},"properties":{"chain":"aldi","name":"ALDI","street":"Kerkstraat 77","city":"Zuidbroek","postcode":"9636AB","osm":"node/2775438376"}},{"type":"Feature","id":2775763552,"geometry":{"type":"Point","coordinates":[4.594967,52.451561]},"properties":{"chain":"lidl","name":"Lidl","street":"Canopusplein 3","city":"IJmuiden","postcode":"1974AS","osm":"node/2775763552"}},{"type":"Feature","id":2775887261,"geometry":{"type":"Point","coordinates":[5.542751,52.018029]},"properties":{"chain":"aldi","name":"ALDI","street":"Dr. Slotemaker de Bruïnestraat 2","city":"Veenendaal","postcode":"3904CB","osm":"node/2775887261"}},{"type":"Feature","id":2775887381,"geometry":{"type":"Point","coordinates":[5.541987,52.01821]},"properties":{"chain":"jumbo","name":"Jumbo Huibers","street":"Dr. Slotemaker de Bruïnestraat 20","city":"Veenendaal","postcode":"3904CB","osm":"node/2775887381"}},{"type":"Feature","id":2775997515,"geometry":{"type":"Point","coordinates":[5.557285,52.025546]},"properties":{"chain":"ah","name":"Albert Heijn","street":"Passage 50","city":"Veenendaal","postcode":"3901AZ","osm":"node/2775997515"}},{"type":"Feature","id":2776607992,"geometry":{"type":"Point","coordinates":[4.6285,52.360143]},"properties":{"chain":"plus","name":"PLUS","street":"Jan van Goyenstraat 21","city":"Heemstede","postcode":"2102CA","osm":"node/2776607992"}},{"type":"Feature","id":2776758192,"geometry":{"type":"Point","coordinates":[5.553395,52.005953]},"properties":{"chain":"jumbo","name":"Jumbo Huibers","street":"Paddestoelenlaan 40","city":"Veenendaal","postcode":"3903GG","osm":"node/2776758192"}},{"type":"Feature","id":2776769984,"geometry":{"type":"Point","coordinates":[4.444732,51.769604]},"properties":{"chain":"plus","name":"PLUS Van Biene","street":"Voorstraat 34","city":"Klaaswaal","postcode":"3286AX","osm":"node/2776769984"}},{"type":"Feature","id":2776950318,"geometry":{"type":"Point","coordinates":[4.794478,52.274917]},"properties":{"chain":"ah","name":"Albert Heijn","street":"Poldermeesterplein 1","city":"Aalsmeer","postcode":"1432JZ","osm":"node/2776950318"}},{"type":"Feature","id":2776954215,"geometry":{"type":"Point","coordinates":[4.794871,52.274532]},"properties":{"chain":"aldi","name":"ALDI","street":"Poldermeesterplein 7","city":"Aalsmeer","postcode":"1432JZ","osm":"node/2776954215"}},{"type":"Feature","id":2777070364,"geometry":{"type":"Point","coordinates":[6.760897,52.2945]},"properties":{"chain":"plus","name":"PLUS","street":"Oude Hengeloseweg 36","city":"Borne","postcode":"7622HV","osm":"node/2777070364"}},{"type":"Feature","id":2777155622,"geometry":{"type":"Point","coordinates":[6.757838,52.300513]},"properties":{"chain":"lidl","name":"Lidl","street":"Nieuwe Markt 2","city":"Borne","postcode":"7622DD","osm":"node/2777155622"}},{"type":"Feature","id":2777658704,"geometry":{"type":"Point","coordinates":[6.429007,53.137741]},"properties":{"chain":"jumbo","name":"Jumbo","street":"Westerbaan 1","city":"Roden","postcode":"9301AX","osm":"node/2777658704"}},{"type":"Feature","id":2777777457,"geometry":{"type":"Point","coordinates":[4.404776,51.820314]},"properties":{"chain":"ah","name":"Albert Heijn","street":"Beijersehof 19","city":"Oud-Beijerland","postcode":"3262VR","osm":"node/2777777457"}},{"type":"Feature","id":2777807558,"geometry":{"type":"Point","coordinates":[4.62198,52.356645]},"properties":{"chain":"aldi","name":"ALDI","street":"Bronsteeweg 2","city":"Heemstede","postcode":"2101AC","osm":"node/2777807558"}},{"type":"Feature","id":2777864415,"geometry":{"type":"Point","coordinates":[4.434153,51.810712]},"properties":{"chain":"lidl","name":"Lidl","street":"Polderlaan 6","city":"Oud-Beijerland","postcode":"3261ZA","osm":"node/2777864415"}},{"type":"Feature","id":2778246004,"geometry":{"type":"Point","coordinates":[5.471849,51.450822]},"properties":{"chain":"lidl","name":"Lidl","street":"Woenselse Markt 38","city":"Eindhoven","postcode":"5612CS","osm":"node/2778246004"}},{"type":"Feature","id":2778309086,"geometry":{"type":"Point","coordinates":[4.611141,52.330606]},"properties":{"chain":"plus","name":"PLUS","street":"Glipper Dreef 105","city":"Heemstede","postcode":"2104WC","osm":"node/2778309086"}},{"type":"Feature","id":2778359344,"geometry":{"type":"Point","coordinates":[4.389389,51.888037]},"properties":{"chain":"plus","name":"PLUS","street":"G.A. Soetemanweg 101","city":"Pernis Rotterdam","postcode":"3195TC","osm":"node/2778359344"}},{"type":"Feature","id":2778925924,"geometry":{"type":"Point","coordinates":[4.43469,51.730017]},"properties":{"chain":"plus","name":"PLUS","street":"Rehobothplein 1","city":"Numansdorp","postcode":"3281XV","osm":"node/2778925924"}},{"type":"Feature","id":2778976596,"geometry":{"type":"Point","coordinates":[4.439929,51.729712]},"properties":{"chain":"ah","name":"Albert Heijn","street":"Weth. Van der Veldenweg 8","city":"Numansdorp","postcode":"3281AN","osm":"node/2778976596"}},{"type":"Feature","id":2779053878,"geometry":{"type":"Point","coordinates":[4.79533,53.055291]},"properties":{"chain":"jumbo","name":"Jumbo","street":"Vogelenzang 11","city":"Den Burg","postcode":"1791EZ","osm":"node/2779053878"}},{"type":"Feature","id":2779059291,"geometry":{"type":"Point","coordinates":[4.798007,53.056524]},"properties":{"chain":"ah","name":"Albert Heijn","street":"Waalderstraat 48","city":"Den Burg","postcode":"1791EC","osm":"node/2779059291"}},{"type":"Feature","id":2779189805,"geometry":{"type":"Point","coordinates":[7.00636,52.261236]},"properties":{"chain":"jumbo","name":"Jumbo","street":"de Brink 46","city":"Losser","postcode":"7581JB","osm":"node/2779189805"}},{"type":"Feature","id":2779385069,"geometry":{"type":"Point","coordinates":[6.103733,52.237659]},"properties":{"chain":"ah","name":"Albert Heijn","street":"Dorpsstraat 28","city":"Twello","postcode":"7391DE","osm":"node/2779385069"}},{"type":"Feature","id":2779657101,"geometry":{"type":"Point","coordinates":[6.565056,53.133749]},"properties":{"chain":"jumbo","name":"Jumbo Eelde","street":"Stoffer Holtjerweg 1","city":"Eelde","postcode":"9761CA","osm":"node/2779657101"}},{"type":"Feature","id":2779939516,"geometry":{"type":"Point","coordinates":[4.764157,53.099081]},"properties":{"chain":"lidl","name":"Lidl","street":"Nikadel 19","city":"De Koog","postcode":"1796BP","osm":"node/2779939516"}},{"type":"Feature","id":2779942247,"geometry":{"type":"Point","coordinates":[4.764072,53.0983]},"properties":{"chain":"jumbo","name":"Jumbo","street":"Nikadel 73","city":"De Koog","postcode":"1796BR","osm":"node/2779942247"}},{"type":"Feature","id":2780360463,"geometry":{"type":"Point","coordinates":[4.712093,52.605732]},"properties":{"chain":"ah","name":"Albert Heijn","street":"'t Loo 61","city":"Heiloo","postcode":"1851HT","osm":"node/2780360463"}},{"type":"Feature","id":2780438759,"geometry":{"type":"Point","coordinates":[4.357573,51.918531]},"properties":{"chain":"aldi","name":"ALDI","street":"van Hogendorplaan 43","city":"Vlaardingen","postcode":"3135BC","osm":"node/2780438759"}},{"type":"Feature","id":2780598532,"geometry":{"type":"Point","coordinates":[4.932192,51.444121]},"properties":{"chain":"jumbo","name":"Jumbo Bresser","street":"Sint Annaplein 15","city":"Baarle-Nassau","postcode":"5111CA","osm":"node/2780598532"}},{"type":"Feature","id":2780602452,"geometry":{"type":"Point","coordinates":[4.929016,51.442341]},"properties":{"chain":"ah","name":"Albert Heijn","street":"Kerkstraat 8","city":"Baarle-Nassau","postcode":"5111CJ","osm":"node/2780602452"}},{"type":"Feature","id":2781045946,"geometry":{"type":"Point","coordinates":[6.808556,52.258168]},"properties":{"chain":"lidl","name":"Lidl","street":"Enschedesestraat 230","city":"Hengelo","postcode":"7552CM","osm":"node/2781045946"}},{"type":"Feature","id":2781049058,"geometry":{"type":"Point","coordinates":[6.822235,52.26241]},"properties":{"chain":"jumbo","name":"Jumbo","street":"Willem de Mérodestraat 40","city":"Hengelo","postcode":"7552WZ","osm":"node/2781049058"}},{"type":"Feature","id":2781231732,"geometry":{"type":"Point","coordinates":[6.828894,52.284361]},"properties":{"chain":"aldi","name":"ALDI","street":"Christiaan Langefeldstraat 77","city":"Hengelo","postcode":"7558CZ","osm":"node/2781231732"}},{"type":"Feature","id":2782004664,"geometry":{"type":"Point","coordinates":[5.226406,51.60163]},"properties":{"chain":"ah","name":"Albert Heijn","street":"Mgr Bekkersplein 3","city":"Haaren","postcode":"5076AZ","osm":"node/2782004664"}},{"type":"Feature","id":2782211578,"geometry":{"type":"Point","coordinates":[6.810274,52.267301]},"properties":{"chain":"aldi","name":"ALDI","street":"Mozartlaan 1","city":"Hengelo","postcode":"7557DK","osm":"node/2782211578"}},{"type":"Feature","id":2782284444,"geometry":{"type":"Point","coordinates":[4.347536,51.929489]},"properties":{"chain":"jumbo","name":"Jumbo","street":"De Loper 2","city":"Vlaardingen","postcode":"3136CN","osm":"node/2782284444"}},{"type":"Feature","id":2782758382,"geometry":{"type":"Point","coordinates":[6.805791,52.295219]},"properties":{"chain":"ah","name":"Albert Heijn","street":"Straatsburg 48","city":"Hengelo","postcode":"7559NM","osm":"node/2782758382"}},{"type":"Feature","id":2782845023,"geometry":{"type":"Point","coordinates":[7.048137,52.812867]},"properties":{"chain":"aldi","name":"ALDI","street":"Hoofdkanaal WZ 13","city":"Emmer-Compascuum","postcode":"7881AA","osm":"node/2782845023"}},{"type":"Feature","id":2783333776,"geometry":{"type":"Point","coordinates":[5.496322,51.985154]},"properties":{"chain":"ah","name":"Albert Heijn","street":"Schoolweg 2B","city":"Elst Ut","postcode":"3921CE","osm":"node/2783333776"}},{"type":"Feature","id":2783522923,"geometry":{"type":"Point","coordinates":[5.568086,51.958245]},"properties":{"chain":"jumbo","name":"Jumbo Mostert","street":"Plantsoenstraat 69","city":"Rhenen","postcode":"3911KA","osm":"node/2783522923"}},{"type":"Feature","id":2783663270,"geometry":{"type":"Point","coordinates":[4.847873,52.311601]},"properties":{"chain":"lidl","name":"Lidl","street":"Amsterdamseweg 188","city":"Amstelveen","postcode":"1182HL","osm":"node/2783663270"}},{"type":"Feature","id":2783894821,"geometry":{"type":"Point","coordinates":[4.547637,51.941884]},"properties":{"chain":"ah","name":"Albert Heijn","street":"Marinus Bolkplein 4","city":"Rotterdam","postcode":"3067AK","osm":"node/2783894821"}},{"type":"Feature","id":2784089698,"geometry":{"type":"Point","coordinates":[5.46403,51.463002]},"properties":{"chain":"aldi","name":"ALDI","street":"Judas Taddeusplein 1","city":"Eindhoven","postcode":"5622JX","osm":"node/2784089698"}},{"type":"Feature","id":2784461411,"geometry":{"type":"Point","coordinates":[4.965306,51.840645]},"properties":{"chain":"lidl","name":"Lidl","street":"Koningin Wilhelminalaan 73","city":"Gorinchem","postcode":"4205ES","osm":"node/2784461411"}},{"type":"Feature","id":2784918937,"geometry":{"type":"Point","coordinates":[4.802806,52.788618]},"properties":{"chain":"jumbo","name":"Jumbo Kooistra Schagen","street":"Langestraat 9","city":"Schagen","postcode":"1741HB","osm":"node/2784918937"}},{"type":"Feature","id":2785133840,"geometry":{"type":"Point","coordinates":[4.602345,51.936279]},"properties":{"chain":"ah","name":"Albert Heijn","street":"Amsteldiep 45","city":"Capelle aan den IJssel","postcode":"2904EB","osm":"node/2785133840"}},{"type":"Feature","id":2785482005,"geometry":{"type":"Point","coordinates":[4.374828,51.935123]},"properties":{"chain":"lidl","name":"Lidl","street":"Hof van Spaland 68","city":"Schiedam","postcode":"3121CC","osm":"node/2785482005"}},{"type":"Feature","id":2786523215,"geometry":{"type":"Point","coordinates":[4.415097,51.918805]},"properties":{"chain":"lidl","name":"Lidl","street":"Dieselstraat 100","city":"Schiedam","postcode":"3112KC","osm":"node/2786523215"}},{"type":"Feature","id":2787500413,"geometry":{"type":"Point","coordinates":[5.219394,52.083022]},"properties":{"chain":"aldi","name":"ALDI","street":"De Clomp 3208","city":"Zeist","postcode":"3704KB","osm":"node/2787500413"}},{"type":"Feature","id":2788120277,"geometry":{"type":"Point","coordinates":[4.503484,51.904369]},"properties":{"chain":"lidl","name":"Lidl","street":"Vuurplaat 340","city":"Rotterdam","postcode":"3071AR","osm":"node/2788120277"}},{"type":"Feature","id":2788129913,"geometry":{"type":"Point","coordinates":[4.879643,52.389385]},"properties":{"chain":"jumbo","name":"Jumbo","street":"Spaarndammerstraat 544","city":"Amsterdam","postcode":"1013TH","osm":"node/2788129913"}},{"type":"Feature","id":2788229179,"geometry":{"type":"Point","coordinates":[6.494587,52.234537]},"properties":{"chain":"plus","name":"PLUS","street":"Kerkplein 1","city":"Markelo","postcode":"7475AE","osm":"node/2788229179"}},{"type":"Feature","id":2789046529,"geometry":{"type":"Point","coordinates":[4.428481,51.934695]},"properties":{"chain":"plus","name":"PLUS","street":"Burgemeester Baumannlaan 187","city":"Rotterdam","postcode":"3042AD","osm":"node/2789046529"}},{"type":"Feature","id":2789244873,"geometry":{"type":"Point","coordinates":[4.389463,51.921486]},"properties":{"chain":"lidl","name":"Lidl","street":"Mgr Nolenslaan 600","city":"Schiedam","postcode":"3119ER","osm":"node/2789244873"}},{"type":"Feature","id":2789374217,"geometry":{"type":"Point","coordinates":[6.020832,50.772652]},"properties":{"chain":"ah","name":"Albert Heijn","street":"Prins Willem Alexanderplein 5","city":"Vaals","postcode":"6291GZ","osm":"node/2789374217"}},{"type":"Feature","id":2789374231,"geometry":{"type":"Point","coordinates":[6.021656,50.774407]},"properties":{"chain":"lidl","name":"Lidl","street":"Sneeuwberglaan 20","city":"Vaals","postcode":"6291HC","osm":"node/2789374231"}},{"type":"Feature","id":2789437202,"geometry":{"type":"Point","coordinates":[4.55904,51.532296]},"properties":{"chain":"plus","name":"PLUS","street":"Raadhuisplein 12","city":"Rucphen","postcode":"4715CN","osm":"node/2789437202"}},{"type":"Feature","id":2789514092,"geometry":{"type":"Point","coordinates":[4.590298,51.545668]},"properties":{"chain":"jumbo","name":"Jumbo","street":"Kievitstraat 17","city":"St. Willebrord","postcode":"4711KH","osm":"node/2789514092"}},{"type":"Feature","id":2790389490,"geometry":{"type":"Point","coordinates":[6.036583,51.413221]},"properties":{"chain":"ah","name":"Albert Heijn Jan Linders","street":"Pastoor Vullinghsstraat 53","city":"Sevenum","postcode":"5975AP","osm":"node/2790389490"}},{"type":"Feature","id":2790471685,"geometry":{"type":"Point","coordinates":[6.789275,52.256419]},"properties":{"chain":"aldi","name":"ALDI","street":"Dikkersplein 11","city":"Hengelo","postcode":"7553CZ","osm":"node/2790471685"}},{"type":"Feature","id":2790573303,"geometry":{"type":"Point","coordinates":[6.789339,52.256203]},"properties":{"chain":"jumbo","name":"Jumbo Klieverik","street":"Dikkersplein 9","city":"Hengelo","postcode":"7553CZ","osm":"node/2790573303"}},{"type":"Feature","id":2790971009,"geometry":{"type":"Point","coordinates":[4.496858,51.898889]},"properties":{"chain":"ah","name":"Albert Heijn","street":"Paul Krugerstraat 220","city":"Rotterdam","postcode":"3072GS","osm":"node/2790971009"}},{"type":"Feature","id":2792215542,"geometry":{"type":"Point","coordinates":[5.432339,51.619076]},"properties":{"chain":"jumbo","name":"Jumbo","street":"Sint Jorisplein 4","city":"Schijndel","postcode":"5481AS","osm":"node/2792215542"}},{"type":"Feature","id":2792426618,"geometry":{"type":"Point","coordinates":[6.052727,51.453117]},"properties":{"chain":"ah","name":"Albert Heijn","street":"Steenstraat 11","city":"Horst","postcode":"5961ET","osm":"node/2792426618"}},{"type":"Feature","id":2792439959,"geometry":{"type":"Point","coordinates":[6.054287,51.451616]},"properties":{"chain":"jumbo","name":"Jumbo Phicoop","street":"Kerkstraat 3d","city":"Horst","postcode":"5961GC","osm":"node/2792439959"}},{"type":"Feature","id":2792444498,"geometry":{"type":"Point","coordinates":[6.052425,51.452148]},"properties":{"chain":"lidl","name":"Lidl","street":"Kerkstraat 2g","city":"Horst","postcode":"5961GD","osm":"node/2792444498"}},{"type":"Feature","id":2792506182,"geometry":{"type":"Point","coordinates":[5.437085,51.617136]},"properties":{"chain":"plus","name":"PLUS","street":"Hoofdstraat 121","city":"Schijndel","postcode":"5481AD","osm":"node/2792506182"}},{"type":"Feature","id":2792511425,"geometry":{"type":"Point","coordinates":[5.446655,51.605948]},"properties":{"chain":"jumbo","name":"Jumbo","street":"Rooiseheide 5","city":"Schijndel","postcode":"5481SG","osm":"node/2792511425"}},{"type":"Feature","id":2792747194,"geometry":{"type":"Point","coordinates":[5.491735,51.511716]},"properties":{"chain":"aldi","name":"ALDI","street":"Heistraat 14b","city":"Son en Breugel","postcode":"5691CA","osm":"node/2792747194"}},{"type":"Feature","id":2792987567,"geometry":{"type":"Point","coordinates":[4.665422,51.801474]},"properties":{"chain":"jumbo","name":"Jumbo","street":"Krispijnseweg 68","city":"Dordrecht","postcode":"3314KL","osm":"node/2792987567"}},{"type":"Feature","id":2793508417,"geometry":{"type":"Point","coordinates":[5.998279,53.329378]},"properties":{"chain":"jumbo","name":"Jumbo","street":"Hantumerweg 14","city":"Dokkum","postcode":"9101AB","osm":"node/2793508417"}},{"type":"Feature","id":2793577715,"geometry":{"type":"Point","coordinates":[4.701757,52.005522]},"properties":{"chain":"plus","name":"PLUS van den Boogaard","street":"Constantijn Huygensstraat 110","city":"Gouda","postcode":"2802LZ","osm":"node/2793577715"}},{"type":"Feature","id":2795130386,"geometry":{"type":"Point","coordinates":[5.289029,51.883788]},"properties":{"chain":"lidl","name":"Lidl","street":"Achter 't Veer 36","city":"Geldermalsen","postcode":"4191AD","osm":"node/2795130386"}},{"type":"Feature","id":2795130951,"geometry":{"type":"Point","coordinates":[5.286495,51.883549]},"properties":{"chain":"ah","name":"Albert Heijn","street":"Achter 't Veer 6","city":"Geldermalsen","postcode":"4191AD","osm":"node/2795130951"}},{"type":"Feature","id":2795390892,"geometry":{"type":"Point","coordinates":[4.669253,51.986893]},"properties":{"chain":"ah","name":"Albert Heijn","street":"De Smidse 16","city":"Moordrecht","postcode":"2841XW","osm":"node/2795390892"}},{"type":"Feature","id":2796264213,"geometry":{"type":"Point","coordinates":[6.050105,51.603055]},"properties":{"chain":"ah","name":"Albert Heijn Jan Linders","street":"Raadhuisstraat 7","city":"Bergen L","postcode":"5854AX","osm":"node/2796264213"}},{"type":"Feature","id":2796625790,"geometry":{"type":"Point","coordinates":[5.299443,51.886658]},"properties":{"chain":"ah","name":"Albert Heijn Prinses Máximaplein","street":"Prinses Máximaplein 8","city":"Geldermalsen","postcode":"4191XT","osm":"node/2796625790"}},{"type":"Feature","id":2796645610,"geometry":{"type":"Point","coordinates":[5.969711,51.698909]},"properties":{"chain":"jumbo","name":"Jumbo","street":"'t Straatje 1","city":"Gennep","postcode":"6591BP","osm":"node/2796645610"}},{"type":"Feature","id":2796646901,"geometry":{"type":"Point","coordinates":[5.970801,51.697289]},"properties":{"chain":"lidl","name":"Lidl","street":"Europaplein 21","city":"Gennep","postcode":"6591AV","osm":"node/2796646901"}},{"type":"Feature","id":2796649948,"geometry":{"type":"Point","coordinates":[5.971414,51.697697]},"properties":{"chain":"jumbo","name":"Jumbo","street":"Europaplein 9","city":"Gennep","postcode":"6591AZ","osm":"node/2796649948"}},{"type":"Feature","id":2797409942,"geometry":{"type":"Point","coordinates":[6.142288,53.253276]},"properties":{"chain":"plus","name":"PLUS","street":"Christinastraat 3","city":"Buitenpost","postcode":"9285TM","osm":"node/2797409942"}},{"type":"Feature","id":2797551957,"geometry":{"type":"Point","coordinates":[6.00864,53.323448]},"properties":{"chain":"ah","name":"Albert Heijn","street":"Koophandel 7","city":"Dokkum","postcode":"9101WZ","osm":"node/2797551957"}},{"type":"Feature","id":2798121624,"geometry":{"type":"Point","coordinates":[5.534431,51.736489]},"properties":{"chain":"aldi","name":"ALDI","street":"Osseweg 1","city":"Heesch","postcode":"5384NA","osm":"node/2798121624"}},{"type":"Feature","id":2798122867,"geometry":{"type":"Point","coordinates":[5.560448,51.702118]},"properties":{"chain":"jumbo","name":"Jumbo","street":"Parkstraat 10","city":"Nistelrode","postcode":"5388HS","osm":"node/2798122867"}},{"type":"Feature","id":2798127167,"geometry":{"type":"Point","coordinates":[5.526627,51.733763]},"properties":{"chain":"lidl","name":"Lidl","street":"Schoonstraat 18","city":"Heesch","postcode":"5384AN","osm":"node/2798127167"}},{"type":"Feature","id":2798150779,"geometry":{"type":"Point","coordinates":[6.161618,53.18215]},"properties":{"chain":"lidl","name":"Lidl","street":"Baansein 2","city":"Surhuisterveen","postcode":"9231LD","osm":"node/2798150779"}},{"type":"Feature","id":2798154698,"geometry":{"type":"Point","coordinates":[6.164504,53.181215]},"properties":{"chain":"jumbo","name":"Jumbo","street":"Torenplein 27","city":"Surhuisterveen","postcode":"9231CG","osm":"node/2798154698"}},{"type":"Feature","id":2798487887,"geometry":{"type":"Point","coordinates":[4.453859,51.911852]},"properties":{"chain":"lidl","name":"Lidl","street":"Nieuwe Binnenweg 362","city":"Rotterdam","postcode":"3023ET","osm":"node/2798487887"}},{"type":"Feature","id":2798581039,"geometry":{"type":"Point","coordinates":[5.512165,51.519088]},"properties":{"chain":"plus","name":"PLUS","street":"van Gentlaan 8","city":"Son en Breugel","postcode":"5694SC","osm":"node/2798581039"}},{"type":"Feature","id":2798600198,"geometry":{"type":"Point","coordinates":[6.154302,53.283688]},"properties":{"chain":"aldi","name":"ALDI","street":"Willem Loréweg 2a","city":"Kollum","postcode":"9291MC","osm":"node/2798600198"}},{"type":"Feature","id":2798616935,"geometry":{"type":"Point","coordinates":[6.153892,53.282361]},"properties":{"chain":"jumbo","name":"Jumbo","street":"Mr Andreaestraat 16","city":"Kollum","postcode":"9291MA","osm":"node/2798616935"}},{"type":"Feature","id":2798745853,"geometry":{"type":"Point","coordinates":[4.947961,51.878667]},"properties":{"chain":"plus","name":"PLUS","street":"Dirk IV-plein 8","city":"Hoornaar","postcode":"4223NJ","osm":"node/2798745853"}},{"type":"Feature","id":2799461017,"geometry":{"type":"Point","coordinates":[6.622226,52.575013]},"properties":{"chain":"aldi","name":"ALDI","street":"Israel Emanuelplein 9","city":"Hardenberg","postcode":"7772BH","osm":"node/2799461017"}},{"type":"Feature","id":2799591821,"geometry":{"type":"Point","coordinates":[6.038123,53.254412]},"properties":{"chain":"plus","name":"PLUS","street":"Ljurkstrjitte 63","city":"De Westereen","postcode":"9271CR","osm":"node/2799591821"}},{"type":"Feature","id":2799984254,"geometry":{"type":"Point","coordinates":[4.617804,51.96815]},"properties":{"chain":"jumbo","name":"Jumbo","street":"Reigerhof 113","city":"Nieuwerkerk aan den IJssel","postcode":"2914KE","osm":"node/2799984254"}},{"type":"Feature","id":2799997683,"geometry":{"type":"Point","coordinates":[4.590169,51.961199]},"properties":{"chain":"aldi","name":"ALDI","street":"Hoofdweg-Zuid 64c","city":"Nieuwerkerk aan den IJssel","postcode":"2912EE","osm":"node/2799997683"}},{"type":"Feature","id":2800393845,"geometry":{"type":"Point","coordinates":[5.432274,52.009981]},"properties":{"chain":"plus","name":"PLUS","street":"Honingraat 57","city":"Leersum","postcode":"3956HH","osm":"node/2800393845"}},{"type":"Feature","id":2800493892,"geometry":{"type":"Point","coordinates":[5.995965,53.29391]},"properties":{"chain":"ah","name":"Albert Heijn","street":"Conradi-Veenlandstrjitte 4","city":"Damwâld","postcode":"9104BN","osm":"node/2800493892"}},{"type":"Feature","id":2800511207,"geometry":{"type":"Point","coordinates":[5.346112,52.034461]},"properties":{"chain":"jumbo","name":"Jumbo","street":"Plein 1923 26","city":"Doorn","postcode":"3941ES","osm":"node/2800511207"}},{"type":"Feature","id":2800596933,"geometry":{"type":"Point","coordinates":[6.718568,51.967947]},"properties":{"chain":"ah","name":"Albert Heijn","street":"Dingstraat 34","city":"Winterswijk","postcode":"7101GX","osm":"node/2800596933"}},{"type":"Feature","id":2800596961,"geometry":{"type":"Point","coordinates":[6.721589,51.968394]},"properties":{"chain":"plus","name":"PLUS Bruggers","street":"Dingstraat 1","city":"Winterswijk","postcode":"7101GX","osm":"node/2800596961"}},{"type":"Feature","id":2800641849,"geometry":{"type":"Point","coordinates":[5.344285,52.034617]},"properties":{"chain":"ah","name":"Albert Heijn","street":"Dorpsstraat 25","city":"Doorn","postcode":"3941JK","osm":"node/2800641849"}},{"type":"Feature","id":2801736355,"geometry":{"type":"Point","coordinates":[5.933126,51.770173]},"properties":{"chain":"lidl","name":"Lidl","street":"Herwendaalseweg 38","city":"Groesbeek","postcode":"6562AJ","osm":"node/2801736355"}},{"type":"Feature","id":2801923875,"geometry":{"type":"Point","coordinates":[6.621047,52.410207]},"properties":{"chain":"lidl","name":"Lidl","street":"Westeinde 123","city":"Vriezenveen","postcode":"7671EM","osm":"node/2801923875"}},{"type":"Feature","id":2802167293,"geometry":{"type":"Point","coordinates":[6.705995,51.971362]},"properties":{"chain":"jumbo","name":"Jumbo","street":"Europalaan 105","city":"Winterswijk","postcode":"7102AC","osm":"node/2802167293"}},{"type":"Feature","id":2802172279,"geometry":{"type":"Point","coordinates":[6.71116,51.968939]},"properties":{"chain":"lidl","name":"Lidl","street":"Misterweg 23","city":"Winterswijk","postcode":"7102BD","osm":"node/2802172279"}},{"type":"Feature","id":2803083898,"geometry":{"type":"Point","coordinates":[6.997101,52.724162]},"properties":{"chain":"lidl","name":"Lidl","street":"Langestraat 149","city":"Klazienaveen","postcode":"7891GK","osm":"node/2803083898"}},{"type":"Feature","id":2803084033,"geometry":{"type":"Point","coordinates":[6.997817,52.723842]},"properties":{"chain":"aldi","name":"ALDI","street":"Langestraat 152","city":"Klazienaveen","postcode":"7891GK","osm":"node/2803084033"}},{"type":"Feature","id":2803085163,"geometry":{"type":"Point","coordinates":[6.995138,52.723222]},"properties":{"chain":"plus","name":"PLUS Fischer","street":"Pastoor Jongeriusstraat 21","city":"Klazienaveen","postcode":"7891KM","osm":"node/2803085163"}},{"type":"Feature","id":2803848769,"geometry":{"type":"Point","coordinates":[6.857126,52.714835]},"properties":{"chain":"aldi","name":"ALDI","street":"Vaart ZZ 49","city":"Nieuw-Amsterdam","postcode":"7833AC","osm":"node/2803848769"}},{"type":"Feature","id":2803849104,"geometry":{"type":"Point","coordinates":[6.857367,52.714527]},"properties":{"chain":"ah","name":"Albert Heijn","street":"Vaart ZZ 50","city":"Nieuw-Amsterdam","postcode":"7833AC","osm":"node/2803849104"}},{"type":"Feature","id":2804319604,"geometry":{"type":"Point","coordinates":[5.65552,50.86422]},"properties":{"chain":"aldi","name":"ALDI","street":"Malbergsingel 46-54","city":"Maastricht","postcode":"6218AV","osm":"node/2804319604"}},{"type":"Feature","id":2804589480,"geometry":{"type":"Point","coordinates":[5.994694,53.239742]},"properties":{"chain":"plus","name":"Poiesz","street":"Lysterstrjitte 25","city":"Feanwâlden","postcode":"9269NR","osm":"node/2804589480"}},{"type":"Feature","id":2804898667,"geometry":{"type":"Point","coordinates":[5.691012,50.844444]},"properties":{"chain":"ah","name":"Albert Heijn","street":"Sint Pieterstraat 72","city":"Maastricht","postcode":"6211JP","osm":"node/2804898667"}},{"type":"Feature","id":2804926076,"geometry":{"type":"Point","coordinates":[4.743691,52.011366]},"properties":{"chain":"ah","name":"Albert Heijn","street":"Middenmolenplein 64","city":"Gouda","postcode":"2807GZ","osm":"node/2804926076"}},{"type":"Feature","id":2805076885,"geometry":{"type":"Point","coordinates":[6.246181,51.873453]},"properties":{"chain":"lidl","name":"Lidl","street":"Emmerikseweg 1","city":"'s-Heerenberg","postcode":"7041AV","osm":"node/2805076885"}},{"type":"Feature","id":2805091195,"geometry":{"type":"Point","coordinates":[6.254103,51.875374]},"properties":{"chain":"plus","name":"PLUS","street":"Plantsoensingel Midden 2","city":"'s-Heerenberg","postcode":"7041ZB","osm":"node/2805091195"}},{"type":"Feature","id":2805375180,"geometry":{"type":"Point","coordinates":[6.755004,52.698951]},"properties":{"chain":"plus","name":"PLUS","street":"de Waag 25","city":"Dalen","postcode":"7751GW","osm":"node/2805375180"}},{"type":"Feature","id":2805445105,"geometry":{"type":"Point","coordinates":[6.735544,52.670501]},"properties":{"chain":"jumbo","name":"Jumbo","street":"Ingenieur Arjen Vonkweg 6","city":"Coevorden","postcode":"7741KA","osm":"node/2805445105"}},{"type":"Feature","id":2805486369,"geometry":{"type":"Point","coordinates":[4.499172,51.924186]},"properties":{"chain":"lidl","name":"Lidl","street":"Slaak 36","city":"Rotterdam","postcode":"3061CS","osm":"node/2805486369"}},{"type":"Feature","id":2805749643,"geometry":{"type":"Point","coordinates":[6.738119,52.663481]},"properties":{"chain":"ah","name":"Albert Heijn","street":"van Heutszsingel 6","city":"Coevorden","postcode":"7741ET","osm":"node/2805749643"}},{"type":"Feature","id":2805873262,"geometry":{"type":"Point","coordinates":[4.751227,52.076828]},"properties":{"chain":"jumbo","name":"Jumbo Langerak","street":"Vromade 27","city":"Bodegraven","postcode":"2411LG","osm":"node/2805873262"}},{"type":"Feature","id":2805958660,"geometry":{"type":"Point","coordinates":[5.225995,51.954512]},"properties":{"chain":"ah","name":"Albert Heijn","street":"Boerenstraat 6","city":"Culemborg","postcode":"4101EZ","osm":"node/2805958660"}},{"type":"Feature","id":2805991795,"geometry":{"type":"Point","coordinates":[6.71747,51.979795]},"properties":{"chain":"plus","name":"PLUS Bruggers","street":"Ravenhorsterweg 72","city":"Winterswijk","postcode":"7103AV","osm":"node/2805991795"}},{"type":"Feature","id":2806326428,"geometry":{"type":"Point","coordinates":[3.735911,51.692175]},"properties":{"chain":"ah","name":"Albert Heijn","street":"Burghseweg 73","city":"Burgh-Haamstede","postcode":"4328LA","osm":"node/2806326428"}},{"type":"Feature","id":2806536065,"geometry":{"type":"Point","coordinates":[4.995654,51.920917]},"properties":{"chain":"plus","name":"PLUS Versteeg-Meerkerk","street":"Raadhuisplein 6","city":"Meerkerk","postcode":"4231BZ","osm":"node/2806536065"}},{"type":"Feature","id":2806619875,"geometry":{"type":"Point","coordinates":[3.920568,51.651742]},"properties":{"chain":"ah","name":"Albert Heijn","street":"Lange Nobelstraat 28","city":"Zierikzee","postcode":"4301HE","osm":"node/2806619875"}},{"type":"Feature","id":2807206215,"geometry":{"type":"Point","coordinates":[4.962475,51.955256]},"properties":{"chain":"ah","name":"Albert Heijn","street":"Prinsengracht 32","city":"Ameide","postcode":"4233EW","osm":"node/2807206215"}},{"type":"Feature","id":2807330834,"geometry":{"type":"Point","coordinates":[3.602505,51.463314]},"properties":{"chain":"aldi","name":"ALDI","street":"Vlissingsestraat 1","city":"Oost-Souburg","postcode":"4388HA","osm":"node/2807330834"}},{"type":"Feature","id":2807404396,"geometry":{"type":"Point","coordinates":[4.730257,52.56084]},"properties":{"chain":"ah","name":"Albert Heijn","street":"Raadhuisweg 3","city":"Akersloot","postcode":"1921AA","osm":"node/2807404396"}},{"type":"Feature","id":2807638224,"geometry":{"type":"Point","coordinates":[4.590618,51.647723]},"properties":{"chain":"jumbo","name":"Jumbo","street":"Zandberg 4","city":"Zevenbergen","postcode":"4761TW","osm":"node/2807638224"}},{"type":"Feature","id":2808012556,"geometry":{"type":"Point","coordinates":[4.810915,52.345802]},"properties":{"chain":"ah","name":"Albert Heijn","street":"Belgiëplein 107","city":"Amsterdam","postcode":"1066RC","osm":"node/2808012556"}},{"type":"Feature","id":2808319711,"geometry":{"type":"Point","coordinates":[4.855025,52.292124]},"properties":{"chain":"plus","name":"PLUS","street":"Van der Hooplaan 180","city":"Amstelveen","postcode":"1185GK","osm":"node/2808319711"}},{"type":"Feature","id":2808613613,"geometry":{"type":"Point","coordinates":[5.693108,50.852064]},"properties":{"chain":"jumbo","name":"Jumbo","street":"Laag Mosae Forum 26","city":"Maastricht","postcode":"6211DV","osm":"node/2808613613"}},{"type":"Feature","id":2809141764,"geometry":{"type":"Point","coordinates":[4.869163,52.289245]},"properties":{"chain":"lidl","name":"Lidl","street":"Groenhof 127","city":"Amstelveen","postcode":"1186EX","osm":"node/2809141764"}},{"type":"Feature","id":2809403312,"geometry":{"type":"Point","coordinates":[4.695703,52.57124]},"properties":{"chain":"ah","name":"Albert Heijn","street":"Vuurbaak 1","city":"Limmen","postcode":"1906BS","osm":"node/2809403312"}},{"type":"Feature","id":2809414709,"geometry":{"type":"Point","coordinates":[6.580246,52.682324]},"properties":{"chain":"plus","name":"PLUS Huisman","street":"Carstensdijk 164","city":"Elim","postcode":"7916RC","osm":"node/2809414709"}},{"type":"Feature","id":2809437464,"geometry":{"type":"Point","coordinates":[6.539349,52.706089]},"properties":{"chain":"plus","name":"PLUS Cappendijck","street":"Het Hoekje 54","city":"Hollandscheveld","postcode":"7913BD","osm":"node/2809437464"}},{"type":"Feature","id":2809504001,"geometry":{"type":"Point","coordinates":[4.093259,51.660385]},"properties":{"chain":"ah","name":"Albert Heijn","street":"Dreef 2","city":"Bruinisse","postcode":"4311AK","osm":"node/2809504001"}},{"type":"Feature","id":2809867926,"geometry":{"type":"Point","coordinates":[5.708815,50.842155]},"properties":{"chain":"lidl","name":"Lidl","street":"Kardinaal van Rossumplein 52","city":"Maastricht","postcode":"6221SX","osm":"node/2809867926"}},{"type":"Feature","id":2810496930,"geometry":{"type":"Point","coordinates":[6.456369,52.605865]},"properties":{"chain":"lidl","name":"Lidl","street":"Langewijk 156a","city":"Dedemsvaart","postcode":"7701AJ","osm":"node/2810496930"}},{"type":"Feature","id":2810594536,"geometry":{"type":"Point","coordinates":[5.714063,50.852316]},"properties":{"chain":"jumbo","name":"Jumbo","street":"Voltastraat 7","city":"Maastricht","postcode":"6224EK","osm":"node/2810594536"}},{"type":"Feature","id":2810887586,"geometry":{"type":"Point","coordinates":[5.117071,52.697212]},"properties":{"chain":"aldi","name":"ALDI","street":"Zwaagdijk 227C","city":"Zwaagdijk-Oost","postcode":"1684NG","osm":"node/2810887586"}},{"type":"Feature","id":2810887589,"geometry":{"type":"Point","coordinates":[5.118159,52.696252]},"properties":{"chain":"jumbo","name":"Jumbo Monique","street":"Zwaagdijk 227F","city":"Zwaagdijk-Oost","postcode":"1684NG","osm":"node/2810887589"}},{"type":"Feature","id":2811156243,"geometry":{"type":"Point","coordinates":[5.713122,50.849434]},"properties":{"chain":"ah","name":"Albert Heijn","street":"Scharnerweg 110","city":"Maastricht","postcode":"6224JJ","osm":"node/2811156243"}},{"type":"Feature","id":2811375037,"geometry":{"type":"Point","coordinates":[5.223265,52.740061]},"properties":{"chain":"lidl","name":"Lidl","street":"Dijkgraaf Grootweg 34","city":"Andijk","postcode":"1619BV","osm":"node/2811375037"}},{"type":"Feature","id":2811444994,"geometry":{"type":"Point","coordinates":[5.888043,51.098587]},"properties":{"chain":"ah","name":"Albert Heijn Jan Linders","street":"Clarastraat 2","city":"Echt","postcode":"6102CD","osm":"node/2811444994"}},{"type":"Feature","id":2811457778,"geometry":{"type":"Point","coordinates":[5.862686,51.106506]},"properties":{"chain":"jumbo","name":"Jumbo","street":"Plein de Valk 1","city":"Echt","postcode":"6101DM","osm":"node/2811457778"}},{"type":"Feature","id":2811690640,"geometry":{"type":"Point","coordinates":[4.674416,52.550823]},"properties":{"chain":"ah","name":"Albert Heijn","street":"Geesterduin 27","city":"Castricum","postcode":"1902EJ","osm":"node/2811690640"}},{"type":"Feature","id":2811857064,"geometry":{"type":"Point","coordinates":[5.152158,52.727345]},"properties":{"chain":"ah","name":"Albert Heijn","street":"Dorpsstraat 14","city":"Wervershoof","postcode":"1693AG","osm":"node/2811857064"}},{"type":"Feature","id":2811910916,"geometry":{"type":"Point","coordinates":[4.662429,52.547246]},"properties":{"chain":"aldi","name":"ALDI","street":"Bakkerspleintje 77","city":"Castricum","postcode":"1901EZ","osm":"node/2811910916"}},{"type":"Feature","id":2812265682,"geometry":{"type":"Point","coordinates":[5.892487,51.14779]},"properties":{"chain":"lidl","name":"Lidl","street":"Markt 9","city":"Maasbracht","postcode":"6051DZ","osm":"node/2812265682"}},{"type":"Feature","id":2812714934,"geometry":{"type":"Point","coordinates":[6.495249,51.860851]},"properties":{"chain":"jumbo","name":"Jumbo Leussink","street":"Heelweg 73","city":"Dinxperlo","postcode":"7091BT","osm":"node/2812714934"}},{"type":"Feature","id":2812845240,"geometry":{"type":"Point","coordinates":[4.474125,51.631638]},"properties":{"chain":"jumbo","name":"Jumbo Gert Driesen","street":"Kadedijk 120b","city":"Fijnaart","postcode":"4793RR","osm":"node/2812845240"}},{"type":"Feature","id":2813390578,"geometry":{"type":"Point","coordinates":[5.023973,52.68163]},"properties":{"chain":"ah","name":"Albert Heijn","street":"Kerkstraat 15","city":"Wognum","postcode":"1687AL","osm":"node/2813390578"}},{"type":"Feature","id":2813735568,"geometry":{"type":"Point","coordinates":[5.526104,51.61255]},"properties":{"chain":"jumbo","name":"Jumbo","street":"Rijksweg 15","city":"Veghel","postcode":"5462CE","osm":"node/2813735568"}},{"type":"Feature","id":2813750871,"geometry":{"type":"Point","coordinates":[5.547609,51.614903]},"properties":{"chain":"ah","name":"Albert Heijn","street":"Stadhuisplein 6","city":"Veghel","postcode":"5461KS","osm":"node/2813750871"}},{"type":"Feature","id":2813751989,"geometry":{"type":"Point","coordinates":[5.547349,51.617064]},"properties":{"chain":"lidl","name":"Lidl","street":"De Kempen 60","city":"Veghel","postcode":"5461HL","osm":"node/2813751989"}},{"type":"Feature","id":2813827201,"geometry":{"type":"Point","coordinates":[5.892955,50.816095]},"properties":{"chain":"plus","name":"PLUS Kleijnen","street":"Passage 1","city":"Gulpen","postcode":"6271HA","osm":"node/2813827201"}},{"type":"Feature","id":2813833211,"geometry":{"type":"Point","coordinates":[5.892872,50.816699]},"properties":{"chain":"aldi","name":"ALDI","street":"Looierstraat 20","city":"Gulpen","postcode":"6271BB","osm":"node/2813833211"}},{"type":"Feature","id":2813915361,"geometry":{"type":"Point","coordinates":[4.31631,51.580375]},"properties":{"chain":"jumbo","name":"Jumbo","street":"Floraplein 2","city":"Steenbergen","postcode":"4651NC","osm":"node/2813915361"}},{"type":"Feature","id":2813948613,"geometry":{"type":"Point","coordinates":[5.51885,51.944474]},"properties":{"chain":"jumbo","name":"Jumbo","street":"Verbrughweg 16","city":"Lienden","postcode":"4033GP","osm":"node/2813948613"}},{"type":"Feature","id":2814200706,"geometry":{"type":"Point","coordinates":[4.370189,51.63605]},"properties":{"chain":"ah","name":"Albert Heijn","street":"Westvoorstraat 50","city":"Dinteloord","postcode":"4671CE","osm":"node/2814200706"}},{"type":"Feature","id":2814240759,"geometry":{"type":"Point","coordinates":[4.855006,52.358781]},"properties":{"chain":"jumbo","name":"Jumbo","street":"Baarsjesweg 303-H","city":"Amsterdam","postcode":"1058AH","osm":"node/2814240759"}},{"type":"Feature","id":2814254456,"geometry":{"type":"Point","coordinates":[5.558412,51.623658]},"properties":{"chain":"jumbo","name":"Jumbo","street":"De Bunders 68","city":"Veghel","postcode":"5467JZ","osm":"node/2814254456"}},{"type":"Feature","id":2814628449,"geometry":{"type":"Point","coordinates":[4.855852,52.352333]},"properties":{"chain":"ah","name":"Albert Heijn","street":"Amstelveenseweg 186-H","city":"Amsterdam","postcode":"1075XR","osm":"node/2814628449"}},{"type":"Feature","id":2814629351,"geometry":{"type":"Point","coordinates":[4.85382,52.3507]},"properties":{"chain":"ah","name":"Albert Heijn","street":"Zeilstraat 47-H","city":"Amsterdam","postcode":"1075SC","osm":"node/2814629351"}},{"type":"Feature","id":2814845900,"geometry":{"type":"Point","coordinates":[5.546753,51.60898]},"properties":{"chain":"ah","name":"Albert Heijn Jan Linders","street":"De Boekt 20","city":"Veghel","postcode":"5463HT","osm":"node/2814845900"}},{"type":"Feature","id":2815535041,"geometry":{"type":"Point","coordinates":[3.585914,51.455496]},"properties":{"chain":"ah","name":"Albert Heijn XL","street":"Gildeweg 6","city":"Vlissingen","postcode":"4383NK","osm":"node/2815535041"}},{"type":"Feature","id":2815734855,"geometry":{"type":"Point","coordinates":[5.840988,51.164072]},"properties":{"chain":"aldi","name":"ALDI","street":"Akker 5","city":"Thorn","postcode":"6017BN","osm":"node/2815734855"}},{"type":"Feature","id":2816237813,"geometry":{"type":"Point","coordinates":[6.129197,51.943614]},"properties":{"chain":"aldi","name":"ALDI","street":"Kerkstraat 36","city":"Didam","postcode":"6941AH","osm":"node/2816237813"}},{"type":"Feature","id":2816335017,"geometry":{"type":"Point","coordinates":[4.935934,52.374448]},"properties":{"chain":"jumbo","name":"Jumbo","street":"Oostelijke Handelskade 1005","city":"Amsterdam","postcode":"1019BW","osm":"node/2816335017"}},{"type":"Feature","id":2816335100,"geometry":{"type":"Point","coordinates":[4.938617,52.373939]},"properties":{"chain":"ah","name":"Albert Heijn","street":"Oostelijke Handelskade 1065","city":"Amsterdam","postcode":"1019BW","osm":"node/2816335100"}},{"type":"Feature","id":2816407521,"geometry":{"type":"Point","coordinates":[5.102381,52.766724]},"properties":{"chain":"aldi","name":"ALDI","street":"Randweg 17","city":"Medemblik","postcode":"1671GG","osm":"node/2816407521"}},{"type":"Feature","id":2816899267,"geometry":{"type":"Point","coordinates":[3.581952,51.465361]},"properties":{"chain":"jumbo","name":"Jumbo","street":"Papegaaienburg 5","city":"Vlissingen","postcode":"4386DA","osm":"node/2816899267"}},{"type":"Feature","id":2816899362,"geometry":{"type":"Point","coordinates":[3.582727,51.465243]},"properties":{"chain":"lidl","name":"Lidl","street":"Papegaaienburg 6","city":"Vlissingen","postcode":"4386DA","osm":"node/2816899362"}},{"type":"Feature","id":2817912975,"geometry":{"type":"Point","coordinates":[4.465269,51.53321]},"properties":{"chain":"aldi","name":"ALDI","street":"Boulevard 118a","city":"Roosendaal","postcode":"4701EZ","osm":"node/2817912975"}},{"type":"Feature","id":2817985357,"geometry":{"type":"Point","coordinates":[4.456776,51.521261]},"properties":{"chain":"lidl","name":"Lidl","street":"President Kennedylaan 118","city":"Roosendaal","postcode":"4707BE","osm":"node/2817985357"}},{"type":"Feature","id":2817997468,"geometry":{"type":"Point","coordinates":[4.438921,51.513213]},"properties":{"chain":"plus","name":"PLUS van Dorsten","street":"Tolbergcentrum 172","city":"Roosendaal","postcode":"4708HK","osm":"node/2817997468"}},{"type":"Feature","id":2818005844,"geometry":{"type":"Point","coordinates":[4.463582,51.522994]},"properties":{"chain":"jumbo","name":"Jumbo","street":"Streuvelslaan 1a","city":"Roosendaal","postcode":"4707CH","osm":"node/2818005844"}},{"type":"Feature","id":2818017869,"geometry":{"type":"Point","coordinates":[4.466637,51.535326]},"properties":{"chain":"ah","name":"Albert Heijn","street":"Van Beethovenlaan 4","city":"Roosendaal","postcode":"4702JS","osm":"node/2818017869"}},{"type":"Feature","id":2818931351,"geometry":{"type":"Point","coordinates":[4.29069,51.493401]},"properties":{"chain":"jumbo","name":"Jumbo","street":"Burgemeester Van Hasseltstraat 1","city":"Bergen op Zoom","postcode":"4611BG","osm":"node/2818931351"}},{"type":"Feature","id":2818938086,"geometry":{"type":"Point","coordinates":[6.428298,52.675776]},"properties":{"chain":"jumbo","name":"Jumbo","street":"Wethouder Klunderstraat 16","city":"Zuidwolde","postcode":"7921HR","osm":"node/2818938086"}},{"type":"Feature","id":2819291211,"geometry":{"type":"Point","coordinates":[4.472169,51.959024]},"properties":{"chain":"plus","name":"PLUS","street":"Ganzerikplein 329","city":"Rotterdam","postcode":"3053EA","osm":"node/2819291211"}},{"type":"Feature","id":2819519819,"geometry":{"type":"Point","coordinates":[5.974067,50.929991]},"properties":{"chain":"aldi","name":"ALDI","street":"Akerstraat 128","city":"Brunssum","postcode":"6445CT","osm":"node/2819519819"}},{"type":"Feature","id":2819550921,"geometry":{"type":"Point","coordinates":[3.552036,51.462282]},"properties":{"chain":"jumbo","name":"Jumbo Vader","street":"Van Hogendorpweg 93","city":"Vlissingen","postcode":"4384HD","osm":"node/2819550921"}},{"type":"Feature","id":2820685610,"geometry":{"type":"Point","coordinates":[3.547877,51.483435]},"properties":{"chain":"jumbo","name":"Jumbo","street":"Duinstraat 18A","city":"Koudekerke","postcode":"4371AZ","osm":"node/2820685610"}},{"type":"Feature","id":2820945042,"geometry":{"type":"Point","coordinates":[5.141816,51.48545]},"properties":{"chain":"aldi","name":"ALDI","street":"Bloemenstraat 11","city":"Hilvarenbeek","postcode":"5081CR","osm":"node/2820945042"}},{"type":"Feature","id":2820948558,"geometry":{"type":"Point","coordinates":[5.138949,51.483346]},"properties":{"chain":"jumbo","name":"Jumbo","street":"Hilverstraat 99","city":"Hilvarenbeek","postcode":"5081AV","osm":"node/2820948558"}},{"type":"Feature","id":2821558065,"geometry":{"type":"Point","coordinates":[4.863245,52.077394]},"properties":{"chain":"jumbo","name":"Jumbo","street":"Molenvlietbrink 18","city":"Woerden","postcode":"3448HM","osm":"node/2821558065"}},{"type":"Feature","id":2821674851,"geometry":{"type":"Point","coordinates":[4.494489,51.959128]},"properties":{"chain":"ah","name":"Albert Heijn XL","street":"Argonautenweg 1","city":"Rotterdam","postcode":"3054RP","osm":"node/2821674851"}},{"type":"Feature","id":2821753804,"geometry":{"type":"Point","coordinates":[4.503767,51.960092]},"properties":{"chain":"plus","name":"PLUS Kevin van Dam","street":"Van Beethovensingel 4","city":"Rotterdam","postcode":"3055JJ","osm":"node/2821753804"}},{"type":"Feature","id":2821956900,"geometry":{"type":"Point","coordinates":[4.452093,51.645825]},"properties":{"chain":"aldi","name":"ALDI","street":"Oudemolensedijk 9a","city":"Fijnaart","postcode":"4793TE","osm":"node/2821956900"}},{"type":"Feature","id":2822623399,"geometry":{"type":"Point","coordinates":[4.907854,52.675263]},"properties":{"chain":"ah","name":"Albert Heijn","street":"Dorpsstraat 119","city":"Obdam","postcode":"1713HD","osm":"node/2822623399"}},{"type":"Feature","id":2823552047,"geometry":{"type":"Point","coordinates":[5.884779,51.751051]},"properties":{"chain":"plus","name":"PLUS","street":"Prinses Beatrixstraat 13","city":"Mook","postcode":"6585XN","osm":"node/2823552047"}},{"type":"Feature","id":2823617774,"geometry":{"type":"Point","coordinates":[6.130715,52.793003]},"properties":{"chain":"ah","name":"Albert Heijn","street":"Het Schar 3","city":"Steenwijk","postcode":"8332CL","osm":"node/2823617774"}},{"type":"Feature","id":2824091124,"geometry":{"type":"Point","coordinates":[5.176365,51.583099]},"properties":{"chain":"jumbo","name":"Jumbo","street":"Pannenschuurplein 32","city":"Oisterwijk","postcode":"5061WP","osm":"node/2824091124"}},{"type":"Feature","id":2824238548,"geometry":{"type":"Point","coordinates":[5.194025,51.580432]},"properties":{"chain":"ah","name":"Albert Heijn","street":"Dorpsstraat 34","city":"Oisterwijk","postcode":"5061HL","osm":"node/2824238548"}},{"type":"Feature","id":2825132028,"geometry":{"type":"Point","coordinates":[4.388978,51.520603]},"properties":{"chain":"jumbo","name":"Jumbo","street":"Kloosterstraat 8","city":"Wouw","postcode":"4724EE","osm":"node/2825132028"}},{"type":"Feature","id":2825890527,"geometry":{"type":"Point","coordinates":[5.250422,51.46861]},"properties":{"chain":"jumbo","name":"Jumbo","street":"'t Ven 1A","city":"Oost West en Middelbeers","postcode":"5091BN","osm":"node/2825890527"}},{"type":"Feature","id":2825998603,"geometry":{"type":"Point","coordinates":[5.31314,51.504788]},"properties":{"chain":"ah","name":"Albert Heijn","street":"de Loop 55","city":"Oirschot","postcode":"5688EW","osm":"node/2825998603"}},{"type":"Feature","id":2825999335,"geometry":{"type":"Point","coordinates":[5.314268,51.503399]},"properties":{"chain":"lidl","name":"Lidl","street":"Rijkesluisstraat 67","city":"Oirschot","postcode":"5688EC","osm":"node/2825999335"}},{"type":"Feature","id":2826154697,"geometry":{"type":"Point","coordinates":[6.931533,52.315365]},"properties":{"chain":"lidl","name":"Lidl","street":"Molenstraat 16","city":"Oldenzaal","postcode":"7571CN","osm":"node/2826154697"}},{"type":"Feature","id":2826873618,"geometry":{"type":"Point","coordinates":[5.882404,51.833921]},"properties":{"chain":"plus","name":"PLUS","street":"Van 't Santstraat 380","city":"Nijmegen","postcode":"6523BX","osm":"node/2826873618"}},{"type":"Feature","id":2826959065,"geometry":{"type":"Point","coordinates":[5.864221,51.833423]},"properties":{"chain":"plus","name":"PLUS","street":"Molukkenstraat 13","city":"Nijmegen","postcode":"6524NA","osm":"node/2826959065"}},{"type":"Feature","id":2827067928,"geometry":{"type":"Point","coordinates":[5.220957,51.367739]},"properties":{"chain":"ah","name":"Albert Heijn","street":"Sniederslaan 53","city":"Bladel","postcode":"5531EH","osm":"node/2827067928"}},{"type":"Feature","id":2827116911,"geometry":{"type":"Point","coordinates":[4.281549,51.479833]},"properties":{"chain":"jumbo","name":"Jumbo","street":"Vogelaar 29","city":"Bergen op Zoom","postcode":"4617LG","osm":"node/2827116911"}},{"type":"Feature","id":2827227694,"geometry":{"type":"Point","coordinates":[6.925878,52.323458]},"properties":{"chain":"plus","name":"PLUS","street":"Kloosterland 2","city":"Oldenzaal","postcode":"7577DP","osm":"node/2827227694"}},{"type":"Feature","id":2827402257,"geometry":{"type":"Point","coordinates":[5.251835,51.369248]},"properties":{"chain":"jumbo","name":"Jumbo","street":"Markt 26","city":"Hapert","postcode":"5527EN","osm":"node/2827402257"}},{"type":"Feature","id":2827407672,"geometry":{"type":"Point","coordinates":[4.902187,52.297213]},"properties":{"chain":"plus","name":"PLUS","street":"Dorpsstraat 23","city":"Ouderkerk aan de Amstel","postcode":"1191BH","osm":"node/2827407672"}},{"type":"Feature","id":2827409777,"geometry":{"type":"Point","coordinates":[5.252434,51.36854]},"properties":{"chain":"lidl","name":"Lidl","street":"Markt 66","city":"Hapert","postcode":"5527EN","osm":"node/2827409777"}},{"type":"Feature","id":2827411426,"geometry":{"type":"Point","coordinates":[4.914301,52.297445]},"properties":{"chain":"jumbo","name":"Jumbo","street":"Sluisplein 41","city":"Ouderkerk aan de Amstel","postcode":"1191GV","osm":"node/2827411426"}},{"type":"Feature","id":2827635793,"geometry":{"type":"Point","coordinates":[4.928239,52.355703]},"properties":{"chain":"jumbo","name":"Jumbo","street":"Linnaeusstraat 245-H","city":"Amsterdam","postcode":"1093ER","osm":"node/2827635793"}},{"type":"Feature","id":2827726040,"geometry":{"type":"Point","coordinates":[5.969262,50.87449]},"properties":{"chain":"plus","name":"PLUS","street":"De Doom 3","city":"Heerlen","postcode":"6419CW","osm":"node/2827726040"}},{"type":"Feature","id":2827731433,"geometry":{"type":"Point","coordinates":[5.983294,50.875765]},"properties":{"chain":"plus","name":"PLUS Winnubst","street":"Van Weerden Poelmanstraat 47A","city":"Heerlen","postcode":"6417EJ","osm":"node/2827731433"}},{"type":"Feature","id":2827797474,"geometry":{"type":"Point","coordinates":[5.748469,51.284123]},"properties":{"chain":"aldi","name":"ALDI","street":"Burgemeester Hobusstraat 33","city":"Nederweert","postcode":"6031VA","osm":"node/2827797474"}},{"type":"Feature","id":2827802308,"geometry":{"type":"Point","coordinates":[5.748198,51.283355]},"properties":{"chain":"jumbo","name":"Jumbo","street":"Burgemeester Hobusstraat 66","city":"Nederweert","postcode":"6031VA","osm":"node/2827802308"}},{"type":"Feature","id":2827802341,"geometry":{"type":"Point","coordinates":[5.750155,51.283278]},"properties":{"chain":"ah","name":"Albert Heijn","street":"Kerkstraat 6A","city":"Nederweert","postcode":"6031CH","osm":"node/2827802341"}},{"type":"Feature","id":2827888724,"geometry":{"type":"Point","coordinates":[6.907117,52.314863]},"properties":{"chain":"ah","name":"Albert Heijn","street":"Johanna van Burenlaan 222","city":"Oldenzaal","postcode":"7576AW","osm":"node/2827888724"}},{"type":"Feature","id":2828509129,"geometry":{"type":"Point","coordinates":[5.316733,51.362104]},"properties":{"chain":"jumbo","name":"Jumbo Pick-up Point","street":"Nieuwstraat 47a","city":"Eersel","postcode":"5521CB","osm":"node/2828509129"}},{"type":"Feature","id":2828635673,"geometry":{"type":"Point","coordinates":[5.313292,51.361109]},"properties":{"chain":"lidl","name":"Lidl","street":"Nieuwstraat 25","city":"Eersel","postcode":"5521CA","osm":"node/2828635673"}},{"type":"Feature","id":2828645429,"geometry":{"type":"Point","coordinates":[5.311024,51.360695]},"properties":{"chain":"plus","name":"PLUS","street":"Nieuwstraat 9","city":"Eersel","postcode":"5521CA","osm":"node/2828645429"}},{"type":"Feature","id":2828723824,"geometry":{"type":"Point","coordinates":[5.359122,51.322529]},"properties":{"chain":"ah","name":"Albert Heijn","street":"Hof 94","city":"Bergeijk","postcode":"5571CA","osm":"node/2828723824"}},{"type":"Feature","id":2828952301,"geometry":{"type":"Point","coordinates":[5.446152,51.348548]},"properties":{"chain":"aldi","name":"ALDI","street":"Goorkes 2","city":"Valkenswaard","postcode":"5554NW","osm":"node/2828952301"}},{"type":"Feature","id":2829171348,"geometry":{"type":"Point","coordinates":[5.431447,51.356006]},"properties":{"chain":"plus","name":"PLUS Korner","street":"Van Bruhezedal 13","city":"Valkenswaard","postcode":"5551EW","osm":"node/2829171348"}},{"type":"Feature","id":2829295861,"geometry":{"type":"Point","coordinates":[5.874694,51.838034]},"properties":{"chain":"ah","name":"Albert Heijn Jan Linders","street":"Daalseweg 200","city":"Nijmegen","postcode":"6521GR","osm":"node/2829295861"}},{"type":"Feature","id":2829611655,"geometry":{"type":"Point","coordinates":[4.328428,51.395317]},"properties":{"chain":"plus","name":"PLUS Suijkerbuijk","street":"Hondseind 14","city":"Ossendrecht","postcode":"4641HN","osm":"node/2829611655"}},{"type":"Feature","id":2829700752,"geometry":{"type":"Point","coordinates":[6.377421,53.167792]},"properties":{"chain":"jumbo","name":"Jumbo","street":"Industriepark 5r","city":"Leek","postcode":"9351PA","osm":"node/2829700752"}},{"type":"Feature","id":2829760216,"geometry":{"type":"Point","coordinates":[5.827189,50.95738]},"properties":{"chain":"plus","name":"PLUS","street":"Zuidhof 11","city":"Geleen","postcode":"6164BA","osm":"node/2829760216"}},{"type":"Feature","id":2830077477,"geometry":{"type":"Point","coordinates":[5.567596,51.382785]},"properties":{"chain":"plus","name":"PLUS","street":"ten Borchwardplein 20","city":"Heeze","postcode":"5591ML","osm":"node/2830077477"}},{"type":"Feature","id":2830659420,"geometry":{"type":"Point","coordinates":[6.165518,51.414961]},"properties":{"chain":"ah","name":"Albert Heijn Jan Linders","street":"Markt 10D","city":"Velden","postcode":"5941GA","osm":"node/2830659420"}},{"type":"Feature","id":2831012995,"geometry":{"type":"Point","coordinates":[6.074011,53.098739]},"properties":{"chain":"lidl","name":"Lidl","street":"Eems 28","city":"Drachten","postcode":"9204JX","osm":"node/2831012995"}},{"type":"Feature","id":2831081594,"geometry":{"type":"Point","coordinates":[7.001036,52.372408]},"properties":{"chain":"plus","name":"PLUS","street":"Oldenzaalsestraat 40A","city":"Denekamp","postcode":"7591GM","osm":"node/2831081594"}},{"type":"Feature","id":2831301248,"geometry":{"type":"Point","coordinates":[4.777799,51.82196]},"properties":{"chain":"ah","name":"Albert Heijn","street":"Burgemeester Winklerplein 24","city":"Sliedrecht","postcode":"3362AA","osm":"node/2831301248"}},{"type":"Feature","id":2831651795,"geometry":{"type":"Point","coordinates":[4.977777,52.349807]},"properties":{"chain":"jumbo","name":"Jumbo","street":"Gruttoplein 9","city":"Diemen","postcode":"1113HL","osm":"node/2831651795"}},{"type":"Feature","id":2831851994,"geometry":{"type":"Point","coordinates":[5.840834,50.971111]},"properties":{"chain":"jumbo","name":"Jumbo","street":"Pastoor Vonckenstraat 9","city":"Geleen","postcode":"6166CV","osm":"node/2831851994"}},{"type":"Feature","id":2831957091,"geometry":{"type":"Point","coordinates":[4.323212,51.425228]},"properties":{"chain":"jumbo","name":"Jumbo","street":"Raadhuisstraat 87","city":"Hoogerheide","postcode":"4631NC","osm":"node/2831957091"}},{"type":"Feature","id":2832067424,"geometry":{"type":"Point","coordinates":[6.928629,53.332621]},"properties":{"chain":"ah","name":"Albert Heijn","street":"Willemstraat 26","city":"Delfzijl","postcode":"9934BC","osm":"node/2832067424"}},{"type":"Feature","id":2832109487,"geometry":{"type":"Point","coordinates":[5.031622,51.662878]},"properties":{"chain":"aldi","name":"ALDI","street":"Jan de Rooijstraat 15A","city":"Kaatsheuvel","postcode":"5171DR","osm":"node/2832109487"}},{"type":"Feature","id":2832109490,"geometry":{"type":"Point","coordinates":[5.034479,51.668503]},"properties":{"chain":"ah","name":"Albert Heijn Jan Linders","street":"Van der Duinstraat 115","city":"Sprang-Capelle","postcode":"5161BN","osm":"node/2832109490"}},{"type":"Feature","id":2832109494,"geometry":{"type":"Point","coordinates":[5.034845,51.658796]},"properties":{"chain":"lidl","name":"Lidl","street":"Gasthuisstraat 24","city":"Kaatsheuvel","postcode":"5171GG","osm":"node/2832109494"}},{"type":"Feature","id":2832392773,"geometry":{"type":"Point","coordinates":[6.576016,51.924057]},"properties":{"chain":"jumbo","name":"Jumbo Leussink","street":"Admiraal de Ruyterstraat 10","city":"Aalten","postcode":"7122WJ","osm":"node/2832392773"}},{"type":"Feature","id":2832394485,"geometry":{"type":"Point","coordinates":[6.575934,51.924207]},"properties":{"chain":"aldi","name":"ALDI","street":"Admiraal de Ruyterstraat 12","city":"Aalten","postcode":"7122WJ","osm":"node/2832394485"}},{"type":"Feature","id":2832508755,"geometry":{"type":"Point","coordinates":[6.354126,53.22621]},"properties":{"chain":"plus","name":"PLUS Vandaag Bellinga","street":"Bloemersmastraat 12","city":"Niekerk","postcode":"9822AC","osm":"node/2832508755"}},{"type":"Feature","id":2833620901,"geometry":{"type":"Point","coordinates":[5.765498,50.977748]},"properties":{"chain":"lidl","name":"Lidl","street":"Industrieweg 17","city":"Stein","postcode":"6171CN","osm":"node/2833620901"}},{"type":"Feature","id":2833894518,"geometry":{"type":"Point","coordinates":[5.057124,51.518891]},"properties":{"chain":"aldi","name":"ALDI","street":"Wethouder de Brouwerstraat 33","city":"Goirle","postcode":"5051SJ","osm":"node/2833894518"}},{"type":"Feature","id":2834735357,"geometry":{"type":"Point","coordinates":[6.007246,50.857488]},"properties":{"chain":"ah","name":"Albert Heijn XL","street":"Roda J.C. Ring 5","city":"Kerkrade","postcode":"6466NH","osm":"node/2834735357"}},{"type":"Feature","id":2835115258,"geometry":{"type":"Point","coordinates":[5.942098,50.926518]},"properties":{"chain":"ah","name":"Albert Heijn","street":"Akerstraat-Noord 282","city":"Hoensbroek","postcode":"6431HW","osm":"node/2835115258"}},{"type":"Feature","id":2835120060,"geometry":{"type":"Point","coordinates":[5.925428,50.922885]},"properties":{"chain":"aldi","name":"ALDI","street":"Markt 16","city":"Hoensbroek","postcode":"6431LJ","osm":"node/2835120060"}},{"type":"Feature","id":2835394831,"geometry":{"type":"Point","coordinates":[6.859058,53.318232]},"properties":{"chain":"ah","name":"Albert Heijn","street":"Overdiep 1","city":"Appingedam","postcode":"9902DB","osm":"node/2835394831"}},{"type":"Feature","id":2835399754,"geometry":{"type":"Point","coordinates":[6.860298,53.319245]},"properties":{"chain":"aldi","name":"ALDI","street":"Overdiep 2","city":"Appingedam","postcode":"9902BX","osm":"node/2835399754"}},{"type":"Feature","id":2835826151,"geometry":{"type":"Point","coordinates":[5.179641,52.370774]},"properties":{"chain":"plus","name":"PLUS","street":"Wim Kanplein 2","city":"Almere","postcode":"1311LH","osm":"node/2835826151"}},{"type":"Feature","id":2836149088,"geometry":{"type":"Point","coordinates":[6.497867,52.71723]},"properties":{"chain":"aldi","name":"ALDI","street":"De Wielewaal 2","city":"Hoogeveen","postcode":"7905GZ","osm":"node/2836149088"}},{"type":"Feature","id":2836258735,"geometry":{"type":"Point","coordinates":[6.484107,52.715703]},"properties":{"chain":"ah","name":"Albert Heijn","street":"De nije nering 50","city":"Hoogeveen","postcode":"7906EW","osm":"node/2836258735"}},{"type":"Feature","id":2836365681,"geometry":{"type":"Point","coordinates":[6.47678,52.719169]},"properties":{"chain":"lidl","name":"Lidl","street":"Schutsplein 49","city":"Hoogeveen","postcode":"7907CZ","osm":"node/2836365681"}},{"type":"Feature","id":2838144650,"geometry":{"type":"Point","coordinates":[4.588569,51.915879]},"properties":{"chain":"ah","name":"Albert Heijn","street":"Raadhuisplein 58a","city":"Krimpen aan den IJssel","postcode":"2922AH","osm":"node/2838144650"}},{"type":"Feature","id":2838264797,"geometry":{"type":"Point","coordinates":[5.716419,52.525555]},"properties":{"chain":"aldi","name":"ALDI","street":"Schans 51","city":"Dronten","postcode":"8254KN","osm":"node/2838264797"}},{"type":"Feature","id":2838302140,"geometry":{"type":"Point","coordinates":[4.622656,51.922962]},"properties":{"chain":"lidl","name":"Lidl","street":"De Brink 1","city":"Krimpen aan den IJssel","postcode":"2925VP","osm":"node/2838302140"}},{"type":"Feature","id":2839389994,"geometry":{"type":"Point","coordinates":[5.614326,51.310859]},"properties":{"chain":"jumbo","name":"Jumbo","street":"Smits van Oyenlaan 2g","city":"Maarheeze","postcode":"6026CP","osm":"node/2839389994"}},{"type":"Feature","id":2839420703,"geometry":{"type":"Point","coordinates":[6.276676,53.213784]},"properties":{"chain":"aldi","name":"ALDI","street":"Abel Tasmanplein 1","city":"Grootegast","postcode":"9861JB","osm":"node/2839420703"}},{"type":"Feature","id":2839483671,"geometry":{"type":"Point","coordinates":[5.565948,51.248062]},"properties":{"chain":"plus","name":"PLUS","street":"Parallelweg 1b","city":"Budel-Schoot","postcode":"6023BA","osm":"node/2839483671"}},{"type":"Feature","id":2839650157,"geometry":{"type":"Point","coordinates":[5.205415,52.359919]},"properties":{"chain":"ah","name":"Albert Heijn","street":"'s-Hertogenboschplein 15","city":"Almere","postcode":"1324WB","osm":"node/2839650157"}},{"type":"Feature","id":2840237954,"geometry":{"type":"Point","coordinates":[5.956321,50.917149]},"properties":{"chain":"plus","name":"PLUS Linssen","street":"Groeët Genhei 24","city":"Heerlen","postcode":"6413GN","osm":"node/2840237954"}},{"type":"Feature","id":2840277719,"geometry":{"type":"Point","coordinates":[4.683991,51.900275]},"properties":{"chain":"ah","name":"Albert Heijn","street":"Kerkweg 100","city":"Lekkerkerk","postcode":"2941BP","osm":"node/2840277719"}},{"type":"Feature","id":2840301997,"geometry":{"type":"Point","coordinates":[5.954375,50.915593]},"properties":{"chain":"jumbo","name":"Jumbo","street":"Ganzeweide 74","city":"Heerlen","postcode":"6413GH","osm":"node/2840301997"}},{"type":"Feature","id":2840344623,"geometry":{"type":"Point","coordinates":[5.224111,52.384907]},"properties":{"chain":"jumbo","name":"Jumbo","street":"Geinplein 32","city":"Almere","postcode":"1316HC","osm":"node/2840344623"}},{"type":"Feature","id":2840347515,"geometry":{"type":"Point","coordinates":[5.217426,52.385308]},"properties":{"chain":"aldi","name":"ALDI","street":"Markerkant 10 6","city":"Almere","postcode":"1316AC","osm":"node/2840347515"}},{"type":"Feature","id":2841771569,"geometry":{"type":"Point","coordinates":[6.451887,52.718648]},"properties":{"chain":"ah","name":"Albert Heijn","street":"De Weide 28","city":"Hoogeveen","postcode":"7908AB","osm":"node/2841771569"}},{"type":"Feature","id":2841771904,"geometry":{"type":"Point","coordinates":[6.45212,52.719988]},"properties":{"chain":"aldi","name":"ALDI","street":"de Weide 2a","city":"Hoogeveen","postcode":"7908AB","osm":"node/2841771904"}},{"type":"Feature","id":2841832770,"geometry":{"type":"Point","coordinates":[5.15279,51.60794]},"properties":{"chain":"jumbo","name":"Jumbo","street":"Kreitenmolenstraat 149","city":"Udenhout","postcode":"5071BC","osm":"node/2841832770"}},{"type":"Feature","id":2842090254,"geometry":{"type":"Point","coordinates":[5.753641,50.885401]},"properties":{"chain":"lidl","name":"Lidl","street":"Gasthuisstraat 7","city":"Meerssen","postcode":"6231JV","osm":"node/2842090254"}},{"type":"Feature","id":2842147753,"geometry":{"type":"Point","coordinates":[6.685346,53.093094]},"properties":{"chain":"jumbo","name":"Jumbo","street":"Stationsweg 8","city":"Zuidlaren","postcode":"9471GR","osm":"node/2842147753"}},{"type":"Feature","id":2842386713,"geometry":{"type":"Point","coordinates":[5.052975,52.507251]},"properties":{"chain":"ah","name":"Albert Heijn","street":"Langemeerstraat 2b","city":"Edam","postcode":"1135JE","osm":"node/2842386713"}},{"type":"Feature","id":2842393394,"geometry":{"type":"Point","coordinates":[4.990485,52.358039]},"properties":{"chain":"ah","name":"Albert Heijn","street":"IJburglaan 719","city":"Amsterdam","postcode":"1087BS","osm":"node/2842393394"}},{"type":"Feature","id":2842513345,"geometry":{"type":"Point","coordinates":[5.256195,52.365588]},"properties":{"chain":"ah","name":"Albert Heijn","street":"Salsastraat 81","city":"Almere","postcode":"1326PC","osm":"node/2842513345"}},{"type":"Feature","id":2842839268,"geometry":{"type":"Point","coordinates":[5.266128,52.372053]},"properties":{"chain":"ah","name":"Albert Heijn","street":"Juan Grisstraat 44","city":"Almere","postcode":"1328KA","osm":"node/2842839268"}},{"type":"Feature","id":2843052311,"geometry":{"type":"Point","coordinates":[6.723906,53.058885]},"properties":{"chain":"aldi","name":"ALDI","street":"Zuidlaarderweg 85","city":"Annen","postcode":"9468AD","osm":"node/2843052311"}},{"type":"Feature","id":2843052339,"geometry":{"type":"Point","coordinates":[6.724279,53.058935]},"properties":{"chain":"plus","name":"PLUS","street":"Zuidlaarderweg 89","city":"Annen","postcode":"9468AD","osm":"node/2843052339"}},{"type":"Feature","id":2843870754,"geometry":{"type":"Point","coordinates":[6.578136,52.297684]},"properties":{"chain":"plus","name":"PLUS","street":"Dorpsstraat 51","city":"Enter","postcode":"7468CD","osm":"node/2843870754"}},{"type":"Feature","id":2843910092,"geometry":{"type":"Point","coordinates":[6.57758,52.292551]},"properties":{"chain":"ah","name":"Albert Heijn","street":"Pastoor Heimerikxstraat 3","city":"Enter","postcode":"7468EB","osm":"node/2843910092"}},{"type":"Feature","id":2843919817,"geometry":{"type":"Point","coordinates":[6.576084,52.292494]},"properties":{"chain":"aldi","name":"ALDI","street":"Dorpsstraat 122","city":"Enter","postcode":"7468CP","osm":"node/2843919817"}},{"type":"Feature","id":2844349980,"geometry":{"type":"Point","coordinates":[5.971656,50.90093]},"properties":{"chain":"ah","name":"Albert Heijn Jan Linders","street":"Sittarderweg 152","city":"Heerlen","postcode":"6412CM","osm":"node/2844349980"}},{"type":"Feature","id":2844540400,"geometry":{"type":"Point","coordinates":[5.970159,50.88565]},"properties":{"chain":"aldi","name":"ALDI","street":"Apollolaan 22","city":"Heerlen","postcode":"6411BB","osm":"node/2844540400"}},{"type":"Feature","id":2844541967,"geometry":{"type":"Point","coordinates":[5.969723,50.886405]},"properties":{"chain":"ah","name":"Albert Heijn","street":"Homerusplein 9","city":"Heerlen","postcode":"6411AW","osm":"node/2844541967"}},{"type":"Feature","id":2844625882,"geometry":{"type":"Point","coordinates":[5.053047,52.49776]},"properties":{"chain":"ah","name":"Albert Heijn","street":"De Stient 4","city":"Volendam","postcode":"1132BE","osm":"node/2844625882"}},{"type":"Feature","id":2844724579,"geometry":{"type":"Point","coordinates":[6.066853,52.104319]},"properties":{"chain":"plus","name":"PLUS","street":"Stuijvenburchstraat 107A","city":"Eerbeek","postcode":"6961CV","osm":"node/2844724579"}},{"type":"Feature","id":2844747364,"geometry":{"type":"Point","coordinates":[6.061369,52.105393]},"properties":{"chain":"jumbo","name":"Jumbo","street":"Loenenseweg 3","city":"Eerbeek","postcode":"6961CL","osm":"node/2844747364"}},{"type":"Feature","id":2844865683,"geometry":{"type":"Point","coordinates":[5.286702,52.403614]},"properties":{"chain":"plus","name":"PLUS","street":"Meistraat 102","city":"Almere","postcode":"1335BM","osm":"node/2844865683"}},{"type":"Feature","id":2845829227,"geometry":{"type":"Point","coordinates":[6.482715,52.377123]},"properties":{"chain":"jumbo","name":"Jumbo","street":"Kuperserf 13","city":"Nijverdal","postcode":"7443HC","osm":"node/2845829227"}},{"type":"Feature","id":2846233378,"geometry":{"type":"Point","coordinates":[6.866331,53.085426]},"properties":{"chain":"plus","name":"PLUS","street":"Apollolaan 3","city":"Wildervank","postcode":"9648CK","osm":"node/2846233378"}},{"type":"Feature","id":2846646535,"geometry":{"type":"Point","coordinates":[6.474049,52.355631]},"properties":{"chain":"plus","name":"PLUS","street":"Portlandweg 9","city":"Nijverdal","postcode":"7442VB","osm":"node/2846646535"}},{"type":"Feature","id":2846767160,"geometry":{"type":"Point","coordinates":[5.768574,50.989278]},"properties":{"chain":"jumbo","name":"Jumbo","street":"Paalweg 14-15","city":"Urmond","postcode":"6129EZ","osm":"node/2846767160"}},{"type":"Feature","id":2847286210,"geometry":{"type":"Point","coordinates":[4.915375,52.408373]},"properties":{"chain":"lidl","name":"Lidl Non Food","street":"Bezaanjachtplein 275","city":"Amsterdam","postcode":"1034CR","osm":"node/2847286210"}},{"type":"Feature","id":2847286419,"geometry":{"type":"Point","coordinates":[4.915788,52.408355]},"properties":{"chain":"lidl","name":"Lidl","street":"Bezaanjachtplein 289","city":"Amsterdam","postcode":"1034CR","osm":"node/2847286419"}},{"type":"Feature","id":2847286471,"geometry":{"type":"Point","coordinates":[4.915929,52.408298]},"properties":{"chain":"plus","name":"PLUS Slooten","street":"Bezaanjachtplein 291","city":"Amsterdam","postcode":"1034CR","osm":"node/2847286471"}},{"type":"Feature","id":2847291452,"geometry":{"type":"Point","coordinates":[5.856454,51.839473]},"properties":{"chain":"plus","name":"PLUS","street":"Burghardt van den Berghstraat 78","city":"Nijmegen","postcode":"6512DP","osm":"node/2847291452"}},{"type":"Feature","id":2847396322,"geometry":{"type":"Point","coordinates":[5.865844,51.843462]},"properties":{"chain":"ah","name":"Albert Heijn","street":"van Schevichavenstraat 3","city":"Nijmegen","postcode":"6511LM","osm":"node/2847396322"}},{"type":"Feature","id":2848165765,"geometry":{"type":"Point","coordinates":[6.513528,52.858662]},"properties":{"chain":"aldi","name":"ALDI","street":"Ventweg Zuid 1","city":"Beilen","postcode":"9411ZZ","osm":"node/2848165765"}},{"type":"Feature","id":2848175158,"geometry":{"type":"Point","coordinates":[6.512764,52.858527]},"properties":{"chain":"jumbo","name":"Jumbo","street":"Ventweg Zuid 3","city":"Beilen","postcode":"9411ZZ","osm":"node/2848175158"}},{"type":"Feature","id":2848175163,"geometry":{"type":"Point","coordinates":[6.516144,52.860592]},"properties":{"chain":"ah","name":"Albert Heijn","street":"Weversstraat 3","city":"Beilen","postcode":"9411NC","osm":"node/2848175163"}},{"type":"Feature","id":2848187144,"geometry":{"type":"Point","coordinates":[5.091375,51.563021]},"properties":{"chain":"plus","name":"PLUS","street":"Besterdring 110","city":"Tilburg","postcode":"5014HM","osm":"node/2848187144"}},{"type":"Feature","id":2848240305,"geometry":{"type":"Point","coordinates":[5.005408,51.577766]},"properties":{"chain":"jumbo","name":"Jumbo","street":"Heyhoefpromenade 11","city":"Tilburg","postcode":"5043RA","osm":"node/2848240305"}},{"type":"Feature","id":2848243911,"geometry":{"type":"Point","coordinates":[5.004302,51.578229]},"properties":{"chain":"plus","name":"PLUS","street":"Heyhoefpromenade 41","city":"Tilburg","postcode":"5043RA","osm":"node/2848243911"}},{"type":"Feature","id":2848493472,"geometry":{"type":"Point","coordinates":[6.004057,50.864499]},"properties":{"chain":"plus","name":"PLUS Tim & Joyce Janssen","street":"Heerlerbaan 239","city":"Heerlen","postcode":"6418CE","osm":"node/2848493472"}},{"type":"Feature","id":2848497533,"geometry":{"type":"Point","coordinates":[6.00634,50.867444]},"properties":{"chain":"ah","name":"Albert Heijn Jan Linders","street":"Bautscherweg 43","city":"Heerlen","postcode":"6418EJ","osm":"node/2848497533"}},{"type":"Feature","id":2848512476,"geometry":{"type":"Point","coordinates":[5.517868,52.33745]},"properties":{"chain":"plus","name":"PLUS","street":"Aquamarijn 21","city":"Zeewolde","postcode":"3893EA","osm":"node/2848512476"}},{"type":"Feature","id":2848589520,"geometry":{"type":"Point","coordinates":[4.664879,51.867804]},"properties":{"chain":"plus","name":"PLUS van Holten","street":"Sportlaan 1","city":"Alblasserdam","postcode":"2951HL","osm":"node/2848589520"}},{"type":"Feature","id":2848739404,"geometry":{"type":"Point","coordinates":[6.022795,51.950217]},"properties":{"chain":"jumbo","name":"Jumbo Gradussen","street":"Pastoriestraat 2","city":"Duiven","postcode":"6921BX","osm":"node/2848739404"}},{"type":"Feature","id":2848744281,"geometry":{"type":"Point","coordinates":[4.919768,52.383264]},"properties":{"chain":"jumbo","name":"Jumbo Foodmarkt","street":"Gedempt Hamerkanaal 223","city":"Amsterdam","postcode":"1021KP","osm":"node/2848744281"}},{"type":"Feature","id":2848874098,"geometry":{"type":"Point","coordinates":[4.753042,51.642976]},"properties":{"chain":"lidl","name":"Lidl","street":"Raadhuisstraat 1","city":"Terheijden","postcode":"4844AA","osm":"node/2848874098"}},{"type":"Feature","id":2848899002,"geometry":{"type":"Point","coordinates":[4.754919,51.64099]},"properties":{"chain":"jumbo","name":"Jumbo","street":"Hoofdstraat 61","city":"Terheijden","postcode":"4844CB","osm":"node/2848899002"}},{"type":"Feature","id":2848934052,"geometry":{"type":"Point","coordinates":[4.870282,52.088392]},"properties":{"chain":"jumbo","name":"Jumbo","street":"Tournoysveld 92","city":"Woerden","postcode":"3443EW","osm":"node/2848934052"}},{"type":"Feature","id":2848995852,"geometry":{"type":"Point","coordinates":[5.084088,51.574568]},"properties":{"chain":"jumbo","name":"Jumbo","street":"Bart van Peltplein 1","city":"Tilburg","postcode":"5046GA","osm":"node/2848995852"}},{"type":"Feature","id":2849111260,"geometry":{"type":"Point","coordinates":[5.709791,51.263876]},"properties":{"chain":"jumbo","name":"Jumbo","street":"Molenakkerplein 3","city":"Weert","postcode":"6003BN","osm":"node/2849111260"}},{"type":"Feature","id":2849409448,"geometry":{"type":"Point","coordinates":[5.696528,51.243912]},"properties":{"chain":"lidl","name":"Lidl","street":"Ringbaan West 15","city":"Weert","postcode":"6006NJ","osm":"node/2849409448"}},{"type":"Feature","id":2849418253,"geometry":{"type":"Point","coordinates":[5.707867,51.243427]},"properties":{"chain":"ah","name":"Albert Heijn Heerschap","street":"Oranjeplein 225","city":"Weert","postcode":"6006CX","osm":"node/2849418253"}},{"type":"Feature","id":2849420875,"geometry":{"type":"Point","coordinates":[4.705199,51.70608]},"properties":{"chain":"jumbo","name":"Jumbo","street":"Pastoor van Hooijdonklaan 3","city":"Lage Zwaluwe","postcode":"4926CG","osm":"node/2849420875"}},{"type":"Feature","id":2849428333,"geometry":{"type":"Point","coordinates":[5.716796,51.250287]},"properties":{"chain":"jumbo","name":"Jumbo","street":"Roermondseweg 30","city":"Weert","postcode":"6004AS","osm":"node/2849428333"}},{"type":"Feature","id":2850722125,"geometry":{"type":"Point","coordinates":[5.052903,51.568429]},"properties":{"chain":"jumbo","name":"Jumbo","street":"Westermarkt 38","city":"Tilburg","postcode":"5042MD","osm":"node/2850722125"}},{"type":"Feature","id":2850739368,"geometry":{"type":"Point","coordinates":[5.090691,51.554429]},"properties":{"chain":"ah","name":"Albert Heijn","street":"Piusplein 34","city":"Tilburg","postcode":"5038WN","osm":"node/2850739368"}},{"type":"Feature","id":2850789048,"geometry":{"type":"Point","coordinates":[6.764722,53.002018]},"properties":{"chain":"jumbo","name":"Jumbo","street":"Stationsstraat 37","city":"Gieten","postcode":"9461GR","osm":"node/2850789048"}},{"type":"Feature","id":2850790920,"geometry":{"type":"Point","coordinates":[6.764745,53.000812]},"properties":{"chain":"lidl","name":"Lidl","street":"De Trog 42","city":"Gieten","postcode":"9461DC","osm":"node/2850790920"}},{"type":"Feature","id":2850810243,"geometry":{"type":"Point","coordinates":[5.084957,51.584437]},"properties":{"chain":"jumbo","name":"Jumbo","street":"Wagnerplein 18","city":"Tilburg","postcode":"5011LP","osm":"node/2850810243"}},{"type":"Feature","id":2850925114,"geometry":{"type":"Point","coordinates":[4.858692,51.946701]},"properties":{"chain":"ah","name":"Albert Heijn","street":"Cellebroedersstraat 1","city":"Schoonhoven","postcode":"2871AS","osm":"node/2850925114"}},{"type":"Feature","id":2850940753,"geometry":{"type":"Point","coordinates":[5.087783,51.566963]},"properties":{"chain":"plus","name":"PLUS","street":"Besterdring 29","city":"Tilburg","postcode":"5014HG","osm":"node/2850940753"}},{"type":"Feature","id":2851138217,"geometry":{"type":"Point","coordinates":[5.067449,51.548788]},"properties":{"chain":"ah","name":"Albert Heijn Jan Linders","street":"Korvelplein 191","city":"Tilburg","postcode":"5025JX","osm":"node/2851138217"}},{"type":"Feature","id":2851433736,"geometry":{"type":"Point","coordinates":[4.885517,52.084874]},"properties":{"chain":"ah","name":"Albert Heijn","street":"Wagenstraat 24","city":"Woerden","postcode":"3441BM","osm":"node/2851433736"}},{"type":"Feature","id":2851500446,"geometry":{"type":"Point","coordinates":[5.343452,51.97461]},"properties":{"chain":"ah","name":"Albert Heijn","street":"Steenstraat 5","city":"Wijk bij Duurstede","postcode":"3961VM","osm":"node/2851500446"}},{"type":"Feature","id":2851558154,"geometry":{"type":"Point","coordinates":[5.080256,51.553891]},"properties":{"chain":"jumbo","name":"Jumbo","street":"Lieve-Vrouweplein 12","city":"Tilburg","postcode":"5038TS","osm":"node/2851558154"}},{"type":"Feature","id":2851569935,"geometry":{"type":"Point","coordinates":[5.085409,51.546524]},"properties":{"chain":"aldi","name":"ALDI","street":"Transvaalplein 45","city":"Tilburg","postcode":"5021TD","osm":"node/2851569935"}},{"type":"Feature","id":2851911485,"geometry":{"type":"Point","coordinates":[5.846687,51.812207]},"properties":{"chain":"jumbo","name":"Jumbo","street":"Sint Jacobslaan 500","city":"Nijmegen","postcode":"6533VZ","osm":"node/2851911485"}},{"type":"Feature","id":2851965129,"geometry":{"type":"Point","coordinates":[5.824819,51.807702]},"properties":{"chain":"lidl","name":"Lidl","street":"Hatertseweg 827","city":"Nijmegen","postcode":"6535ZT","osm":"node/2851965129"}},{"type":"Feature","id":2851970280,"geometry":{"type":"Point","coordinates":[5.824169,51.807976]},"properties":{"chain":"jumbo","name":"Jumbo","street":"Hatertseweg 835","city":"Nijmegen","postcode":"6535ZT","osm":"node/2851970280"}},{"type":"Feature","id":2852484392,"geometry":{"type":"Point","coordinates":[6.791825,52.923349]},"properties":{"chain":"ah","name":"Albert Heijn","street":"Hoofdstraat 35","city":"Borger","postcode":"9531AB","osm":"node/2852484392"}},{"type":"Feature","id":2852486888,"geometry":{"type":"Point","coordinates":[6.798057,52.923779]},"properties":{"chain":"aldi","name":"ALDI","street":"Buinerstraat 8","city":"Borger","postcode":"9531CG","osm":"node/2852486888"}},{"type":"Feature","id":2852973732,"geometry":{"type":"Point","coordinates":[5.807479,51.802138]},"properties":{"chain":"lidl","name":"Lidl","street":"Weezenhof 5534","city":"Nijmegen","postcode":"6536EE","osm":"node/2852973732"}},{"type":"Feature","id":2853146201,"geometry":{"type":"Point","coordinates":[4.858465,51.626972]},"properties":{"chain":"lidl","name":"Lidl","street":"Zuiderhout 111","city":"Oosterhout","postcode":"4904AW","osm":"node/2853146201"}},{"type":"Feature","id":2853282274,"geometry":{"type":"Point","coordinates":[6.848239,52.853917]},"properties":{"chain":"plus","name":"PLUS","street":"Exloërweg 11","city":"Odoorn","postcode":"7873BW","osm":"node/2853282274"}},{"type":"Feature","id":2853302973,"geometry":{"type":"Point","coordinates":[4.853019,51.642299]},"properties":{"chain":"jumbo","name":"Jumbo","street":"Nieuwe Bouwlingstraat 2","city":"Oosterhout","postcode":"4901KJ","osm":"node/2853302973"}},{"type":"Feature","id":2853425879,"geometry":{"type":"Point","coordinates":[4.852531,51.651158]},"properties":{"chain":"aldi","name":"ALDI","street":"Patrijslaan 2B","city":"Oosterhout","postcode":"4901AT","osm":"node/2853425879"}},{"type":"Feature","id":2853563531,"geometry":{"type":"Point","coordinates":[5.984637,52.346144]},"properties":{"chain":"jumbo","name":"Jumbo Van Andel","street":"Gruttersplein 15","city":"Epe","postcode":"8161HN","osm":"node/2853563531"}},{"type":"Feature","id":2853563600,"geometry":{"type":"Point","coordinates":[5.985196,52.346532]},"properties":{"chain":"aldi","name":"ALDI","street":"Ratelplein 2","city":"Epe","postcode":"8161HM","osm":"node/2853563600"}},{"type":"Feature","id":2853565289,"geometry":{"type":"Point","coordinates":[5.985326,52.349268]},"properties":{"chain":"ah","name":"Albert Heijn","street":"Sint Martinusplein 8","city":"Epe","postcode":"8161ED","osm":"node/2853565289"}},{"type":"Feature","id":2853602057,"geometry":{"type":"Point","coordinates":[4.939413,52.35744]},"properties":{"chain":"ah","name":"Albert Heijn","street":"Molukkenstraat 308","city":"Amsterdam","postcode":"1098TW","osm":"node/2853602057"}},{"type":"Feature","id":2853627376,"geometry":{"type":"Point","coordinates":[4.658565,51.864839]},"properties":{"chain":"lidl","name":"Lidl","street":"Wilgenplein 2","city":"Alblasserdam","postcode":"2951EM","osm":"node/2853627376"}},{"type":"Feature","id":2853765354,"geometry":{"type":"Point","coordinates":[4.870526,51.642489]},"properties":{"chain":"aldi","name":"ALDI","street":"Zandheuvel 95","city":"Oosterhout","postcode":"4901HV","osm":"node/2853765354"}},{"type":"Feature","id":2853830832,"geometry":{"type":"Point","coordinates":[6.120209,51.861167]},"properties":{"chain":"plus","name":"PLUS","street":"Middenstraat 2","city":"Lobith","postcode":"6915AN","osm":"node/2853830832"}},{"type":"Feature","id":2853842628,"geometry":{"type":"Point","coordinates":[6.101177,51.856504]},"properties":{"chain":"jumbo","name":"Jumbo","street":"'s-Gravenwaardsedijk 78a","city":"Tolkamer","postcode":"6916AZ","osm":"node/2853842628"}},{"type":"Feature","id":2854764667,"geometry":{"type":"Point","coordinates":[6.100356,52.051493]},"properties":{"chain":"lidl","name":"Lidl","street":"Diderna 13","city":"Dieren","postcode":"6951CW","osm":"node/2854764667"}},{"type":"Feature","id":2854797451,"geometry":{"type":"Point","coordinates":[6.099487,52.051368]},"properties":{"chain":"jumbo","name":"Jumbo Dieren Diderna","street":"Diderna 44","city":"Dieren","postcode":"6951CW","osm":"node/2854797451"}},{"type":"Feature","id":2854807806,"geometry":{"type":"Point","coordinates":[6.101946,52.050424]},"properties":{"chain":"ah","name":"Albert Heijn","street":"Callunaplein 72","city":"Dieren","postcode":"6951CR","osm":"node/2854807806"}},{"type":"Feature","id":2854808214,"geometry":{"type":"Point","coordinates":[6.101406,52.048578]},"properties":{"chain":"aldi","name":"ALDI","street":"Buitensingel 77","city":"Dieren","postcode":"6951AX","osm":"node/2854808214"}},{"type":"Feature","id":2856087234,"geometry":{"type":"Point","coordinates":[5.648464,52.349415]},"properties":{"chain":"ah","name":"Albert Heijn","street":"Krommekamp 115","city":"Harderwijk","postcode":"3848DP","osm":"node/2856087234"}},{"type":"Feature","id":2856277216,"geometry":{"type":"Point","coordinates":[4.427618,52.202135]},"properties":{"chain":"ah","name":"Albert Heijn","street":"Zeilmakerstraat 2","city":"Katwijk","postcode":"2222AA","osm":"node/2856277216"}},{"type":"Feature","id":2856334642,"geometry":{"type":"Point","coordinates":[5.926686,51.945036]},"properties":{"chain":"aldi","name":"ALDI","street":"Brink 13","city":"Huissen","postcode":"6852EE","osm":"node/2856334642"}},{"type":"Feature","id":2856335369,"geometry":{"type":"Point","coordinates":[5.92681,51.945228]},"properties":{"chain":"jumbo","name":"Jumbo","street":"Brink 14","city":"Huissen","postcode":"6852EE","osm":"node/2856335369"}},{"type":"Feature","id":2857120604,"geometry":{"type":"Point","coordinates":[4.918239,51.588325]},"properties":{"chain":"jumbo","name":"Jumbo Hapers","street":"Wilhelminaplein 20","city":"Rijen","postcode":"5121ES","osm":"node/2857120604"}},{"type":"Feature","id":2857493339,"geometry":{"type":"Point","coordinates":[5.873591,51.736912]},"properties":{"chain":"lidl","name":"Lidl","street":"Dukatendreef 27","city":"Cuijk","postcode":"5431RN","osm":"node/2857493339"}},{"type":"Feature","id":2857750912,"geometry":{"type":"Point","coordinates":[4.468838,52.056648]},"properties":{"chain":"ah","name":"Albert Heijn","street":"Middelwaard 93","city":"Zoetermeer","postcode":"2716CW","osm":"node/2857750912"}},{"type":"Feature","id":2858445434,"geometry":{"type":"Point","coordinates":[5.859156,51.741564]},"properties":{"chain":"jumbo","name":"Jumbo","street":"Lavendel 382","city":"Cuijk","postcode":"5432DW","osm":"node/2858445434"}},{"type":"Feature","id":2858634346,"geometry":{"type":"Point","coordinates":[4.754561,52.898256]},"properties":{"chain":"jumbo","name":"Jumbo","street":"Schoolweg 63","city":"Julianadorp","postcode":"1787AV","osm":"node/2858634346"}},{"type":"Feature","id":2858687055,"geometry":{"type":"Point","coordinates":[5.880155,51.729725]},"properties":{"chain":"plus","name":"PLUS","street":"Maasburg 24","city":"Cuijk","postcode":"5431BR","osm":"node/2858687055"}},{"type":"Feature","id":2858696157,"geometry":{"type":"Point","coordinates":[5.888424,51.721919]},"properties":{"chain":"ah","name":"Albert Heijn Jan Linders","street":"Grotestraat 99","city":"Cuijk","postcode":"5431DJ","osm":"node/2858696157"}},{"type":"Feature","id":2858739936,"geometry":{"type":"Point","coordinates":[4.771094,52.935721]},"properties":{"chain":"aldi","name":"ALDI","street":"Vrede en Vrijheid 12","city":"Den Helder","postcode":"1785RM","osm":"node/2858739936"}},{"type":"Feature","id":2858805355,"geometry":{"type":"Point","coordinates":[5.878358,51.73065]},"properties":{"chain":"aldi","name":"ALDI","street":"Zwaanstraat 11","city":"Cuijk","postcode":"5431BP","osm":"node/2858805355"}},{"type":"Feature","id":2858864366,"geometry":{"type":"Point","coordinates":[5.873496,51.72944]},"properties":{"chain":"ah","name":"Albert Heijn","street":"Smidstraat 70","city":"Cuijk","postcode":"5431BJ","osm":"node/2858864366"}},{"type":"Feature","id":2859052994,"geometry":{"type":"Point","coordinates":[5.969032,51.995908]},"properties":{"chain":"ah","name":"Albert Heijn","street":"Hoofdstraat 232","city":"Velp","postcode":"6881TS","osm":"node/2859052994"}},{"type":"Feature","id":2859060339,"geometry":{"type":"Point","coordinates":[5.964014,51.994512]},"properties":{"chain":"lidl","name":"Lidl","street":"Nordlaan 33","city":"Velp","postcode":"6881RM","osm":"node/2859060339"}},{"type":"Feature","id":2860494370,"geometry":{"type":"Point","coordinates":[6.290318,52.988907]},"properties":{"chain":"aldi","name":"ALDI","street":"Bareldsburglaan 1","city":"Oosterwolde","postcode":"8431AM","osm":"node/2860494370"}},{"type":"Feature","id":2860508330,"geometry":{"type":"Point","coordinates":[6.289974,52.990026]},"properties":{"chain":"ah","name":"Albert Heijn","street":"Stipeplein 14","city":"Oosterwolde","postcode":"8431WE","osm":"node/2860508330"}},{"type":"Feature","id":2860534873,"geometry":{"type":"Point","coordinates":[6.291616,52.989398]},"properties":{"chain":"lidl","name":"Lidl","street":"Trambaan 9","city":"Oosterwolde","postcode":"8431WB","osm":"node/2860534873"}},{"type":"Feature","id":2860712458,"geometry":{"type":"Point","coordinates":[4.685002,51.836779]},"properties":{"chain":"jumbo","name":"Jumbo","street":"Jan van Goijenstraat 5","city":"Papendrecht","postcode":"3351JM","osm":"node/2860712458"}},{"type":"Feature","id":2862315943,"geometry":{"type":"Point","coordinates":[6.141469,52.893148]},"properties":{"chain":"lidl","name":"Lidl","street":"Molenstraat 3","city":"Noordwolde","postcode":"8391AJ","osm":"node/2862315943"}},{"type":"Feature","id":2862332376,"geometry":{"type":"Point","coordinates":[4.976123,52.294533]},"properties":{"chain":"jumbo","name":"Jumbo","street":"Reigersbos 196","city":"Amsterdam","postcode":"1107ET","osm":"node/2862332376"}},{"type":"Feature","id":2862698767,"geometry":{"type":"Point","coordinates":[5.896764,51.891706]},"properties":{"chain":"lidl","name":"Lidl","street":"de Pollenbrink 13","city":"Bemmel","postcode":"6681JA","osm":"node/2862698767"}},{"type":"Feature","id":2862698915,"geometry":{"type":"Point","coordinates":[4.847871,52.671157]},"properties":{"chain":"jumbo","name":"Jumbo Monique","street":"Middenweg 245","city":"Heerhugowaard","postcode":"1701GC","osm":"node/2862698915"}},{"type":"Feature","id":2862704587,"geometry":{"type":"Point","coordinates":[5.898623,51.892776]},"properties":{"chain":"ah","name":"Albert Heijn","street":"Buitengracht 2","city":"Bemmel","postcode":"6681JJ","osm":"node/2862704587"}},{"type":"Feature","id":2862724083,"geometry":{"type":"Point","coordinates":[5.92131,51.889424]},"properties":{"chain":"aldi","name":"ALDI","street":"van der Mondeweg 89","city":"Haalderen","postcode":"6685BM","osm":"node/2862724083"}},{"type":"Feature","id":2862840354,"geometry":{"type":"Point","coordinates":[4.951174,52.313965]},"properties":{"chain":"lidl","name":"Lidl","street":"Bijlmerplein 94","city":"Amsterdam","postcode":"1102DA","osm":"node/2862840354"}},{"type":"Feature","id":2862917316,"geometry":{"type":"Point","coordinates":[4.945785,52.313062]},"properties":{"chain":"ah","name":"Albert Heijn","street":"Johan Cruijff Boulevard 177","city":"Amsterdam","postcode":"1101EJ","osm":"node/2862917316"}},{"type":"Feature","id":2863512136,"geometry":{"type":"Point","coordinates":[5.89862,52.446813]},"properties":{"chain":"plus","name":"PLUS","street":"Zuiderzeestraatweg 133D","city":"Oldebroek","postcode":"8096BE","osm":"node/2863512136"}},{"type":"Feature","id":2864229901,"geometry":{"type":"Point","coordinates":[4.826672,52.649594]},"properties":{"chain":"ah","name":"Albert Heijn","street":"Anna Clasina op 't Landtplantsoen 11","city":"Heerhugowaard","postcode":"1705GS","osm":"node/2864229901"}},{"type":"Feature","id":2864693425,"geometry":{"type":"Point","coordinates":[4.74076,52.938747]},"properties":{"chain":"lidl","name":"Lidl","street":"Texelstroomlaan 128","city":"Den Helder","postcode":"1784EE","osm":"node/2864693425"}},{"type":"Feature","id":2864698484,"geometry":{"type":"Point","coordinates":[4.741517,52.943923]},"properties":{"chain":"ah","name":"Albert Heijn","street":"Marsdiepstraat 262","city":"Den Helder","postcode":"1784AV","osm":"node/2864698484"}},{"type":"Feature","id":2865398946,"geometry":{"type":"Point","coordinates":[6.053449,52.94985]},"properties":{"chain":"ah","name":"Albert Heijn","street":"Schoterlandseweg 43","city":"Nieuwehorne","postcode":"8414LN","osm":"node/2865398946"}},{"type":"Feature","id":2865433831,"geometry":{"type":"Point","coordinates":[5.081958,52.207019]},"properties":{"chain":"ah","name":"Albert Heijn","street":"Oud-Loosdrechtsedijk 182","city":"Loosdrecht","postcode":"1231NG","osm":"node/2865433831"}},{"type":"Feature","id":2865651828,"geometry":{"type":"Point","coordinates":[5.138788,52.200055]},"properties":{"chain":"jumbo","name":"Jumbo","street":"Nootweg 45","city":"Loosdrecht","postcode":"1231CR","osm":"node/2865651828"}},{"type":"Feature","id":2866274503,"geometry":{"type":"Point","coordinates":[5.146012,52.298608]},"properties":{"chain":"plus","name":"PLUS","street":"E. de Bruynstraat 78","city":"Naarden","postcode":"1411TC","osm":"node/2866274503"}},{"type":"Feature","id":2866302302,"geometry":{"type":"Point","coordinates":[6.102462,52.506392]},"properties":{"chain":"jumbo","name":"Jumbo","street":"Assendorperstraat 71","city":"Zwolle","postcode":"8012DG","osm":"node/2866302302"}},{"type":"Feature","id":2866330551,"geometry":{"type":"Point","coordinates":[5.171263,52.288572]},"properties":{"chain":"ah","name":"Albert Heijn","street":"Amersfoortsestraatweg 3A","city":"Naarden","postcode":"1411HB","osm":"node/2866330551"}},{"type":"Feature","id":2866394519,"geometry":{"type":"Point","coordinates":[6.068286,50.863104]},"properties":{"chain":"lidl","name":"Lidl","street":"Ambachtsstraat 3","city":"Kerkrade","postcode":"6461EW","osm":"node/2866394519"}},{"type":"Feature","id":2866657721,"geometry":{"type":"Point","coordinates":[4.034783,51.447476]},"properties":{"chain":"plus","name":"PLUS Frans Mourik","street":"Voorhoute 1","city":"Kruiningen","postcode":"4416BS","osm":"node/2866657721"}},{"type":"Feature","id":2866817164,"geometry":{"type":"Point","coordinates":[5.105261,52.456114]},"properties":{"chain":"ah","name":"Albert Heijn","street":"Boxenring 40A","city":"Marken","postcode":"1156DL","osm":"node/2866817164"}},{"type":"Feature","id":2867081002,"geometry":{"type":"Point","coordinates":[6.069216,50.869273]},"properties":{"chain":"ah","name":"Albert Heijn","street":"Hertogenlaan 29","city":"Kerkrade","postcode":"6461BT","osm":"node/2867081002"}},{"type":"Feature","id":2867522014,"geometry":{"type":"Point","coordinates":[4.049284,51.491528]},"properties":{"chain":"ah","name":"Albert Heijn","street":"Oude Torenstraat 37","city":"Yerseke","postcode":"4401EH","osm":"node/2867522014"}},{"type":"Feature","id":2867688455,"geometry":{"type":"Point","coordinates":[5.879919,51.626694]},"properties":{"chain":"ah","name":"Albert Heijn Jan Linders","street":"De Merret 1","city":"Sint Anthonis","postcode":"5845DA","osm":"node/2867688455"}},{"type":"Feature","id":2868514323,"geometry":{"type":"Point","coordinates":[5.036488,52.450139]},"properties":{"chain":"ah","name":"Albert Heijn","street":"'t Spil 37","city":"Monnickendam","postcode":"1141SG","osm":"node/2868514323"}},{"type":"Feature","id":2870584237,"geometry":{"type":"Point","coordinates":[5.820001,51.655126]},"properties":{"chain":"ah","name":"Albert Heijn Jan Linders","street":"Lepelstraat 1","city":"Wanroij","postcode":"5446AG","osm":"node/2870584237"}},{"type":"Feature","id":2870619935,"geometry":{"type":"Point","coordinates":[6.060412,50.894142]},"properties":{"chain":"jumbo","name":"Jumbo","street":"Portbeemden 1","city":"Eygelshoven","postcode":"6471EX","osm":"node/2870619935"}},{"type":"Feature","id":2871019569,"geometry":{"type":"Point","coordinates":[5.264405,52.294608]},"properties":{"chain":"plus","name":"PLUS","street":"Oostermeent-Oost 62","city":"Huizen","postcode":"1274SN","osm":"node/2871019569"}},{"type":"Feature","id":2871234427,"geometry":{"type":"Point","coordinates":[5.542987,51.413343]},"properties":{"chain":"ah","name":"Albert Heijn","street":"Laan van Tolkien 220","city":"Geldrop","postcode":"5663SC","osm":"node/2871234427"}},{"type":"Feature","id":2871281726,"geometry":{"type":"Point","coordinates":[4.588144,52.127713]},"properties":{"chain":"jumbo","name":"Jumbo","street":"da Costasingel 36","city":"Hazerswoude-Rijndijk","postcode":"2394BL","osm":"node/2871281726"}},{"type":"Feature","id":2871287262,"geometry":{"type":"Point","coordinates":[5.235041,52.297162]},"properties":{"chain":"ah","name":"Albert Heijn","street":"Lindenlaan 10","city":"Huizen","postcode":"1271BA","osm":"node/2871287262"}},{"type":"Feature","id":2871431719,"geometry":{"type":"Point","coordinates":[5.245223,52.290314]},"properties":{"chain":"plus","name":"PLUS Van den Hoven","street":"Phohistraat 10","city":"Huizen","postcode":"1276EH","osm":"node/2871431719"}},{"type":"Feature","id":2872187565,"geometry":{"type":"Point","coordinates":[5.74536,51.405351]},"properties":{"chain":"lidl","name":"Lidl","street":"Burgemeester Ruttenplein 9","city":"Asten","postcode":"5721DX","osm":"node/2872187565"}},{"type":"Feature","id":2872283079,"geometry":{"type":"Point","coordinates":[5.819503,51.415787]},"properties":{"chain":"ah","name":"Albert Heijn Jan Linders","street":"Oude Molen 2","city":"Liessel","postcode":"5757AZ","osm":"node/2872283079"}},{"type":"Feature","id":2872344215,"geometry":{"type":"Point","coordinates":[5.784692,51.462208]},"properties":{"chain":"ah","name":"Albert Heijn Jan Linders","street":"Helmondseweg 65a","city":"Deurne","postcode":"5751GB","osm":"node/2872344215"}},{"type":"Feature","id":2872361124,"geometry":{"type":"Point","coordinates":[5.558777,51.422858]},"properties":{"chain":"ah","name":"Albert Heijn","street":"Heuvel 81","city":"Geldrop","postcode":"5664HN","osm":"node/2872361124"}},{"type":"Feature","id":2872433008,"geometry":{"type":"Point","coordinates":[5.80133,51.467629]},"properties":{"chain":"aldi","name":"ALDI","street":"Veldstraat 5","city":"Deurne","postcode":"5751AA","osm":"node/2872433008"}},{"type":"Feature","id":2872514795,"geometry":{"type":"Point","coordinates":[5.782982,51.456452]},"properties":{"chain":"lidl","name":"Lidl","street":"Vlierdenseweg 4","city":"Deurne","postcode":"5753AD","osm":"node/2872514795"}},{"type":"Feature","id":2872630324,"geometry":{"type":"Point","coordinates":[4.904925,52.086083]},"properties":{"chain":"jumbo","name":"Jumbo","street":"La Fontaineplein 19","city":"Woerden","postcode":"3446BX","osm":"node/2872630324"}},{"type":"Feature","id":2873221087,"geometry":{"type":"Point","coordinates":[5.792282,51.461764]},"properties":{"chain":"jumbo","name":"Jumbo","street":"Stationsstraat 43","city":"Deurne","postcode":"5751HB","osm":"node/2873221087"}},{"type":"Feature","id":2873405683,"geometry":{"type":"Point","coordinates":[5.26521,52.286807]},"properties":{"chain":"plus","name":"PLUS Van den Hoven","street":"Hooibrug 1","city":"Blaricum","postcode":"1261MV","osm":"node/2873405683"}},{"type":"Feature","id":2873488388,"geometry":{"type":"Point","coordinates":[6.015944,50.891368]},"properties":{"chain":"ah","name":"Albert Heijn","street":"Markt 6","city":"Landgraaf","postcode":"6372AT","osm":"node/2873488388"}},{"type":"Feature","id":2874125666,"geometry":{"type":"Point","coordinates":[4.914809,52.428823]},"properties":{"chain":"jumbo","name":"Jumbo Johan Plemp","street":"Nieuwe Gouw 3","city":"Landsmeer","postcode":"1121GW","osm":"node/2874125666"}},{"type":"Feature","id":2874256290,"geometry":{"type":"Point","coordinates":[4.91346,52.429738]},"properties":{"chain":"ah","name":"Albert Heijn","street":"Dorpsstraat 72","city":"Landsmeer","postcode":"1121BZ","osm":"node/2874256290"}},{"type":"Feature","id":2875288786,"geometry":{"type":"Point","coordinates":[4.879741,52.203845]},"properties":{"chain":"aldi","name":"ALDI","street":"Ondernemingsweg 9","city":"Mijdrecht","postcode":"3641RZ","osm":"node/2875288786"}},{"type":"Feature","id":2875315551,"geometry":{"type":"Point","coordinates":[4.860823,52.206819]},"properties":{"chain":"lidl","name":"Lidl","street":"Prinses Margrietlaan 44","city":"Mijdrecht","postcode":"3641HD","osm":"node/2875315551"}},{"type":"Feature","id":2875416041,"geometry":{"type":"Point","coordinates":[5.22961,52.254635]},"properties":{"chain":"jumbo","name":"Jumbo","street":"Plein 1945 3","city":"Laren","postcode":"1251MA","osm":"node/2875416041"}},{"type":"Feature","id":2875781110,"geometry":{"type":"Point","coordinates":[5.413114,52.08188]},"properties":{"chain":"jumbo","name":"Jumbo Mike Niens","street":"'t Schilt 18","city":"Woudenberg","postcode":"3931VH","osm":"node/2875781110"}},{"type":"Feature","id":2875937478,"geometry":{"type":"Point","coordinates":[4.985088,52.505579]},"properties":{"chain":"lidl","name":"Lidl","street":"Gildeplein 18","city":"Purmerend","postcode":"1445BP","osm":"node/2875937478"}},{"type":"Feature","id":2876407974,"geometry":{"type":"Point","coordinates":[4.747837,52.630079]},"properties":{"chain":"jumbo","name":"Jumbo Monique","street":"Laat 147","city":"Alkmaar","postcode":"1811ED","osm":"node/2876407974"}},{"type":"Feature","id":2876613358,"geometry":{"type":"Point","coordinates":[5.619527,51.443376]},"properties":{"chain":"plus","name":"PLUS","street":"Dorpsstraat 168","city":"Mierlo","postcode":"5731JL","osm":"node/2876613358"}},{"type":"Feature","id":2877300211,"geometry":{"type":"Point","coordinates":[5.287343,52.054479]},"properties":{"chain":"ah","name":"Albert Heijn","street":"Binnenhof 1","city":"Driebergen-Rijsenburg","postcode":"3971EE","osm":"node/2877300211"}},{"type":"Feature","id":2877301469,"geometry":{"type":"Point","coordinates":[5.290111,52.055199]},"properties":{"chain":"lidl","name":"Lidl","street":"Traaij 153a","city":"Driebergen-Rijsenburg","postcode":"3971GE","osm":"node/2877301469"}},{"type":"Feature","id":2877430203,"geometry":{"type":"Point","coordinates":[4.968187,52.509171]},"properties":{"chain":"ah","name":"Albert Heijn","street":"John F. Kennedyplein 73","city":"Purmerend","postcode":"1443EB","osm":"node/2877430203"}},{"type":"Feature","id":2877449662,"geometry":{"type":"Point","coordinates":[4.896847,52.200316]},"properties":{"chain":"jumbo","name":"Jumbo","street":"Molmlaan 2","city":"Wilnis","postcode":"3648XK","osm":"node/2877449662"}},{"type":"Feature","id":2877478289,"geometry":{"type":"Point","coordinates":[4.660416,52.151459]},"properties":{"chain":"ah","name":"Albert Heijn","street":"Herenhof 74","city":"Alphen aan den Rijn","postcode":"2402DN","osm":"node/2877478289"}},{"type":"Feature","id":2877478290,"geometry":{"type":"Point","coordinates":[4.661277,52.150632]},"properties":{"chain":"jumbo","name":"Jumbo","street":"Herenhof 183","city":"Alphen aan den Rijn","postcode":"2402DK","osm":"node/2877478290"}},{"type":"Feature","id":2877618175,"geometry":{"type":"Point","coordinates":[6.117112,52.487749]},"properties":{"chain":"jumbo","name":"Jumbo","street":"Sellekamp 26","city":"Zwolle","postcode":"8014DR","osm":"node/2877618175"}},{"type":"Feature","id":2877713245,"geometry":{"type":"Point","coordinates":[5.273383,52.049985]},"properties":{"chain":"jumbo","name":"Jumbo","street":"De Sluis 12","city":"Driebergen-Rijsenburg","postcode":"3972CV","osm":"node/2877713245"}},{"type":"Feature","id":2877791247,"geometry":{"type":"Point","coordinates":[5.137737,52.270792]},"properties":{"chain":"ah","name":"Albert Heijn","street":"De Meent 19","city":"Hilversum","postcode":"1218CB","osm":"node/2877791247"}},{"type":"Feature","id":2877856877,"geometry":{"type":"Point","coordinates":[4.925814,52.214016]},"properties":{"chain":"jumbo","name":"Jumbo","street":"Plevierenlaan 7","city":"Vinkeveen","postcode":"3645GN","osm":"node/2877856877"}},{"type":"Feature","id":2877945982,"geometry":{"type":"Point","coordinates":[4.949022,52.148801]},"properties":{"chain":"plus","name":"PLUS","street":"Drie Stammenweg 3","city":"Kockengen","postcode":"3628BW","osm":"node/2877945982"}},{"type":"Feature","id":2878006442,"geometry":{"type":"Point","coordinates":[4.953673,52.510306]},"properties":{"chain":"aldi","name":"ALDI","street":"Wagenweg 16A","city":"Purmerend","postcode":"1442BX","osm":"node/2878006442"}},{"type":"Feature","id":2878007743,"geometry":{"type":"Point","coordinates":[4.955613,52.508936]},"properties":{"chain":"lidl","name":"Lidl","street":"Wagenweg 1A","city":"Purmerend","postcode":"1442BX","osm":"node/2878007743"}},{"type":"Feature","id":2878378670,"geometry":{"type":"Point","coordinates":[5.781282,52.370523]},"properties":{"chain":"jumbo","name":"Jumbo","street":"Industrieweg 15","city":"Nunspeet","postcode":"8071CS","osm":"node/2878378670"}},{"type":"Feature","id":2878378968,"geometry":{"type":"Point","coordinates":[4.95794,52.090643]},"properties":{"chain":"plus","name":"PLUS","street":"Dorpsstraat 152","city":"Harmelen","postcode":"3481ER","osm":"node/2878378968"}},{"type":"Feature","id":2878607869,"geometry":{"type":"Point","coordinates":[4.953172,52.494519]},"properties":{"chain":"plus","name":"PLUS","street":"Zwanebloem 4","city":"Purmerend","postcode":"1441TR","osm":"node/2878607869"}},{"type":"Feature","id":2878839539,"geometry":{"type":"Point","coordinates":[5.189653,52.227346]},"properties":{"chain":"lidl","name":"Lidl","street":"Lorentzweg 59","city":"Hilversum","postcode":"1221EE","osm":"node/2878839539"}},{"type":"Feature","id":2879032911,"geometry":{"type":"Point","coordinates":[5.155299,52.221538]},"properties":{"chain":"ah","name":"Albert Heijn","street":"Bodemanstraat 9B","city":"Hilversum","postcode":"1216AH","osm":"node/2879032911"}},{"type":"Feature","id":2879097890,"geometry":{"type":"Point","coordinates":[5.175625,52.222057]},"properties":{"chain":"ah","name":"Albert Heijn","street":"Langestraat 53","city":"Hilversum","postcode":"1211GV","osm":"node/2879097890"}},{"type":"Feature","id":2879599773,"geometry":{"type":"Point","coordinates":[4.938851,52.497157]},"properties":{"chain":"ah","name":"Albert Heijn","street":"Van Damplein 13","city":"Purmerend","postcode":"1448NB","osm":"node/2879599773"}},{"type":"Feature","id":2879847465,"geometry":{"type":"Point","coordinates":[6.055225,52.533562]},"properties":{"chain":"jumbo","name":"Jumbo Nagelmaeker","street":"Wade 102","city":"Zwolle","postcode":"8043LS","osm":"node/2879847465"}},{"type":"Feature","id":2880250912,"geometry":{"type":"Point","coordinates":[4.843947,52.559224]},"properties":{"chain":"plus","name":"PLUS","street":"Driemaster 3","city":"De Rijp","postcode":"1483WB","osm":"node/2880250912"}},{"type":"Feature","id":2880507582,"geometry":{"type":"Point","coordinates":[3.959211,51.486418]},"properties":{"chain":"ah","name":"Albert Heijn","street":"Biezelingsestraat 1","city":"Kapelle","postcode":"4421BL","osm":"node/2880507582"}},{"type":"Feature","id":2880603129,"geometry":{"type":"Point","coordinates":[3.9562,51.486453]},"properties":{"chain":"jumbo","name":"Jumbo","street":"Weststraat 2","city":"Kapelle","postcode":"4421AC","osm":"node/2880603129"}},{"type":"Feature","id":2882448414,"geometry":{"type":"Point","coordinates":[4.411331,52.197216]},"properties":{"chain":"lidl","name":"Lidl","street":"Bosplein 1","city":"Katwijk","postcode":"2224GB","osm":"node/2882448414"}},{"type":"Feature","id":2882583388,"geometry":{"type":"Point","coordinates":[6.024393,50.906162]},"properties":{"chain":"lidl","name":"Lidl","street":"Vivaldipassage 7","city":"Landgraaf","postcode":"6371LL","osm":"node/2882583388"}},{"type":"Feature","id":2883157635,"geometry":{"type":"Point","coordinates":[5.182193,52.109354]},"properties":{"chain":"ah","name":"Albert Heijn","street":"Herenweg 8","city":"De Bilt","postcode":"3732CM","osm":"node/2883157635"}},{"type":"Feature","id":2884083662,"geometry":{"type":"Point","coordinates":[5.894392,50.996099]},"properties":{"chain":"jumbo","name":"Jumbo","street":"Romeinenstraat 2","city":"Sittard","postcode":"6132GN","osm":"node/2884083662"}},{"type":"Feature","id":2884720301,"geometry":{"type":"Point","coordinates":[5.969374,52.287392]},"properties":{"chain":"jumbo","name":"Jumbo","street":"Kosterstraat 3","city":"Vaassen","postcode":"8171CB","osm":"node/2884720301"}},{"type":"Feature","id":2884985673,"geometry":{"type":"Point","coordinates":[4.708857,52.53077]},"properties":{"chain":"jumbo","name":"Jumbo","street":"Melis Stokelaan 1","city":"Uitgeest","postcode":"1911SM","osm":"node/2884985673"}},{"type":"Feature","id":2885691104,"geometry":{"type":"Point","coordinates":[5.969806,50.923464]},"properties":{"chain":"lidl","name":"Lidl","street":"Anjelierstraat 72","city":"Heerlen","postcode":"6414EW","osm":"node/2885691104"}},{"type":"Feature","id":2885725369,"geometry":{"type":"Point","coordinates":[5.609563,51.460648]},"properties":{"chain":"jumbo","name":"Jumbo","street":"Huiskensstraat 2","city":"Helmond","postcode":"5708XA","osm":"node/2885725369"}},{"type":"Feature","id":2886747682,"geometry":{"type":"Point","coordinates":[4.790193,52.499564]},"properties":{"chain":"lidl","name":"Lidl","street":"Cor Bruijnweg 64","city":"Wormerveer","postcode":"1521MB","osm":"node/2886747682"}},{"type":"Feature","id":2886750115,"geometry":{"type":"Point","coordinates":[4.785629,52.494577]},"properties":{"chain":"ah","name":"Albert Heijn","street":"Marktplein 9","city":"Wormerveer","postcode":"1521HS","osm":"node/2886750115"}},{"type":"Feature","id":2887241960,"geometry":{"type":"Point","coordinates":[5.858873,50.999193]},"properties":{"chain":"ah","name":"Albert Heijn Jan Linders","street":"Brugstraat 1","city":"Sittard","postcode":"6131AE","osm":"node/2887241960"}},{"type":"Feature","id":2887393191,"geometry":{"type":"Point","coordinates":[5.846533,51.00055]},"properties":{"chain":"lidl","name":"Lidl","street":"Industriestraat 19A","city":"Sittard","postcode":"6135KE","osm":"node/2887393191"}},{"type":"Feature","id":2887777143,"geometry":{"type":"Point","coordinates":[5.810499,51.03249]},"properties":{"chain":"aldi","name":"ALDI","street":"Kerkstraat 43-2","city":"Born","postcode":"6121LB","osm":"node/2887777143"}},{"type":"Feature","id":2888152759,"geometry":{"type":"Point","coordinates":[6.180162,51.377697]},"properties":{"chain":"jumbo","name":"Jumbo Benders","street":"Straelseweg 183","city":"Venlo","postcode":"5914AL","osm":"node/2888152759"}},{"type":"Feature","id":2889954261,"geometry":{"type":"Point","coordinates":[5.003753,52.171032]},"properties":{"chain":"ah","name":"Albert Heijn","street":"Markt 10","city":"Breukelen","postcode":"3621AB","osm":"node/2889954261"}},{"type":"Feature","id":2890080191,"geometry":{"type":"Point","coordinates":[4.942502,51.625292]},"properties":{"chain":"ah","name":"Albert Heijn","street":"Looiershof 1","city":"Dongen","postcode":"5104HV","osm":"node/2890080191"}},{"type":"Feature","id":2890088446,"geometry":{"type":"Point","coordinates":[4.931132,51.63553]},"properties":{"chain":"lidl","name":"Lidl","street":"Windmolenweg 4","city":"Dongen","postcode":"5102AJ","osm":"node/2890088446"}},{"type":"Feature","id":2891339394,"geometry":{"type":"Point","coordinates":[5.731526,51.756268]},"properties":{"chain":"lidl","name":"Lidl","street":"Monseigneur Borretweg 18","city":"Grave","postcode":"5361AR","osm":"node/2891339394"}},{"type":"Feature","id":2891598323,"geometry":{"type":"Point","coordinates":[5.604899,52.295004]},"properties":{"chain":"plus","name":"PLUS","street":"Leeuwerikstraat 37","city":"Ermelo","postcode":"3853AA","osm":"node/2891598323"}},{"type":"Feature","id":2891755106,"geometry":{"type":"Point","coordinates":[4.946983,51.687631]},"properties":{"chain":"aldi","name":"ALDI","street":"Dorpsplein 21","city":"Waspik","postcode":"5165CJ","osm":"node/2891755106"}},{"type":"Feature","id":2891756416,"geometry":{"type":"Point","coordinates":[4.943122,51.686107]},"properties":{"chain":"plus","name":"PLUS Picokrie","street":"Kerkstraat 27","city":"Waspik","postcode":"5165CE","osm":"node/2891756416"}},{"type":"Feature","id":2892213465,"geometry":{"type":"Point","coordinates":[5.037799,52.128923]},"properties":{"chain":"lidl","name":"Lidl","street":"Nijverheidsweg 2b","city":"Maarssen","postcode":"3606AJ","osm":"node/2892213465"}},{"type":"Feature","id":2892279543,"geometry":{"type":"Point","coordinates":[5.059483,51.676471]},"properties":{"chain":"plus","name":"PLUS Stephan van Engelen","street":"Reigerbosweg 2","city":"Waalwijk","postcode":"5144MA","osm":"node/2892279543"}},{"type":"Feature","id":2892299785,"geometry":{"type":"Point","coordinates":[4.295973,52.07996]},"properties":{"chain":"ah","name":"Albert Heijn XL","street":"Elandstraat 160","city":"'s-Gravenhage","postcode":"2513GW","osm":"node/2892299785"}},{"type":"Feature","id":2893099547,"geometry":{"type":"Point","coordinates":[7.007342,53.103377]},"properties":{"chain":"jumbo","name":"Jumbo","street":"de Helling 16","city":"Oude Pekela","postcode":"9665JX","osm":"node/2893099547"}},{"type":"Feature","id":2893191744,"geometry":{"type":"Point","coordinates":[4.659358,52.149294]},"properties":{"chain":"lidl","name":"Lidl","street":"Ouvertureweg 81","city":"Alphen aan den Rijn","postcode":"2402DT","osm":"node/2893191744"}},{"type":"Feature","id":2893589127,"geometry":{"type":"Point","coordinates":[4.812616,52.438503]},"properties":{"chain":"ah","name":"Albert Heijn","street":"Ebbehout 29","city":"Zaandam","postcode":"1507EA","osm":"node/2893589127"}},{"type":"Feature","id":2893589573,"geometry":{"type":"Point","coordinates":[4.817407,52.438543]},"properties":{"chain":"ah","name":"Albert Heijn","street":"Hermitage 4","city":"Zaandam","postcode":"1506TX","osm":"node/2893589573"}},{"type":"Feature","id":2894352730,"geometry":{"type":"Point","coordinates":[4.442771,52.191989]},"properties":{"chain":"ah","name":"Albert Heijn","street":"Anjelierenstraat 36","city":"Rijnsburg","postcode":"2231GT","osm":"node/2894352730"}},{"type":"Feature","id":2894427503,"geometry":{"type":"Point","coordinates":[4.893641,52.111605]},"properties":{"chain":"plus","name":"PLUS Romijn","street":"Hallehuis 1A","city":"Kamerik","postcode":"3471EC","osm":"node/2894427503"}},{"type":"Feature","id":2895411954,"geometry":{"type":"Point","coordinates":[5.610809,52.260333]},"properties":{"chain":"jumbo","name":"Jumbo","street":"Postweg 4","city":"Putten","postcode":"3881EC","osm":"node/2895411954"}},{"type":"Feature","id":2896246549,"geometry":{"type":"Point","coordinates":[4.749492,52.645601]},"properties":{"chain":"jumbo","name":"Jumbo","street":"Muiderwaard 416","city":"Alkmaar","postcode":"1824XT","osm":"node/2896246549"}},{"type":"Feature","id":2897142779,"geometry":{"type":"Point","coordinates":[5.609972,52.260203]},"properties":{"chain":"ah","name":"Albert Heijn","street":"Voorthuizerstraat 2","city":"Putten","postcode":"3881SH","osm":"node/2897142779"}},{"type":"Feature","id":2897144332,"geometry":{"type":"Point","coordinates":[5.603831,52.25948]},"properties":{"chain":"lidl","name":"Lidl","street":"Gervenhof 29","city":"Putten","postcode":"3882AR","osm":"node/2897144332"}},{"type":"Feature","id":2897264186,"geometry":{"type":"Point","coordinates":[5.667077,53.041644]},"properties":{"chain":"aldi","name":"ALDI","street":"Hugo de Grootstraat 19","city":"Sneek","postcode":"8603BP","osm":"node/2897264186"}},{"type":"Feature","id":2897412115,"geometry":{"type":"Point","coordinates":[7.145111,53.101133]},"properties":{"chain":"plus","name":"PLUS","street":"Hoofdweg 29","city":"Bellingwolde","postcode":"9695AA","osm":"node/2897412115"}},{"type":"Feature","id":2897444841,"geometry":{"type":"Point","coordinates":[5.132755,51.723481]},"properties":{"chain":"plus","name":"PLUS Van Wijlen","street":"Laagstraat 3","city":"Oudheusden","postcode":"5156NH","osm":"node/2897444841"}},{"type":"Feature","id":2897590363,"geometry":{"type":"Point","coordinates":[5.132118,51.685481]},"properties":{"chain":"jumbo","name":"Jumbo Aalbersestraat","street":"Aalbersestraat 5","city":"Drunen","postcode":"5151EE","osm":"node/2897590363"}},{"type":"Feature","id":2897716656,"geometry":{"type":"Point","coordinates":[5.221034,51.694242]},"properties":{"chain":"ah","name":"Albert Heijn Jan Linders","street":"Oliemaat 5","city":"Vlijmen","postcode":"5251AG","osm":"node/2897716656"}},{"type":"Feature","id":2897717661,"geometry":{"type":"Point","coordinates":[5.220852,51.694201]},"properties":{"chain":"aldi","name":"ALDI","street":"Oliemaat 6","city":"Vlijmen","postcode":"5251AG","osm":"node/2897717661"}},{"type":"Feature","id":2898024244,"geometry":{"type":"Point","coordinates":[5.620979,51.485146]},"properties":{"chain":"jumbo","name":"Jumbo","street":"Dorpsstraat 58D","city":"Helmond","postcode":"5708GJ","osm":"node/2898024244"}},{"type":"Feature","id":2898736280,"geometry":{"type":"Point","coordinates":[5.706386,51.475985]},"properties":{"chain":"jumbo","name":"Jumbo","street":"Wederhof 14","city":"Helmond","postcode":"5709CD","osm":"node/2898736280"}},{"type":"Feature","id":2898997178,"geometry":{"type":"Point","coordinates":[5.594567,51.521302]},"properties":{"chain":"jumbo","name":"Jumbo","street":"Dorpsstraat 54a","city":"Lieshout","postcode":"5737GC","osm":"node/2898997178"}},{"type":"Feature","id":2899179708,"geometry":{"type":"Point","coordinates":[5.628634,51.538711]},"properties":{"chain":"plus","name":"PLUS","street":"Piet van Thielplein 30","city":"Beek en Donk","postcode":"5741CP","osm":"node/2899179708"}},{"type":"Feature","id":2899688349,"geometry":{"type":"Point","coordinates":[3.87915,51.51485]},"properties":{"chain":"lidl","name":"Lidl","street":"De Spinne 46","city":"Goes","postcode":"4463CW","osm":"node/2899688349"}},{"type":"Feature","id":2899796039,"geometry":{"type":"Point","coordinates":[6.035416,51.123568]},"properties":{"chain":"plus","name":"PLUS Bronswijk","street":"Raadhuisstraat 5","city":"Posterholt","postcode":"6061EA","osm":"node/2899796039"}},{"type":"Feature","id":2900586401,"geometry":{"type":"Point","coordinates":[4.757298,52.65469]},"properties":{"chain":"ah","name":"Albert Heijn","street":"Europaboulevard 26","city":"Alkmaar","postcode":"1825SB","osm":"node/2900586401"}},{"type":"Feature","id":2900587902,"geometry":{"type":"Point","coordinates":[4.756747,52.656406]},"properties":{"chain":"lidl","name":"Lidl","street":"Europaboulevard 354","city":"Alkmaar","postcode":"1825SV","osm":"node/2900587902"}},{"type":"Feature","id":2900686269,"geometry":{"type":"Point","coordinates":[5.634476,51.528775]},"properties":{"chain":"ah","name":"Albert Heijn Jan Linders","street":"Heuvelplein 11","city":"Beek en Donk","postcode":"5741JH","osm":"node/2900686269"}},{"type":"Feature","id":2900703395,"geometry":{"type":"Point","coordinates":[5.632431,51.529076]},"properties":{"chain":"jumbo","name":"Jumbo","street":"Heuvelplein 73","city":"Beek en Donk","postcode":"5741JJ","osm":"node/2900703395"}},{"type":"Feature","id":2901025077,"geometry":{"type":"Point","coordinates":[5.650646,51.511191]},"properties":{"chain":"aldi","name":"ALDI","street":"Kanaaldijk 3","city":"Aarle-Rixtel","postcode":"5735SL","osm":"node/2901025077"}},{"type":"Feature","id":2901524865,"geometry":{"type":"Point","coordinates":[6.005896,51.143676]},"properties":{"chain":"plus","name":"PLUS","street":"Molenweg 30","city":"Sint Odiliënberg","postcode":"6077BC","osm":"node/2901524865"}},{"type":"Feature","id":2902218737,"geometry":{"type":"Point","coordinates":[6.063972,51.155554]},"properties":{"chain":"ah","name":"Albert Heijn Jan Linders","street":"Craenberglaan 13","city":"Herkenbosch","postcode":"6075HC","osm":"node/2902218737"}},{"type":"Feature","id":2902373871,"geometry":{"type":"Point","coordinates":[6.961049,52.982228]},"properties":{"chain":"lidl","name":"Lidl","street":"Hoofdstraat 103","city":"Stadskanaal","postcode":"9501CR","osm":"node/2902373871"}},{"type":"Feature","id":2902377032,"geometry":{"type":"Point","coordinates":[6.949473,52.99105]},"properties":{"chain":"aldi","name":"ALDI","street":"Hemenweg 18","city":"Stadskanaal","postcode":"9501XZ","osm":"node/2902377032"}},{"type":"Feature","id":2902517696,"geometry":{"type":"Point","coordinates":[4.665526,52.12961]},"properties":{"chain":"ah","name":"Albert Heijn","street":"De Aarhof 61","city":"Alphen aan den Rijn","postcode":"2406BT","osm":"node/2902517696"}},{"type":"Feature","id":2902558234,"geometry":{"type":"Point","coordinates":[5.662217,51.471657]},"properties":{"chain":"lidl","name":"Lidl","street":"Taftstraat 2","city":"Helmond","postcode":"5705KE","osm":"node/2902558234"}},{"type":"Feature","id":2903006918,"geometry":{"type":"Point","coordinates":[5.680605,51.480984]},"properties":{"chain":"lidl","name":"Lidl","street":"Geysendorfferstraat 23","city":"Helmond","postcode":"5703GA","osm":"node/2903006918"}},{"type":"Feature","id":2903485324,"geometry":{"type":"Point","coordinates":[7.015439,52.929408]},"properties":{"chain":"plus","name":"PLUS","street":"Willem Diemerstraat 3","city":"Musselkanaal","postcode":"9581AG","osm":"node/2903485324"}},{"type":"Feature","id":2903486627,"geometry":{"type":"Point","coordinates":[7.012126,52.931861]},"properties":{"chain":"aldi","name":"ALDI","street":"Marktstraat 50","city":"Musselkanaal","postcode":"9581AC","osm":"node/2903486627"}},{"type":"Feature","id":2904083968,"geometry":{"type":"Point","coordinates":[5.667643,51.488303]},"properties":{"chain":"ah","name":"Albert Heijn Jan Linders","street":"Dijksestraat 131","city":"Helmond","postcode":"5701AL","osm":"node/2904083968"}},{"type":"Feature","id":2905599236,"geometry":{"type":"Point","coordinates":[4.673889,52.509306]},"properties":{"chain":"aldi","name":"ALDI","street":"Gerrit van Assendelftstraat 32A","city":"Heemskerk","postcode":"1964NL","osm":"node/2905599236"}},{"type":"Feature","id":2905820374,"geometry":{"type":"Point","coordinates":[3.887308,51.503082]},"properties":{"chain":"ah","name":"Albert Heijn","street":"Kolveniershof 44","city":"Goes","postcode":"4461DB","osm":"node/2905820374"}},{"type":"Feature","id":2905821942,"geometry":{"type":"Point","coordinates":[3.889952,51.508668]},"properties":{"chain":"aldi","name":"ALDI","street":"Molenplein 6","city":"Goes","postcode":"4461BJ","osm":"node/2905821942"}},{"type":"Feature","id":2906013901,"geometry":{"type":"Point","coordinates":[4.330457,52.067539]},"properties":{"chain":"aldi","name":"ALDI","street":"Laakweg 126","city":"'s-Gravenhage","postcode":"2521SC","osm":"node/2906013901"}},{"type":"Feature","id":2906013905,"geometry":{"type":"Point","coordinates":[4.330139,52.067425]},"properties":{"chain":"jumbo","name":"Jumbo","street":"Laakweg 126","city":"'s-Gravenhage","postcode":"2521SC","osm":"node/2906013905"}},{"type":"Feature","id":2906279558,"geometry":{"type":"Point","coordinates":[5.584357,52.897931]},"properties":{"chain":"plus","name":"PLUS","street":"Bogermanstraat 32","city":"Balk","postcode":"8561BL","osm":"node/2906279558"}},{"type":"Feature","id":2906443670,"geometry":{"type":"Point","coordinates":[3.676643,51.500212]},"properties":{"chain":"jumbo","name":"Jumbo van Overveld","street":"Clasinastraat 5","city":"Arnemuiden","postcode":"4341ER","osm":"node/2906443670"}},{"type":"Feature","id":2907115341,"geometry":{"type":"Point","coordinates":[5.79847,52.966903]},"properties":{"chain":"aldi","name":"ALDI","street":"Sinnebuorren 10","city":"Joure","postcode":"8501CB","osm":"node/2907115341"}},{"type":"Feature","id":2907115485,"geometry":{"type":"Point","coordinates":[4.75163,52.635119]},"properties":{"chain":"aldi","name":"ALDI","street":"Oosterweezenstraat 19","city":"Alkmaar","postcode":"1823CN","osm":"node/2907115485"}},{"type":"Feature","id":2907125117,"geometry":{"type":"Point","coordinates":[5.798766,52.966695]},"properties":{"chain":"ah","name":"Albert Heijn","street":"Sinnebuorren 28","city":"Joure","postcode":"8501CB","osm":"node/2907125117"}},{"type":"Feature","id":2907128762,"geometry":{"type":"Point","coordinates":[5.808096,52.961153]},"properties":{"chain":"jumbo","name":"Jumbo","street":"Geert Knolweg 52a","city":"Joure","postcode":"8501MK","osm":"node/2907128762"}},{"type":"Feature","id":2907718730,"geometry":{"type":"Point","coordinates":[6.735696,52.420432]},"properties":{"chain":"plus","name":"PLUS Wallerbosch Geesteren","street":"De Veldstegge 5","city":"Geesteren","postcode":"7678AX","osm":"node/2907718730"}},{"type":"Feature","id":2908030683,"geometry":{"type":"Point","coordinates":[3.622351,51.492796]},"properties":{"chain":"aldi","name":"ALDI","street":"Vrijlandstraat 65","city":"Middelburg","postcode":"4337EC","osm":"node/2908030683"}},{"type":"Feature","id":2908579719,"geometry":{"type":"Point","coordinates":[4.899847,51.736021]},"properties":{"chain":"jumbo","name":"Jumbo","street":"Kerkstraat 43","city":"Hank","postcode":"4273CA","osm":"node/2908579719"}},{"type":"Feature","id":2909445027,"geometry":{"type":"Point","coordinates":[4.810668,52.698636]},"properties":{"chain":"ah","name":"Albert Heijn","street":"Dorpsstraat 520","city":"Noord-Scharwoude","postcode":"1723HG","osm":"node/2909445027"}},{"type":"Feature","id":2909584194,"geometry":{"type":"Point","coordinates":[4.66796,52.485195]},"properties":{"chain":"aldi","name":"ALDI","street":"Beijneslaan 169","city":"Beverwijk","postcode":"1947HK","osm":"node/2909584194"}},{"type":"Feature","id":2909832765,"geometry":{"type":"Point","coordinates":[3.618285,51.485845]},"properties":{"chain":"lidl","name":"Lidl","street":"Johan van Reigersbergstraat 3","city":"Middelburg","postcode":"4336XA","osm":"node/2909832765"}},{"type":"Feature","id":2909926264,"geometry":{"type":"Point","coordinates":[4.880862,51.701225]},"properties":{"chain":"plus","name":"PLUS","street":"Burgemeester Krijgsmangeerde 7","city":"Raamsdonksveer","postcode":"4942AV","osm":"node/2909926264"}},{"type":"Feature","id":2910419930,"geometry":{"type":"Point","coordinates":[4.872943,51.696255]},"properties":{"chain":"ah","name":"Albert Heijn","street":"het Anker 7","city":"Raamsdonksveer","postcode":"4941RG","osm":"node/2910419930"}},{"type":"Feature","id":2910447556,"geometry":{"type":"Point","coordinates":[4.49323,52.263434]},"properties":{"chain":"lidl","name":"Lidl","street":"Dorpsstraat 4","city":"Noordwijkerhout","postcode":"2211GC","osm":"node/2910447556"}},{"type":"Feature","id":2911007805,"geometry":{"type":"Point","coordinates":[5.362281,52.884957]},"properties":{"chain":"plus","name":"PLUS","street":"De Bleeck 1","city":"Stavoren","postcode":"8715EJ","osm":"node/2911007805"}},{"type":"Feature","id":2911646625,"geometry":{"type":"Point","coordinates":[4.451071,52.241799]},"properties":{"chain":"lidl","name":"Lidl","street":"Rederijkersplein 7","city":"Noordwijk","postcode":"2203GB","osm":"node/2911646625"}},{"type":"Feature","id":2913095467,"geometry":{"type":"Point","coordinates":[4.782962,51.936351]},"properties":{"chain":"plus","name":"PLUS","street":"Hoofdstraat 110","city":"Bergambacht","postcode":"2861AT","osm":"node/2913095467"}},{"type":"Feature","id":2914858362,"geometry":{"type":"Point","coordinates":[6.066226,52.169457]},"properties":{"chain":"plus","name":"PLUS Versluis","street":"Hoofdweg 86","city":"Klarenbeek","postcode":"7382BK","osm":"node/2914858362"}},{"type":"Feature","id":2915141367,"geometry":{"type":"Point","coordinates":[5.633542,51.745582]},"properties":{"chain":"ah","name":"Albert Heijn","street":"Kapelanieplein 23","city":"Schaijk","postcode":"5374BX","osm":"node/2915141367"}},{"type":"Feature","id":2916578186,"geometry":{"type":"Point","coordinates":[4.649861,52.134991]},"properties":{"chain":"lidl","name":"Lidl","street":"Baronie 86","city":"Alphen aan den Rijn","postcode":"2404XH","osm":"node/2916578186"}},{"type":"Feature","id":2917710326,"geometry":{"type":"Point","coordinates":[4.441051,52.229832]},"properties":{"chain":"ah","name":"Albert Heijn","street":"Bonnikeplein 2","city":"Noordwijk","postcode":"2201XA","osm":"node/2917710326"}},{"type":"Feature","id":2920145841,"geometry":{"type":"Point","coordinates":[4.884057,52.384902]},"properties":{"chain":"ah","name":"Albert Heijn","street":"Haarlemmerplein 34","city":"Amsterdam","postcode":"1013HS","osm":"node/2920145841"}},{"type":"Feature","id":2920823147,"geometry":{"type":"Point","coordinates":[4.635859,51.935021]},"properties":{"chain":"plus","name":"PLUS Vergeer","street":"De Wetering 9","city":"Ouderkerk aan den IJssel","postcode":"2935BS","osm":"node/2920823147"}},{"type":"Feature","id":2921080065,"geometry":{"type":"Point","coordinates":[5.640901,51.77177]},"properties":{"chain":"plus","name":"PLUS","street":"Rogstraat 6","city":"Herpen","postcode":"5373AT","osm":"node/2921080065"}},{"type":"Feature","id":2922234283,"geometry":{"type":"Point","coordinates":[3.612508,51.509158]},"properties":{"chain":"jumbo","name":"Jumbo","street":"Sir Winston Churchill-laan 49","city":"Middelburg","postcode":"4333BB","osm":"node/2922234283"}},{"type":"Feature","id":2922393519,"geometry":{"type":"Point","coordinates":[3.626405,51.507052]},"properties":{"chain":"ah","name":"Albert Heijn","street":"Fazantenhof 18","city":"Middelburg","postcode":"4332XT","osm":"node/2922393519"}},{"type":"Feature","id":2923963150,"geometry":{"type":"Point","coordinates":[5.490848,52.493662]},"properties":{"chain":"jumbo","name":"Jumbo Van Leijen","street":"Voorstraat 282","city":"Lelystad","postcode":"8226HG","osm":"node/2923963150"}},{"type":"Feature","id":2924649672,"geometry":{"type":"Point","coordinates":[6.182451,51.384253]},"properties":{"chain":"lidl","name":"Lidl","street":"Nijmeegseweg 18","city":"Venlo","postcode":"5916PT","osm":"node/2924649672"}},{"type":"Feature","id":2925202650,"geometry":{"type":"Point","coordinates":[5.567666,51.770424]},"properties":{"chain":"ah","name":"Albert Heijn","street":"Sint Willibrordusstraat 45","city":"Berghem","postcode":"5351EE","osm":"node/2925202650"}},{"type":"Feature","id":2926529371,"geometry":{"type":"Point","coordinates":[7.045654,53.144151]},"properties":{"chain":"ah","name":"Albert Heijn","street":"Beertsterweg 1D","city":"Winschoten","postcode":"9672BE","osm":"node/2926529371"}},{"type":"Feature","id":2927818588,"geometry":{"type":"Point","coordinates":[6.0751,53.05885]},"properties":{"chain":"plus","name":"PLUS Berkenbosch","street":"Molenlaan 8","city":"Beetsterzwaag","postcode":"9244EA","osm":"node/2927818588"}},{"type":"Feature","id":2927845752,"geometry":{"type":"Point","coordinates":[5.819108,51.171144]},"properties":{"chain":"ah","name":"Albert Heijn Jan Linders","street":"Begoniastraat 12","city":"Ittervoort","postcode":"6014BJ","osm":"node/2927845752"}},{"type":"Feature","id":2927938051,"geometry":{"type":"Point","coordinates":[6.05691,53.003554]},"properties":{"chain":"jumbo","name":"Jumbo","street":"Badweg 34","city":"Gorredijk","postcode":"8401BL","osm":"node/2927938051"}},{"type":"Feature","id":2928106900,"geometry":{"type":"Point","coordinates":[5.43979,51.805751]},"properties":{"chain":"plus","name":"PLUS Kwakkenbos","street":"Monseigneur Bekkersstraat 11","city":"Lith","postcode":"5397EJ","osm":"node/2928106900"}},{"type":"Feature","id":2929724070,"geometry":{"type":"Point","coordinates":[5.896922,51.24996]},"properties":{"chain":"aldi","name":"Aldi","street":"Dorpstraat 22","city":"Heythuysen","postcode":"6093EC","osm":"node/2929724070"}},{"type":"Feature","id":2929731134,"geometry":{"type":"Point","coordinates":[5.896305,51.250585]},"properties":{"chain":"lidl","name":"Lidl","street":"Schoolstraat 2","city":"Heythuysen","postcode":"6093EH","osm":"node/2929731134"}},{"type":"Feature","id":2929826237,"geometry":{"type":"Point","coordinates":[5.47468,51.395479]},"properties":{"chain":"ah","name":"Albert Heijn","street":"Den Hof 4","city":"Waalre","postcode":"5582JZ","osm":"node/2929826237"}},{"type":"Feature","id":2931190311,"geometry":{"type":"Point","coordinates":[5.446374,51.387006]},"properties":{"chain":"lidl","name":"Lidl","street":"De Bus 4","city":"Waalre","postcode":"5581GP","osm":"node/2931190311"}},{"type":"Feature","id":2931266263,"geometry":{"type":"Point","coordinates":[5.511551,51.754462]},"properties":{"chain":"ah","name":"Albert Heijn","street":"Sterrebos 2","city":"Oss","postcode":"5344AM","osm":"node/2931266263"}},{"type":"Feature","id":2931716076,"geometry":{"type":"Point","coordinates":[5.536835,51.772174]},"properties":{"chain":"jumbo","name":"Jumbo","street":"Kardinaal de Jongstraat 38","city":"Oss","postcode":"5348BH","osm":"node/2931716076"}},{"type":"Feature","id":2932751646,"geometry":{"type":"Point","coordinates":[5.963326,51.179716]},"properties":{"chain":"ah","name":"Albert Heijn Jan Linders","street":"Groene Kruisstraat 8","city":"Herten","postcode":"6049BW","osm":"node/2932751646"}},{"type":"Feature","id":2933475304,"geometry":{"type":"Point","coordinates":[5.984656,51.193504]},"properties":{"chain":"jumbo","name":"Jumbo","street":"Roersingelpassage 5","city":"Roermond","postcode":"6041EE","osm":"node/2933475304"}},{"type":"Feature","id":2935417783,"geometry":{"type":"Point","coordinates":[6.009398,51.186651]},"properties":{"chain":"lidl","name":"Lidl","street":"Kasteel Hornstraat 19","city":"Roermond","postcode":"6043JR","osm":"node/2935417783"}},{"type":"Feature","id":2935424619,"geometry":{"type":"Point","coordinates":[6.010376,51.186318]},"properties":{"chain":"jumbo","name":"Jumbo","street":"Kasteel Hornstraat 35","city":"Roermond","postcode":"6043JR","osm":"node/2935424619"}},{"type":"Feature","id":2937766137,"geometry":{"type":"Point","coordinates":[6.036061,51.232484]},"properties":{"chain":"jumbo","name":"Jumbo","street":"Sint Jansplein 6","city":"Swalmen","postcode":"6071LM","osm":"node/2937766137"}},{"type":"Feature","id":2938742685,"geometry":{"type":"Point","coordinates":[4.532507,52.163106]},"properties":{"chain":"ah","name":"Albert Heijn","street":"Winkelhof 29","city":"Leiderdorp","postcode":"2353TS","osm":"node/2938742685"}},{"type":"Feature","id":2938993728,"geometry":{"type":"Point","coordinates":[4.676501,51.784875]},"properties":{"chain":"lidl","name":"Lidl","street":"P.A. de Kok-plein 127","city":"Dordrecht","postcode":"3318JW","osm":"node/2938993728"}},{"type":"Feature","id":2939571447,"geometry":{"type":"Point","coordinates":[6.63118,52.335598]},"properties":{"chain":"aldi","name":"ALDI","street":"De Gors 20","city":"Almelo","postcode":"7609DV","osm":"node/2939571447"}},{"type":"Feature","id":2939614860,"geometry":{"type":"Point","coordinates":[4.524932,52.227277]},"properties":{"chain":"ah","name":"Albert Heijn","street":"Voorhavenkwartier 68","city":"Sassenheim","postcode":"2171HZ","osm":"node/2939614860"}},{"type":"Feature","id":2940676938,"geometry":{"type":"Point","coordinates":[6.025176,51.204306]},"properties":{"chain":"lidl","name":"Lidl","street":"Sint Wirosingel 186","city":"Roermond","postcode":"6042KZ","osm":"node/2940676938"}},{"type":"Feature","id":2940993132,"geometry":{"type":"Point","coordinates":[6.651057,52.348508]},"properties":{"chain":"ah","name":"Albert Heijn","street":"Nieuwstraat 169","city":"Almelo","postcode":"7605AD","osm":"node/2940993132"}},{"type":"Feature","id":2941079418,"geometry":{"type":"Point","coordinates":[4.527446,52.158707]},"properties":{"chain":"ah","name":"Albert Heijn","street":"Laan van Ouderzorg 28","city":"Leiderdorp","postcode":"2352HV","osm":"node/2941079418"}},{"type":"Feature","id":2941665438,"geometry":{"type":"Point","coordinates":[4.675029,51.774429]},"properties":{"chain":"ah","name":"Albert Heijn","street":"Slangenburg 5","city":"Dordrecht","postcode":"3328DN","osm":"node/2941665438"}},{"type":"Feature","id":2942433905,"geometry":{"type":"Point","coordinates":[6.783437,52.407349]},"properties":{"chain":"plus","name":"PLUS","street":"De Eendracht 11","city":"Tubbergen","postcode":"7651CZ","osm":"node/2942433905"}},{"type":"Feature","id":2942434243,"geometry":{"type":"Point","coordinates":[6.780648,52.40657]},"properties":{"chain":"aldi","name":"ALDI","street":"Waldeckstraat 6","city":"Tubbergen","postcode":"7651EE","osm":"node/2942434243"}},{"type":"Feature","id":2944636745,"geometry":{"type":"Point","coordinates":[4.756818,52.198062]},"properties":{"chain":"plus","name":"PLUS Rehorst","street":"Dorpsstraat 9","city":"Nieuwveen","postcode":"2441CE","osm":"node/2944636745"}},{"type":"Feature","id":2944654540,"geometry":{"type":"Point","coordinates":[6.125471,51.332753]},"properties":{"chain":"plus","name":"PLUS","street":"Pater Petersstraat 1","city":"Steyl","postcode":"5935AV","osm":"node/2944654540"}},{"type":"Feature","id":2948643456,"geometry":{"type":"Point","coordinates":[6.09659,53.10115]},"properties":{"chain":"ah","name":"Albert Heijn","street":"Kiryat-Onoplein 87","city":"Drachten","postcode":"9203KS","osm":"node/2948643456"}},{"type":"Feature","id":2949990121,"geometry":{"type":"Point","coordinates":[6.094344,53.107511]},"properties":{"chain":"lidl","name":"Lidl","street":"Oude Nering 1","city":"Drachten","postcode":"9203AB","osm":"node/2949990121"}},{"type":"Feature","id":2955145069,"geometry":{"type":"Point","coordinates":[5.864429,51.869852]},"properties":{"chain":"jumbo","name":"Jumbo","street":"Frankrijkstraat 1","city":"Lent","postcode":"6663MB","osm":"node/2955145069"}},{"type":"Feature","id":2956033433,"geometry":{"type":"Point","coordinates":[6.234421,52.435698]},"properties":{"chain":"ah","name":"Albert Heijn","osm":"node/2956033433"}},{"type":"Feature","id":2961109101,"geometry":{"type":"Point","coordinates":[4.711198,52.168379]},"properties":{"chain":"aldi","name":"ALDI","street":"Westkanaalweg 100","city":"Ter Aar","postcode":"2461EJ","osm":"node/2961109101"}},{"type":"Feature","id":2961245803,"geometry":{"type":"Point","coordinates":[6.04574,51.358302]},"properties":{"chain":"jumbo","name":"Jumbo","street":"Heierveldlaan 10","city":"Maasbree","postcode":"5993GD","osm":"node/2961245803"}},{"type":"Feature","id":2964528334,"geometry":{"type":"Point","coordinates":[5.636947,53.152349]},"properties":{"chain":"plus","name":"PLUS","street":"Meamerterdyk 5","city":"Winsum","postcode":"8831XZ","osm":"node/2964528334"}},{"type":"Feature","id":2965085775,"geometry":{"type":"Point","coordinates":[4.313049,52.076591]},"properties":{"chain":"ah","name":"Albert Heijn","street":"Grote Marktstraat 55A","city":"'s-Gravenhage","postcode":"2511BH","osm":"node/2965085775"}},{"type":"Feature","id":2965838897,"geometry":{"type":"Point","coordinates":[5.527813,53.061388]},"properties":{"chain":"jumbo","name":"Jumbo","street":"Snekerstraat 14","city":"Bolsward","postcode":"8701XD","osm":"node/2965838897"}},{"type":"Feature","id":2966539659,"geometry":{"type":"Point","coordinates":[5.445206,52.977079]},"properties":{"chain":"aldi","name":"ALDI","street":"Hearewei 6","city":"Workum","postcode":"8711GD","osm":"node/2966539659"}},{"type":"Feature","id":2973285078,"geometry":{"type":"Point","coordinates":[5.510291,51.880608]},"properties":{"chain":"lidl","name":"Lidl","street":"Zijveld 1","city":"Beneden-Leeuwen","postcode":"6658DD","osm":"node/2973285078"}},{"type":"Feature","id":2974845915,"geometry":{"type":"Point","coordinates":[5.604233,51.887794]},"properties":{"chain":"plus","name":"PLUS Lenssen","street":"Heuvel 10","city":"Druten","postcode":"6651DE","osm":"node/2974845915"}},{"type":"Feature","id":2974860204,"geometry":{"type":"Point","coordinates":[5.606458,51.883447]},"properties":{"chain":"ah","name":"Albert Heijn","street":"Scharenburg 21","city":"Druten","postcode":"6652AK","osm":"node/2974860204"}},{"type":"Feature","id":2975709457,"geometry":{"type":"Point","coordinates":[5.263059,52.294475]},"properties":{"chain":"ah","name":"Albert Heijn","street":"Oostermeent-Zuid 48","city":"Huizen","postcode":"1274SV","osm":"node/2975709457"}},{"type":"Feature","id":2977195364,"geometry":{"type":"Point","coordinates":[5.770297,51.859853]},"properties":{"chain":"jumbo","name":"Jumbo","street":"Thorbeckeplein 14","city":"Beuningen Gld","postcode":"6641CA","osm":"node/2977195364"}},{"type":"Feature","id":2977215816,"geometry":{"type":"Point","coordinates":[5.771175,51.86181]},"properties":{"chain":"lidl","name":"Lidl","street":"Mauritsplein 43","city":"Beuningen Gld","postcode":"6641BK","osm":"node/2977215816"}},{"type":"Feature","id":2980900878,"geometry":{"type":"Point","coordinates":[5.724903,51.809513]},"properties":{"chain":"jumbo","name":"Jumbo","street":"Herenstraat 17","city":"Wijchen","postcode":"6602BA","osm":"node/2980900878"}},{"type":"Feature","id":2980906878,"geometry":{"type":"Point","coordinates":[5.711928,51.812056]},"properties":{"chain":"ah","name":"Albert Heijn Jan Linders","street":"Homberg 2527","city":"Wijchen","postcode":"6601XW","osm":"node/2980906878"}},{"type":"Feature","id":2983509280,"geometry":{"type":"Point","coordinates":[5.853366,51.782184]},"properties":{"chain":"plus","name":"PLUS","street":"Winkelcentrum 20","city":"Malden","postcode":"6581BW","osm":"node/2983509280"}},{"type":"Feature","id":2984403027,"geometry":{"type":"Point","coordinates":[5.468783,51.351898]},"properties":{"chain":"jumbo","name":"Jumbo","street":"Leenderweg 120","city":"Valkenswaard","postcode":"5555CG","osm":"node/2984403027"}},{"type":"Feature","id":2986341426,"geometry":{"type":"Point","coordinates":[5.209708,52.127982]},"properties":{"chain":"ah","name":"Albert Heijn","street":"De Kwinkelier 30","city":"Bilthoven","postcode":"3722AR","osm":"node/2986341426"}},{"type":"Feature","id":2992171422,"geometry":{"type":"Point","coordinates":[4.773844,52.148161]},"properties":{"chain":"jumbo","name":"Jumbo","street":"Kennedyplein 1","city":"Nieuwkoop","postcode":"2421EN","osm":"node/2992171422"}},{"type":"Feature","id":2992177569,"geometry":{"type":"Point","coordinates":[4.779014,52.150536]},"properties":{"chain":"ah","name":"Albert Heijn","street":"Reghthuysplein 3","city":"Nieuwkoop","postcode":"2421BE","osm":"node/2992177569"}},{"type":"Feature","id":2993009265,"geometry":{"type":"Point","coordinates":[5.545556,51.473213]},"properties":{"chain":"aldi","name":"ALDI","street":"Parkhof 13","city":"Nuenen","postcode":"5671EX","osm":"node/2993009265"}},{"type":"Feature","id":2996263757,"geometry":{"type":"Point","coordinates":[6.744521,53.162653]},"properties":{"chain":"aldi","name":"ALDI","street":"Meint Veningastraat 38","city":"Hoogezand","postcode":"9601KG","osm":"node/2996263757"}},{"type":"Feature","id":2996347106,"geometry":{"type":"Point","coordinates":[6.787256,53.1647]},"properties":{"chain":"jumbo","name":"Jumbo","street":"Noorderstraat 103","city":"Sappemeer","postcode":"9611AC","osm":"node/2996347106"}},{"type":"Feature","id":2996376795,"geometry":{"type":"Point","coordinates":[6.786142,53.164567]},"properties":{"chain":"aldi","name":"ALDI","street":"Noorderstraat 93","city":"Sappemeer","postcode":"9611AC","osm":"node/2996376795"}},{"type":"Feature","id":2997534599,"geometry":{"type":"Point","coordinates":[5.969713,50.938107]},"properties":{"chain":"lidl","name":"Lidl","street":"Rumpenerstraat 116","city":"Brunssum","postcode":"6443CH","osm":"node/2997534599"}},{"type":"Feature","id":3000183916,"geometry":{"type":"Point","coordinates":[6.091352,51.284153]},"properties":{"chain":"ah","name":"Albert Heijn Jan Linders","street":"Pater Claretstraat 1a","city":"Reuver","postcode":"5953LC","osm":"node/3000183916"}},{"type":"Feature","id":3000329610,"geometry":{"type":"Point","coordinates":[4.86752,52.025019]},"properties":{"chain":"plus","name":"PLUS Heijmans","street":"Joostenplein 35","city":"Oudewater","postcode":"3421TC","osm":"node/3000329610"}},{"type":"Feature","id":3001151109,"geometry":{"type":"Point","coordinates":[4.951367,52.047227]},"properties":{"chain":"ah","name":"Albert Heijn","street":"Boslaan 40","city":"Montfoort","postcode":"3417AB","osm":"node/3001151109"}},{"type":"Feature","id":3002651417,"geometry":{"type":"Point","coordinates":[4.979048,52.008117]},"properties":{"chain":"plus","name":"PLUS","street":"Oranje-Nassaustraat 1","city":"Benschop","postcode":"3405XH","osm":"node/3002651417"}},{"type":"Feature","id":3003055360,"geometry":{"type":"Point","coordinates":[5.082148,52.053422]},"properties":{"chain":"jumbo","name":"Jumbo","street":"Winkelcentrum Galecop 7","city":"Nieuwegein","postcode":"3437JV","osm":"node/3003055360"}},{"type":"Feature","id":3004025063,"geometry":{"type":"Point","coordinates":[5.080677,52.028457]},"properties":{"chain":"ah","name":"Albert Heijn","street":"Passage 65","city":"Nieuwegein","postcode":"3431LN","osm":"node/3004025063"}},{"type":"Feature","id":3004287010,"geometry":{"type":"Point","coordinates":[5.190469,52.129399]},"properties":{"chain":"plus","name":"PLUS","street":"Donsvlinder 2","city":"Bilthoven","postcode":"3723TX","osm":"node/3004287010"}},{"type":"Feature","id":3004671352,"geometry":{"type":"Point","coordinates":[5.209004,52.128518]},"properties":{"chain":"lidl","name":"Lidl","street":"De Kwinkelier 38","city":"Bilthoven","postcode":"3722AR","osm":"node/3004671352"}},{"type":"Feature","id":3004761677,"geometry":{"type":"Point","coordinates":[5.189383,52.125749]},"properties":{"chain":"aldi","name":"ALDI","street":"Leyenseweg 125","city":"Bilthoven","postcode":"3721BC","osm":"node/3004761677"}},{"type":"Feature","id":3004895312,"geometry":{"type":"Point","coordinates":[5.686091,51.561269]},"properties":{"chain":"jumbo","name":"Jumbo","street":"Pastoor Poellplein 9","city":"Gemert","postcode":"5421PL","osm":"node/3004895312"}},{"type":"Feature","id":3005544212,"geometry":{"type":"Point","coordinates":[5.684864,51.553566]},"properties":{"chain":"ah","name":"Albert Heijn","street":"Kapelaanstraat 25","city":"Gemert","postcode":"5421DD","osm":"node/3005544212"}},{"type":"Feature","id":3005556592,"geometry":{"type":"Point","coordinates":[5.683466,51.556988]},"properties":{"chain":"lidl","name":"Lidl","street":"Grootmeestersstraat 9","city":"Gemert","postcode":"5421KK","osm":"node/3005556592"}},{"type":"Feature","id":3006459504,"geometry":{"type":"Point","coordinates":[5.618861,51.655045]},"properties":{"chain":"plus","name":"PLUS","street":"Botermarkt 9","city":"Uden","postcode":"5404NV","osm":"node/3006459504"}},{"type":"Feature","id":3006496509,"geometry":{"type":"Point","coordinates":[5.610021,51.658019]},"properties":{"chain":"lidl","name":"Lidl","street":"St. Janstraat 54","city":"Uden","postcode":"5401BB","osm":"node/3006496509"}},{"type":"Feature","id":3006611214,"geometry":{"type":"Point","coordinates":[5.620909,51.655078]},"properties":{"chain":"jumbo","name":"Jumbo","street":"Losplaats 2","city":"Uden","postcode":"5404NJ","osm":"node/3006611214"}},{"type":"Feature","id":3008677082,"geometry":{"type":"Point","coordinates":[5.983408,51.329407]},"properties":{"chain":"ah","name":"Albert Heijn Jan Linders","street":"Kepringelehof 3","city":"Panningen","postcode":"5981CP","osm":"node/3008677082"}},{"type":"Feature","id":3008710706,"geometry":{"type":"Point","coordinates":[5.838962,51.919345]},"properties":{"chain":"ah","name":"Albert Heijn","street":"Valburgseweg 20","city":"Elst","postcode":"6661EV","osm":"node/3008710706"}},{"type":"Feature","id":3008713453,"geometry":{"type":"Point","coordinates":[5.86126,51.922135]},"properties":{"chain":"jumbo","name":"Jumbo","street":"Basilica 19","city":"Elst","postcode":"6661TT","osm":"node/3008713453"}},{"type":"Feature","id":3009032815,"geometry":{"type":"Point","coordinates":[5.975641,51.326614]},"properties":{"chain":"jumbo","name":"Jumbo Harald & Ilse van Beek","street":"Kerkstraat 43","city":"Panningen","postcode":"5981CD","osm":"node/3009032815"}},{"type":"Feature","id":3011169764,"geometry":{"type":"Point","coordinates":[5.077429,52.041263]},"properties":{"chain":"ah","name":"Albert Heijn","street":"Muntplein 20","city":"Nieuwegein","postcode":"3437AP","osm":"node/3011169764"}},{"type":"Feature","id":3011364913,"geometry":{"type":"Point","coordinates":[5.608854,51.669395]},"properties":{"chain":"aldi","name":"ALDI","street":"Bitswijk 10A","city":"Uden","postcode":"5401JB","osm":"node/3011364913"}},{"type":"Feature","id":3014113221,"geometry":{"type":"Point","coordinates":[5.673232,51.974011]},"properties":{"chain":"aldi","name":"ALDI","street":"Geertjesweg 4","city":"Wageningen","postcode":"6706EC","osm":"node/3014113221"}},{"type":"Feature","id":3014918969,"geometry":{"type":"Point","coordinates":[5.727997,51.971581]},"properties":{"chain":"ah","name":"Albert Heijn","street":"Dorpsstraat 118","city":"Renkum","postcode":"6871AR","osm":"node/3014918969"}},{"type":"Feature","id":3015173572,"geometry":{"type":"Point","coordinates":[5.794817,51.979322]},"properties":{"chain":"jumbo","name":"Jumbo","street":"Mozartlaan 66","city":"Doorwerth","postcode":"6865GC","osm":"node/3015173572"}},{"type":"Feature","id":3016629650,"geometry":{"type":"Point","coordinates":[5.813586,51.961061]},"properties":{"chain":"ah","name":"Albert Heijn","street":"Polenplein 24a","city":"Driel","postcode":"6665CN","osm":"node/3016629650"}},{"type":"Feature","id":3017134858,"geometry":{"type":"Point","coordinates":[5.711857,51.929335]},"properties":{"chain":"jumbo","name":"Jumbo","street":"Julianaplein 8","city":"Zetten","postcode":"6671CA","osm":"node/3017134858"}},{"type":"Feature","id":3018204951,"geometry":{"type":"Point","coordinates":[5.574031,51.935061]},"properties":{"chain":"plus","name":"PLUS","street":"Stationsstraat 1","city":"Kesteren","postcode":"4041CH","osm":"node/3018204951"}},{"type":"Feature","id":3018304345,"geometry":{"type":"Point","coordinates":[5.565659,51.906296]},"properties":{"chain":"aldi","name":"ALDI","street":"Dokter M. van Drielplein 3","city":"Ochten","postcode":"4051AX","osm":"node/3018304345"}},{"type":"Feature","id":3019930360,"geometry":{"type":"Point","coordinates":[5.426868,51.896411]},"properties":{"chain":"plus","name":"PLUS","street":"Laan van Westroijen 61","city":"Tiel","postcode":"4003AX","osm":"node/3019930360"}},{"type":"Feature","id":3019995906,"geometry":{"type":"Point","coordinates":[5.408009,51.892585]},"properties":{"chain":"plus","name":"PLUS","street":"Wilhelmina Druckerstraat 1","city":"Tiel","postcode":"4003ZN","osm":"node/3019995906"}},{"type":"Feature","id":3024054410,"geometry":{"type":"Point","coordinates":[5.460134,51.564348]},"properties":{"chain":"ah","name":"Albert Heijn","street":"Markt 18","city":"Sint-Oedenrode","postcode":"5492AB","osm":"node/3024054410"}},{"type":"Feature","id":3035637932,"geometry":{"type":"Point","coordinates":[5.12364,52.07277]},"properties":{"chain":"lidl","name":"Lidl","street":"Smaragdplein 101","city":"Utrecht","postcode":"3523ED","osm":"node/3035637932"}},{"type":"Feature","id":3035644373,"geometry":{"type":"Point","coordinates":[5.125207,52.072323]},"properties":{"chain":"plus","name":"PLUS","osm":"node/3035644373"}},{"type":"Feature","id":3041578479,"geometry":{"type":"Point","coordinates":[5.089027,52.113514]},"properties":{"chain":"ah","name":"Albert Heijn","street":"Doornburglaan 2","city":"Utrecht","postcode":"3554EP","osm":"node/3041578479"}},{"type":"Feature","id":3043849160,"geometry":{"type":"Point","coordinates":[5.127727,52.115477]},"properties":{"chain":"jumbo","name":"Jumbo","street":"Euterpedreef 10","city":"Utrecht","postcode":"3561CV","osm":"node/3043849160"}},{"type":"Feature","id":3043877102,"geometry":{"type":"Point","coordinates":[5.110045,52.114138]},"properties":{"chain":"lidl","name":"Lidl","street":"Roelantdreef 1","city":"Utrecht","postcode":"3562KA","osm":"node/3043877102"}},{"type":"Feature","id":3047983281,"geometry":{"type":"Point","coordinates":[6.885226,53.110808]},"properties":{"chain":"aldi","name":"ALDI","street":"Beneden Oosterdiep 165-06","city":"Veendam","postcode":"9645LN","osm":"node/3047983281"}},{"type":"Feature","id":3051809237,"geometry":{"type":"Point","coordinates":[4.229261,52.008465]},"properties":{"chain":"ah","name":"Albert Heijn","street":"Dijkstraat 102","city":"Honselersdijk","postcode":"2675AZ","osm":"node/3051809237"}},{"type":"Feature","id":3059319362,"geometry":{"type":"Point","coordinates":[4.759447,51.825911]},"properties":{"chain":"jumbo","name":"Jumbo","street":"Populierenhof 84","city":"Sliedrecht","postcode":"3363HN","osm":"node/3059319362"}},{"type":"Feature","id":3062943157,"geometry":{"type":"Point","coordinates":[5.824405,53.179375]},"properties":{"chain":"jumbo","name":"Jumbo Els Boek","street":"Kruisdobbe 4","city":"Leeuwarden","postcode":"8939BB","osm":"node/3062943157"}},{"type":"Feature","id":3062983501,"geometry":{"type":"Point","coordinates":[6.666955,52.368688]},"properties":{"chain":"plus","name":"PLUS Wemekamp","street":"Vriezenveenseweg 84","city":"Almelo","postcode":"7602AJ","osm":"node/3062983501"}},{"type":"Feature","id":3063353928,"geometry":{"type":"Point","coordinates":[5.412572,53.173876]},"properties":{"chain":"ah","name":"Albert Heijn","street":"Zuiderhaven 8","city":"Harlingen","postcode":"8861XB","osm":"node/3063353928"}},{"type":"Feature","id":3063422834,"geometry":{"type":"Point","coordinates":[5.550652,53.187857]},"properties":{"chain":"lidl","name":"Lidl","street":"Leeuwarderweg 4","city":"Franeker","postcode":"8801BV","osm":"node/3063422834"}},{"type":"Feature","id":3063796077,"geometry":{"type":"Point","coordinates":[4.725875,52.045657]},"properties":{"chain":"jumbo","name":"Jumbo","street":"Miereakker 18","city":"Reeuwijk","postcode":"2811BB","osm":"node/3063796077"}},{"type":"Feature","id":3064547665,"geometry":{"type":"Point","coordinates":[5.81755,53.191364]},"properties":{"chain":"aldi","name":"ALDI","street":"Tijnjedijk 76f","city":"Leeuwarden","postcode":"8936AD","osm":"node/3064547665"}},{"type":"Feature","id":3064595940,"geometry":{"type":"Point","coordinates":[5.798787,53.194289]},"properties":{"chain":"ah","name":"Albert Heijn","street":"Schrans 121","city":"Leeuwarden","postcode":"8932ND","osm":"node/3064595940"}},{"type":"Feature","id":3064642261,"geometry":{"type":"Point","coordinates":[5.789907,53.185195]},"properties":{"chain":"lidl","name":"Lidl","street":"Willem-Alexanderplein 1","city":"Leeuwarden","postcode":"8931DW","osm":"node/3064642261"}},{"type":"Feature","id":3064861410,"geometry":{"type":"Point","coordinates":[5.764863,53.256797]},"properties":{"chain":"ah","name":"Albert Heijn","street":"Wythústerwei 12","city":"Stiens","postcode":"9051EJ","osm":"node/3064861410"}},{"type":"Feature","id":3064863200,"geometry":{"type":"Point","coordinates":[5.758258,53.258336]},"properties":{"chain":"lidl","name":"Lidl","street":"Uniawei 2","city":"Stiens","postcode":"9051BC","osm":"node/3064863200"}},{"type":"Feature","id":3065671449,"geometry":{"type":"Point","coordinates":[5.813419,53.205168]},"properties":{"chain":"jumbo","name":"Jumbo","street":"Cambuurplein 66","city":"Leeuwarden","postcode":"8921RG","osm":"node/3065671449"}},{"type":"Feature","id":3067119928,"geometry":{"type":"Point","coordinates":[6.677437,52.366249]},"properties":{"chain":"aldi","name":"ALDI","street":"Ootmarsumsestraat 240","city":"Almelo","postcode":"7603AP","osm":"node/3067119928"}},{"type":"Feature","id":3076365340,"geometry":{"type":"Point","coordinates":[5.226193,52.341776]},"properties":{"chain":"ah","name":"Albert Heijn","street":"Markenlaan 3","city":"Almere","postcode":"1355BA","osm":"node/3076365340"}},{"type":"Feature","id":3079030462,"geometry":{"type":"Point","coordinates":[5.088771,52.037981]},"properties":{"chain":"plus","name":"PLUS","street":"Nedereind winkelcentrum 10","city":"Nieuwegein","osm":"node/3079030462"}},{"type":"Feature","id":3096871893,"geometry":{"type":"Point","coordinates":[5.478493,52.227553]},"properties":{"chain":"lidl","name":"Lidl","street":"Ampèrestraat 5","city":"Nijkerk","postcode":"3861NC","osm":"node/3096871893"}},{"type":"Feature","id":3116686578,"geometry":{"type":"Point","coordinates":[4.487208,51.920202]},"properties":{"chain":"ah","name":"Albert Heijn","street":"Grotemarkt 98","city":"Rotterdam","postcode":"3011PA","osm":"node/3116686578"}},{"type":"Feature","id":3123841265,"geometry":{"type":"Point","coordinates":[4.322261,52.070692]},"properties":{"chain":"ah","name":"Albert Heijn","street":"Stationsplein 75","city":"'s-Gravenhage","postcode":"2515BX","osm":"node/3123841265"}},{"type":"Feature","id":3126783465,"geometry":{"type":"Point","coordinates":[5.833604,51.885316]},"properties":{"chain":"lidl","name":"Lidl","street":"Stationsstraat 19","city":"Oosterhout","postcode":"6678AA","osm":"node/3126783465"}},{"type":"Feature","id":3131096236,"geometry":{"type":"Point","coordinates":[4.314273,51.587211]},"properties":{"chain":"ah","name":"Albert Heijn","street":"Lindenburghlaan 1","city":"Steenbergen","postcode":"4651TM","osm":"node/3131096236"}},{"type":"Feature","id":3142727299,"geometry":{"type":"Point","coordinates":[6.733415,52.662054]},"properties":{"chain":"lidl","name":"Lidl","street":"E D S plein 4","city":"Coevorden","postcode":"7741KE","osm":"node/3142727299"}},{"type":"Feature","id":3152622901,"geometry":{"type":"Point","coordinates":[5.430554,52.193935]},"properties":{"chain":"jumbo","name":"Jumbo","street":"Ursulapolder 1","city":"Amersfoort","postcode":"3825LS","osm":"node/3152622901"}},{"type":"Feature","id":3164343040,"geometry":{"type":"Point","coordinates":[5.091672,52.09141]},"properties":{"chain":"aldi","name":"ALDI","street":"Haroekoeplein 12","city":"Utrecht","postcode":"3531WN","osm":"node/3164343040"}},{"type":"Feature","id":3166442368,"geometry":{"type":"Point","coordinates":[5.393944,51.511491]},"properties":{"chain":"ah","name":"Albert Heijn","street":"Boterhoek 17","city":"Best","postcode":"5683AS","osm":"node/3166442368"}},{"type":"Feature","id":3172223896,"geometry":{"type":"Point","coordinates":[5.231506,52.389147]},"properties":{"chain":"ah","name":"Albert Heijn","street":"Botplein 15","city":"Almere","postcode":"1317SK","osm":"node/3172223896"}},{"type":"Feature","id":3189661629,"geometry":{"type":"Point","coordinates":[5.569294,52.137549]},"properties":{"chain":"lidl","name":"Lidl","street":"Oldenbarnevelderweg 155","city":"Barneveld","postcode":"3772GE","osm":"node/3189661629"}},{"type":"Feature","id":3196230761,"geometry":{"type":"Point","coordinates":[6.73421,52.662183]},"properties":{"chain":"aldi","name":"ALDI","street":"E D S plein 2","city":"Coevorden","postcode":"7741KE","osm":"node/3196230761"}},{"type":"Feature","id":3197715863,"geometry":{"type":"Point","coordinates":[5.83858,53.211026]},"properties":{"chain":"ah","name":"Albert Heijn","street":"Lieuwenburg 116","city":"Leeuwarden","postcode":"8925CL","osm":"node/3197715863"}},{"type":"Feature","id":3200447261,"geometry":{"type":"Point","coordinates":[6.733845,52.662131]},"properties":{"chain":"jumbo","name":"Jumbo","street":"E D S plein 3","city":"Coevorden","postcode":"7741KH","osm":"node/3200447261"}},{"type":"Feature","id":3220604450,"geometry":{"type":"Point","coordinates":[6.069627,50.863681]},"properties":{"chain":"jumbo","name":"Jumbo","street":"O.L.Vrouwestraat 5","city":"Kerkrade","postcode":"6461BM","osm":"node/3220604450"}},{"type":"Feature","id":3226400477,"geometry":{"type":"Point","coordinates":[4.317094,51.588312]},"properties":{"chain":"aldi","name":"ALDI","osm":"node/3226400477"}},{"type":"Feature","id":3246854349,"geometry":{"type":"Point","coordinates":[5.794009,51.834224]},"properties":{"chain":"lidl","name":"Lidl","street":"Horstacker 1599","city":"Nijmegen","postcode":"6546EW","osm":"node/3246854349"}},{"type":"Feature","id":3256291067,"geometry":{"type":"Point","coordinates":[6.316126,52.103238]},"properties":{"chain":"aldi","name":"ALDI","street":"De Bleek 4","city":"Vorden","postcode":"7251SG","osm":"node/3256291067"}},{"type":"Feature","id":3283865266,"geometry":{"type":"Point","coordinates":[5.972856,51.69668]},"properties":{"chain":"ah","name":"Albert Heijn","street":"Wilhelminaplein 4","city":"Gennep","postcode":"6591GX","osm":"node/3283865266"}},{"type":"Feature","id":3292791003,"geometry":{"type":"Point","coordinates":[5.044251,52.101412]},"properties":{"chain":"ah","name":"Albert Heijn","street":"Ella Fitzgeraldplein 6","city":"Utrecht","postcode":"3543EP","osm":"node/3292791003"}},{"type":"Feature","id":3297175777,"geometry":{"type":"Point","coordinates":[6.308433,52.053432]},"properties":{"chain":"ah","name":"Albert Heijn","street":"Raadhuisstraat 24","city":"Hengelo (Gld)","postcode":"7255BN","osm":"node/3297175777"}},{"type":"Feature","id":3314332383,"geometry":{"type":"Point","coordinates":[6.000462,52.188273]},"properties":{"chain":"plus","name":"PLUS","osm":"node/3314332383"}},{"type":"Feature","id":3325117432,"geometry":{"type":"Point","coordinates":[5.908758,51.966536]},"properties":{"chain":"aldi","name":"ALDI","street":"Middelgraaflaan 20","city":"Arnhem","postcode":"6832AR","osm":"node/3325117432"}},{"type":"Feature","id":3344705728,"geometry":{"type":"Point","coordinates":[4.755936,51.576775]},"properties":{"chain":"jumbo","name":"Jumbo","street":"Dr. Struyckenplein 60","city":"Breda","postcode":"4812TA","osm":"node/3344705728"}},{"type":"Feature","id":3344720591,"geometry":{"type":"Point","coordinates":[4.756043,51.577159]},"properties":{"chain":"lidl","name":"Lidl","street":"Dr. Struyckenplein 2","city":"Breda","postcode":"4812TA","osm":"node/3344720591"}},{"type":"Feature","id":3348926161,"geometry":{"type":"Point","coordinates":[5.849508,51.837076]},"properties":{"chain":"aldi","name":"ALDI","osm":"node/3348926161"}},{"type":"Feature","id":3362988984,"geometry":{"type":"Point","coordinates":[5.614982,51.656424]},"properties":{"chain":"ah","name":"Albert Heijn","street":"Markt 19","city":"Uden","postcode":"5401GN","osm":"node/3362988984"}},{"type":"Feature","id":3365511506,"geometry":{"type":"Point","coordinates":[5.612578,51.669461]},"properties":{"chain":"jumbo","name":"Jumbo","street":"Muziekplein 11","city":"Uden","postcode":"5402CR","osm":"node/3365511506"}},{"type":"Feature","id":3368439347,"geometry":{"type":"Point","coordinates":[5.998481,51.190103]},"properties":{"chain":"aldi","name":"ALDI","street":"Nassaustraat 78","city":"Roermond","postcode":"6043ED","osm":"node/3368439347"}},{"type":"Feature","id":3369633337,"geometry":{"type":"Point","coordinates":[4.700879,52.671222]},"properties":{"chain":"ah","name":"Albert Heijn","street":"Breelaan 14","city":"Bergen (NH)","postcode":"1861GE","osm":"node/3369633337"}},{"type":"Feature","id":3402776942,"geometry":{"type":"Point","coordinates":[5.93242,51.978761]},"properties":{"chain":"aldi","name":"ALDI","street":"Johan de Wittlaan 258","city":"Arnhem","postcode":"6828WS","osm":"node/3402776942"}},{"type":"Feature","id":3408860773,"geometry":{"type":"Point","coordinates":[4.924227,52.350833]},"properties":{"chain":"lidl","name":"Lidl","street":"Nobelweg 27","city":"Amsterdam","postcode":"1097AR","osm":"node/3408860773"}},{"type":"Feature","id":3432185658,"geometry":{"type":"Point","coordinates":[4.736183,52.619689]},"properties":{"chain":"ah","name":"Albert Heijn XL","street":"Wendelaarstraat 1","city":"Alkmaar","postcode":"1814GR","osm":"node/3432185658"}},{"type":"Feature","id":3434756203,"geometry":{"type":"Point","coordinates":[6.306229,52.053844]},"properties":{"chain":"plus","name":"PLUS","street":"Raadhuisstraat 53","city":"Hengelo (Gld)","postcode":"7255BL","osm":"node/3434756203"}},{"type":"Feature","id":3439221200,"geometry":{"type":"Point","coordinates":[6.462089,51.943107]},"properties":{"chain":"plus","name":"PLUS","osm":"node/3439221200"}},{"type":"Feature","id":3439308941,"geometry":{"type":"Point","coordinates":[4.478532,52.066652]},"properties":{"chain":"jumbo","name":"Jumbo","osm":"node/3439308941"}},{"type":"Feature","id":3441602391,"geometry":{"type":"Point","coordinates":[5.971989,51.699389]},"properties":{"chain":"aldi","name":"ALDI","street":"Martinushof 1","city":"Gennep","postcode":"6591DM","osm":"node/3441602391"}},{"type":"Feature","id":3450648870,"geometry":{"type":"Point","coordinates":[4.763011,52.310145]},"properties":{"chain":"ah","name":"Albert Heijn","street":"Aankomstpassage 36","city":"Schiphol","postcode":"1118AX","osm":"node/3450648870"}},{"type":"Feature","id":3451193359,"geometry":{"type":"Point","coordinates":[6.458138,52.604047]},"properties":{"chain":"aldi","name":"ALDI","osm":"node/3451193359"}},{"type":"Feature","id":3487998787,"geometry":{"type":"Point","coordinates":[4.342848,52.013916]},"properties":{"chain":"ah","name":"Albert Heijn","street":"W.H. van Leeuwenlaan 1","city":"Delft","postcode":"2613ZE","osm":"node/3487998787"}},{"type":"Feature","id":3491373722,"geometry":{"type":"Point","coordinates":[5.96866,52.2878]},"properties":{"chain":"ah","name":"Albert Heijn","street":"Dorpsstraat 69D","city":"Vaassen","postcode":"8171BM","osm":"node/3491373722"}},{"type":"Feature","id":3494666290,"geometry":{"type":"Point","coordinates":[5.789015,52.286728]},"properties":{"chain":"plus","name":"PLUS","street":"Uddelerweg 71","city":"Elspeet","postcode":"8075CH","osm":"node/3494666290"}},{"type":"Feature","id":3499002806,"geometry":{"type":"Point","coordinates":[4.650898,52.040128]},"properties":{"chain":"lidl","name":"Lidl","street":"Promenade 91","city":"Waddinxveen","postcode":"2741NL","osm":"node/3499002806"}},{"type":"Feature","id":3499002807,"geometry":{"type":"Point","coordinates":[4.650951,52.040349]},"properties":{"chain":"jumbo","name":"Jumbo","street":"Promenade 89","city":"Waddinxveen","postcode":"2741NL","osm":"node/3499002807"}},{"type":"Feature","id":3511855081,"geometry":{"type":"Point","coordinates":[3.592759,51.548388]},"properties":{"chain":"plus","name":"PLUS","street":"Herdershof 45","city":"Serooskerke","postcode":"4353EZ","osm":"node/3511855081"}},{"type":"Feature","id":3514559322,"geometry":{"type":"Point","coordinates":[5.299259,51.657144]},"properties":{"chain":"jumbo","name":"Jumbo","street":"Raadhuisstraat 3G","city":"Vught","postcode":"5261EH","osm":"node/3514559322"}},{"type":"Feature","id":3517208617,"geometry":{"type":"Point","coordinates":[4.479555,51.940282]},"properties":{"chain":"lidl","name":"Lidl","street":"Bergweg 26","city":"Rotterdam","postcode":"3036BA","osm":"node/3517208617"}},{"type":"Feature","id":3550509402,"geometry":{"type":"Point","coordinates":[5.046259,52.101345]},"properties":{"chain":"aldi","name":"ALDI","street":"Ella Fitzgeraldplein 191","city":"Utrecht","postcode":"3543EN","osm":"node/3550509402"}},{"type":"Feature","id":3564450109,"geometry":{"type":"Point","coordinates":[6.467847,52.365041]},"properties":{"chain":"aldi","name":"ALDI","street":"Grotestraat 90-96","city":"Nijverdal","postcode":"7443BL","osm":"node/3564450109"}},{"type":"Feature","id":3577090940,"geometry":{"type":"Point","coordinates":[4.505214,51.903514]},"properties":{"chain":"ah","name":"Albert Heijn","street":"Laan op Zuid 1190","city":"Rotterdam","postcode":"3071AC","osm":"node/3577090940"}},{"type":"Feature","id":3590701162,"geometry":{"type":"Point","coordinates":[4.852892,52.674929]},"properties":{"chain":"aldi","name":"ALDI","street":"Berckheidelaan 4","city":"Heerhugowaard","postcode":"1701VG","osm":"node/3590701162"}},{"type":"Feature","id":3641366527,"geometry":{"type":"Point","coordinates":[5.434008,51.44197]},"properties":{"chain":"lidl","name":"Lidl","street":"Lievendaalseweg 5","city":"Eindhoven","postcode":"5652SB","osm":"node/3641366527"}},{"type":"Feature","id":3648419036,"geometry":{"type":"Point","coordinates":[6.099944,52.234841]},"properties":{"chain":"jumbo","name":"Jumbo","street":"Michiel de Ruyterstraat 101","city":"Twello","postcode":"7391CT","osm":"node/3648419036"}},{"type":"Feature","id":3665671437,"geometry":{"type":"Point","coordinates":[5.458183,51.353204]},"properties":{"chain":"ah","name":"Albert Heijn","street":"Corridor 24","city":"Valkenswaard","postcode":"5554HN","osm":"node/3665671437"}},{"type":"Feature","id":3673233056,"geometry":{"type":"Point","coordinates":[5.643078,52.050711]},"properties":{"chain":"aldi","name":"ALDI","street":"Parkweide 28","city":"Ede","postcode":"6718DJ","osm":"node/3673233056"}},{"type":"Feature","id":3673233057,"geometry":{"type":"Point","coordinates":[5.644071,52.050797]},"properties":{"chain":"ah","name":"Albert Heijn","street":"Parkweide 14","city":"Ede","postcode":"6718DJ","osm":"node/3673233057"}},{"type":"Feature","id":3698513433,"geometry":{"type":"Point","coordinates":[4.719202,51.599906]},"properties":{"chain":"jumbo","name":"Jumbo","osm":"node/3698513433"}},{"type":"Feature","id":3715266181,"geometry":{"type":"Point","coordinates":[5.733994,51.972595]},"properties":{"chain":"plus","name":"PLUS","osm":"node/3715266181"}},{"type":"Feature","id":3721693221,"geometry":{"type":"Point","coordinates":[4.870686,52.370859]},"properties":{"chain":"ah","name":"Albert Heijn","street":"Bilderdijkstraat 37","city":"Amsterdam","postcode":"1053KK","osm":"node/3721693221"}},{"type":"Feature","id":3729650943,"geometry":{"type":"Point","coordinates":[5.832062,53.094497]},"properties":{"chain":"lidl","name":"Lidl","street":"J.W. de Visserwei 1","city":"Grou","postcode":"9001ZE","osm":"node/3729650943"}},{"type":"Feature","id":3736614664,"geometry":{"type":"Point","coordinates":[4.604713,51.643989]},"properties":{"chain":"ah","name":"Albert Heijn","street":"Molenstraat 17a","city":"Zevenbergen","postcode":"4761CJ","osm":"node/3736614664"}},{"type":"Feature","id":3741946519,"geometry":{"type":"Point","coordinates":[6.290863,52.573104]},"properties":{"chain":"plus","name":"PLUS","osm":"node/3741946519"}},{"type":"Feature","id":3769971273,"geometry":{"type":"Point","coordinates":[5.537493,52.074022]},"properties":{"chain":"plus","name":"PLUS","street":"Dorpsplein 14","city":"Renswoude","postcode":"3927WC","osm":"node/3769971273"}},{"type":"Feature","id":3771893614,"geometry":{"type":"Point","coordinates":[4.857721,52.371504]},"properties":{"chain":"ah","name":"Albert Heijn","street":"Jan Evertsenstraat 24","city":"Amsterdam","postcode":"1056EC","osm":"node/3771893614"}},{"type":"Feature","id":3773521963,"geometry":{"type":"Point","coordinates":[4.939541,52.397239]},"properties":{"chain":"ah","name":"Albert Heijn","street":"Buikslotermeerplein 310","city":"Amsterdam","postcode":"1025GB","osm":"node/3773521963"}},{"type":"Feature","id":3783036242,"geometry":{"type":"Point","coordinates":[6.390584,53.162534]},"properties":{"chain":"ah","name":"Albert Heijn","street":"Samuël Leviestraat 21","city":"Leek","postcode":"9351BM","osm":"node/3783036242"}},{"type":"Feature","id":3791760510,"geometry":{"type":"Point","coordinates":[4.651987,52.041387]},"properties":{"chain":"ah","name":"Albert Heijn","street":"Binnendoor 4","city":"Waddinxveen","postcode":"2741NP","osm":"node/3791760510"}},{"type":"Feature","id":3802651657,"geometry":{"type":"Point","coordinates":[4.617088,52.377609]},"properties":{"chain":"ah","name":"Albert Heijn","street":"Menno Simonszplein 6","city":"Haarlem","postcode":"2014SC","osm":"node/3802651657"}},{"type":"Feature","id":3830923062,"geometry":{"type":"Point","coordinates":[4.630003,51.89403]},"properties":{"chain":"ah","name":"Albert Heijn","street":"De Markt 317","city":"Krimpen aan de Lek","postcode":"2931EC","osm":"node/3830923062"}},{"type":"Feature","id":3832063358,"geometry":{"type":"Point","coordinates":[5.234227,52.69799]},"properties":{"chain":"ah","name":"Albert Heijn","street":"De Middend 250-252","city":"Bovenkarspel","postcode":"1611KN","osm":"node/3832063358"}},{"type":"Feature","id":3832654634,"geometry":{"type":"Point","coordinates":[5.489656,52.223934]},"properties":{"chain":"jumbo","name":"Jumbo","street":"Molenplein 15","city":"Nijkerk","postcode":"3862JL","osm":"node/3832654634"}},{"type":"Feature","id":3833597877,"geometry":{"type":"Point","coordinates":[4.477566,52.043147]},"properties":{"chain":"jumbo","name":"Jumbo","osm":"node/3833597877"}},{"type":"Feature","id":3836926033,"geometry":{"type":"Point","coordinates":[4.891796,52.359713]},"properties":{"chain":"ah","name":"Albert Heijn","street":"Weteringschans 165D","city":"Amsterdam","postcode":"1017XD","osm":"node/3836926033"}},{"type":"Feature","id":3839476581,"geometry":{"type":"Point","coordinates":[6.422032,52.282863]},"properties":{"chain":"aldi","name":"ALDI","street":"Zwartepad 14","city":"Holten","postcode":"7451BJ","osm":"node/3839476581"}},{"type":"Feature","id":3840004144,"geometry":{"type":"Point","coordinates":[5.96484,51.51945]},"properties":{"chain":"jumbo","name":"Jumbo Winters","street":"Veltumse Kleffen 48","city":"Venray","postcode":"5801SH","osm":"node/3840004144"}},{"type":"Feature","id":3847031127,"geometry":{"type":"Point","coordinates":[4.226329,51.536303]},"properties":{"chain":"ah","name":"Albert Heijn","street":"Terreplein 4","city":"Tholen","postcode":"4691AA","osm":"node/3847031127"}},{"type":"Feature","id":3847031141,"geometry":{"type":"Point","coordinates":[4.226783,51.536597]},"properties":{"chain":"aldi","name":"ALDI","street":"Terreplein 8","city":"Tholen","postcode":"4691AA","osm":"node/3847031141"}},{"type":"Feature","id":3855337212,"geometry":{"type":"Point","coordinates":[3.617638,51.486396]},"properties":{"chain":"jumbo","name":"Jumbo","street":"Johan van Reigersbergstraat 11","city":"Middelburg","postcode":"4336XA","osm":"node/3855337212"}},{"type":"Feature","id":3855337217,"geometry":{"type":"Point","coordinates":[3.480587,51.502967]},"properties":{"chain":"jumbo","name":"Jumbo van den Berg","street":"Westkapelseweg 10","city":"Zoutelande","postcode":"4374BB","osm":"node/3855337217"}},{"type":"Feature","id":3867952219,"geometry":{"type":"Point","coordinates":[4.455093,51.99066]},"properties":{"chain":"jumbo","name":"Jumbo","street":"Westpolderstraat 86","city":"Berkel en Rodenrijs","postcode":"2652KW","osm":"node/3867952219"}},{"type":"Feature","id":3868141871,"geometry":{"type":"Point","coordinates":[4.73151,52.010501]},"properties":{"chain":"jumbo","name":"Jumbo","street":"Sportlaan 4a","city":"Gouda","postcode":"2806HC","osm":"node/3868141871"}},{"type":"Feature","id":3868141872,"geometry":{"type":"Point","coordinates":[4.731559,52.010236]},"properties":{"chain":"lidl","name":"Lidl","street":"Sportlaan 4b","city":"Gouda","postcode":"2806HC","osm":"node/3868141872"}},{"type":"Feature","id":3869453159,"geometry":{"type":"Point","coordinates":[4.543241,52.076582]},"properties":{"chain":"plus","name":"PLUS","street":"Prins Willem-Alexanderplein 7","city":"Benthuizen","postcode":"2731EJ","osm":"node/3869453159"}},{"type":"Feature","id":3874703860,"geometry":{"type":"Point","coordinates":[5.394448,51.49713]},"properties":{"chain":"lidl","name":"Lidl","street":"Wilhelminaplein 78","city":"Best","postcode":"5684VN","osm":"node/3874703860"}},{"type":"Feature","id":3876335342,"geometry":{"type":"Point","coordinates":[5.747168,51.404163]},"properties":{"chain":"ah","name":"Albert Heijn","street":"Burgemeester Frenckenstraat 18","city":"Asten","postcode":"5721EZ","osm":"node/3876335342"}},{"type":"Feature","id":3882611955,"geometry":{"type":"Point","coordinates":[5.688747,50.850736]},"properties":{"chain":"ah","name":"Albert Heijn","street":"Helmstraat 2","city":"Maastricht","postcode":"6211TA","osm":"node/3882611955"}},{"type":"Feature","id":3890773000,"geometry":{"type":"Point","coordinates":[4.025533,51.806063]},"properties":{"chain":"plus","name":"PLUS","street":"Oranjeplein 1","city":"Stellendam","postcode":"3251XE","osm":"node/3890773000"}},{"type":"Feature","id":3902037374,"geometry":{"type":"Point","coordinates":[4.74246,52.083599]},"properties":{"chain":"aldi","name":"ALDI","street":"Doortocht 9","city":"Bodegraven","postcode":"2411DS","osm":"node/3902037374"}},{"type":"Feature","id":3902291710,"geometry":{"type":"Point","coordinates":[4.583749,51.924101]},"properties":{"chain":"plus","name":"PLUS","street":"Slotplein 16","city":"Capelle aan den IJssel","postcode":"2902HP","osm":"node/3902291710"}},{"type":"Feature","id":3907319613,"geometry":{"type":"Point","coordinates":[4.492679,51.799125]},"properties":{"chain":"plus","name":"PLUS","street":"J.A. Tiggelmanstraat 2","city":"Mijnsheerenland","postcode":"3271SG","osm":"node/3907319613"}},{"type":"Feature","id":3934386165,"geometry":{"type":"Point","coordinates":[6.202667,52.20217]},"properties":{"chain":"jumbo","name":"Jumbo","street":"Nijverheidstraat 22","city":"Gorssel","postcode":"7213DB","osm":"node/3934386165"}},{"type":"Feature","id":3934887549,"geometry":{"type":"Point","coordinates":[5.995789,52.235648]},"properties":{"chain":"plus","name":"PLUS","street":"Distelvlinderlaan 38","city":"Apeldoorn","postcode":"7323XA","osm":"node/3934887549"}},{"type":"Feature","id":3972055022,"geometry":{"type":"Point","coordinates":[4.928152,51.442042]},"properties":{"chain":"aldi","name":"ALDI","osm":"node/3972055022"}},{"type":"Feature","id":3973316149,"geometry":{"type":"Point","coordinates":[5.289333,51.686076]},"properties":{"chain":"jumbo","name":"Jumbo","street":"Hofvijver 2","city":"'s-Hertogenbosch","postcode":"5223MC","osm":"node/3973316149"}},{"type":"Feature","id":3977999019,"geometry":{"type":"Point","coordinates":[4.554177,51.745014]},"properties":{"chain":"lidl","name":"Lidl","street":"Striene 1","city":"Strijen","postcode":"3291TZ","osm":"node/3977999019"}},{"type":"Feature","id":3979435947,"geometry":{"type":"Point","coordinates":[5.883064,52.557513]},"properties":{"chain":"aldi","name":"ALDI","street":"Zambonistraat 4A","city":"Kampen","postcode":"8263CE","osm":"node/3979435947"}},{"type":"Feature","id":3996415057,"geometry":{"type":"Point","coordinates":[5.084205,51.691191]},"properties":{"chain":"lidl","name":"Lidl","street":"Suze Groenewegstraat 2","city":"Waalwijk","postcode":"5142TN","osm":"node/3996415057"}},{"type":"Feature","id":3998233189,"geometry":{"type":"Point","coordinates":[5.076675,51.691008]},"properties":{"chain":"jumbo","name":"Jumbo","osm":"node/3998233189"}},{"type":"Feature","id":3999401579,"geometry":{"type":"Point","coordinates":[5.631677,52.301703]},"properties":{"chain":"ah","name":"Albert Heijn","street":"Branderskamp 9","city":"Ermelo","postcode":"3851XV","osm":"node/3999401579"}},{"type":"Feature","id":4003955768,"geometry":{"type":"Point","coordinates":[4.479874,51.890838]},"properties":{"chain":"aldi","name":"ALDI","street":"Ebenhaëzerstraat 15","city":"Rotterdam","postcode":"3083RC","osm":"node/4003955768"}},{"type":"Feature","id":4016245183,"geometry":{"type":"Point","coordinates":[4.846376,51.951816]},"properties":{"chain":"plus","name":"PLUS Rechtuyt","street":"Adam van Vianenstraat 100","city":"Schoonhoven","postcode":"2871VV","osm":"node/4016245183"}},{"type":"Feature","id":4018002357,"geometry":{"type":"Point","coordinates":[6.936062,52.792584]},"properties":{"chain":"lidl","name":"Lidl","street":"Houtweg 151","city":"Emmen","postcode":"7823PH","osm":"node/4018002357"}},{"type":"Feature","id":4041840743,"geometry":{"type":"Point","coordinates":[3.551686,51.565229]},"properties":{"chain":"jumbo","name":"Jumbo","street":"Dorpsstraat 20","city":"Oostkapelle","postcode":"4356AJ","osm":"node/4041840743"}},{"type":"Feature","id":4069497189,"geometry":{"type":"Point","coordinates":[4.837087,52.363275]},"properties":{"chain":"lidl","name":"Lidl","street":"August Allebéplein 269","city":"Amsterdam","postcode":"1062AB","osm":"node/4069497189"}},{"type":"Feature","id":4100028039,"geometry":{"type":"Point","coordinates":[5.847502,51.953789]},"properties":{"chain":"ah","name":"Albert Heijn","street":"Fortunastraat 17","city":"Arnhem","postcode":"6846XZ","osm":"node/4100028039"}},{"type":"Feature","id":4140850753,"geometry":{"type":"Point","coordinates":[4.042734,51.44634]},"properties":{"chain":"aldi","name":"ALDI","street":"Sluisweg 26","city":"Kruiningen","postcode":"4416RL","osm":"node/4140850753"}},{"type":"Feature","id":4144987986,"geometry":{"type":"Point","coordinates":[5.372536,52.064822]},"properties":{"chain":"plus","name":"PLUS","street":"Raadhuislaan 14","city":"Maarn","postcode":"3951CH","osm":"node/4144987986"}},{"type":"Feature","id":4149872227,"geometry":{"type":"Point","coordinates":[4.323743,52.104888]},"properties":{"chain":"ah","name":"Albert Heijn","street":"Theo Mann-Bouwmeesterlaan 19","city":"'s-Gravenhage","postcode":"2597GV","osm":"node/4149872227"}},{"type":"Feature","id":4159699608,"geometry":{"type":"Point","coordinates":[6.086073,52.513636]},"properties":{"chain":"ah","name":"Albert Heijn","street":"Katwolderplein 1","city":"Zwolle","postcode":"8011BT","osm":"node/4159699608"}},{"type":"Feature","id":4165211007,"geometry":{"type":"Point","coordinates":[4.874351,51.697301]},"properties":{"chain":"lidl","name":"Lidl","street":"Touwbaan 36","city":"Raamsdonksveer","postcode":"4941LT","osm":"node/4165211007"}},{"type":"Feature","id":4165745532,"geometry":{"type":"Point","coordinates":[4.51015,51.924874]},"properties":{"chain":"aldi","name":"ALDI","street":"Lusthofstraat 81","city":"Rotterdam","postcode":"3061WL","osm":"node/4165745532"}},{"type":"Feature","id":4166562696,"geometry":{"type":"Point","coordinates":[5.618754,51.442086]},"properties":{"chain":"ah","name":"Albert Heijn","street":"Margrietstraat 47","city":"Mierlo","postcode":"5731BN","osm":"node/4166562696"}},{"type":"Feature","id":4166562698,"geometry":{"type":"Point","coordinates":[5.618695,51.442196]},"properties":{"chain":"lidl","name":"Lidl","street":"Margrietstraat 49","city":"Mierlo","postcode":"5731BN","osm":"node/4166562698"}},{"type":"Feature","id":4192095767,"geometry":{"type":"Point","coordinates":[5.105724,51.552092]},"properties":{"chain":"lidl","name":"Lidl","street":"AaBe-straat 1","city":"Tilburg","postcode":"5021AV","osm":"node/4192095767"}},{"type":"Feature","id":4192099626,"geometry":{"type":"Point","coordinates":[5.10624,51.551547]},"properties":{"chain":"jumbo","name":"Jumbo","street":"AaBe-straat 8","city":"Tilburg","postcode":"5021AV","osm":"node/4192099626"}},{"type":"Feature","id":4213617956,"geometry":{"type":"Point","coordinates":[4.679453,51.800311]},"properties":{"chain":"plus","name":"PLUS Valkzicht","street":"Prof. Waterinklaan 45","city":"Dordrecht","postcode":"3312KM","osm":"node/4213617956"}},{"type":"Feature","id":4217747989,"geometry":{"type":"Point","coordinates":[5.291213,51.94923]},"properties":{"chain":"plus","name":"PLUS","street":"Markt 20","city":"Beusichem","postcode":"4112JS","osm":"node/4217747989"}},{"type":"Feature","id":4226361547,"geometry":{"type":"Point","coordinates":[5.88301,51.346528]},"properties":{"chain":"aldi","name":"ALDI","osm":"node/4226361547"}},{"type":"Feature","id":4236457007,"geometry":{"type":"Point","coordinates":[5.813487,51.83042]},"properties":{"chain":"plus","name":"PLUS","osm":"node/4236457007"}},{"type":"Feature","id":4243101564,"geometry":{"type":"Point","coordinates":[5.022161,52.6819]},"properties":{"chain":"lidl","name":"Lidl","street":"Boogerd 5","city":"Wognum","postcode":"1687VX","osm":"node/4243101564"}},{"type":"Feature","id":4245867899,"geometry":{"type":"Point","coordinates":[5.177726,52.694018]},"properties":{"chain":"ah","name":"Albert Heijn","street":"Streekweg 210","city":"Hoogkarspel","postcode":"1616AN","osm":"node/4245867899"}},{"type":"Feature","id":4249153869,"geometry":{"type":"Point","coordinates":[4.903164,52.407118]},"properties":{"chain":"plus","name":"PLUS","street":"Boomgaardlaan 100","city":"Amsterdam","postcode":"1036KJ","osm":"node/4249153869"}},{"type":"Feature","id":4249154774,"geometry":{"type":"Point","coordinates":[4.915172,52.390356]},"properties":{"chain":"ah","name":"Albert Heijn","street":"Mosveld 129","city":"Amsterdam","postcode":"1031AD","osm":"node/4249154774"}},{"type":"Feature","id":4249158090,"geometry":{"type":"Point","coordinates":[4.903242,52.384763]},"properties":{"chain":"ah","name":"Albert Heijn","street":"Bercylaan 5","city":"Amsterdam","postcode":"1031KP","osm":"node/4249158090"}},{"type":"Feature","id":4252065660,"geometry":{"type":"Point","coordinates":[6.245208,51.876361]},"properties":{"chain":"aldi","name":"ALDI","street":"Molenpoortstraat 16","city":"'s-Heerenberg","postcode":"7041BG","osm":"node/4252065660"}},{"type":"Feature","id":4259447114,"geometry":{"type":"Point","coordinates":[5.462417,51.741376]},"properties":{"chain":"jumbo","name":"Jumbo van der Sangen","street":"Aloysiusplein 1","city":"Geffen","postcode":"5386BD","osm":"node/4259447114"}},{"type":"Feature","id":4259741119,"geometry":{"type":"Point","coordinates":[5.92422,52.957725]},"properties":{"chain":"jumbo","name":"Jumbo","street":"Molenplein 27","city":"Heerenveen","postcode":"8442LM","osm":"node/4259741119"}},{"type":"Feature","id":4259741120,"geometry":{"type":"Point","coordinates":[5.923906,52.95758]},"properties":{"chain":"aldi","name":"ALDI","street":"Molenplein 28","city":"Heerenveen","postcode":"8442LM","osm":"node/4259741120"}},{"type":"Feature","id":4263510226,"geometry":{"type":"Point","coordinates":[5.955929,52.681255]},"properties":{"chain":"aldi","name":"ALDI","street":"Voorpoort 13","city":"Vollenhove","postcode":"8325CL","osm":"node/4263510226"}},{"type":"Feature","id":4268735847,"geometry":{"type":"Point","coordinates":[4.860784,52.374728]},"properties":{"chain":"ah","name":"Albert Heijn","street":"Jan van Galenstraat 87","city":"Amsterdam","postcode":"1056BJ","osm":"node/4268735847"}},{"type":"Feature","id":4270081294,"geometry":{"type":"Point","coordinates":[4.825707,52.281599]},"properties":{"chain":"ah","name":"Albert Heijn","street":"Westwijkplein 7","city":"Amstelveen","postcode":"1187LS","osm":"node/4270081294"}},{"type":"Feature","id":4273043191,"geometry":{"type":"Point","coordinates":[4.778821,52.338633]},"properties":{"chain":"lidl","name":"Lidl","street":"Lorentzplein 31","city":"Badhoevedorp","postcode":"1171BB","osm":"node/4273043191"}},{"type":"Feature","id":4279891347,"geometry":{"type":"Point","coordinates":[4.217891,52.021797]},"properties":{"chain":"jumbo","name":"Jumbo","street":"Rijsenburgerweg 28","city":"Poeldijk","postcode":"2685EB","osm":"node/4279891347"}},{"type":"Feature","id":4290741830,"geometry":{"type":"Point","coordinates":[5.261334,51.833076]},"properties":{"chain":"plus","name":"PLUS","street":"De Vergt 12","city":"Waardenburg","postcode":"4181RA","osm":"node/4290741830"}},{"type":"Feature","id":4300046665,"geometry":{"type":"Point","coordinates":[4.275819,51.492656]},"properties":{"chain":"ah","name":"Albert Heijn","street":"Markiezaatsweg 5","city":"Bergen op Zoom","postcode":"4615PA","osm":"node/4300046665"}},{"type":"Feature","id":4301185248,"geometry":{"type":"Point","coordinates":[5.472495,51.440365]},"properties":{"chain":"jumbo","name":"Jumbo","street":"Victoriapark 90","city":"Eindhoven","postcode":"5611BM","osm":"node/4301185248"}},{"type":"Feature","id":4308877989,"geometry":{"type":"Point","coordinates":[5.709691,50.778164]},"properties":{"chain":"lidl","name":"Lidl","street":"Breusterhof 1","city":"Eijsden","postcode":"6245EL","osm":"node/4308877989"}},{"type":"Feature","id":4320982000,"geometry":{"type":"Point","coordinates":[6.383965,51.890613]},"properties":{"chain":"ah","name":"Albert Heijn","street":"Veldstraat 10","city":"Ulft","postcode":"7071CC","osm":"node/4320982000"}},{"type":"Feature","id":4331183795,"geometry":{"type":"Point","coordinates":[5.711382,51.382775]},"properties":{"chain":"plus","name":"PLUS","street":"Postelstraat 39","city":"Someren","postcode":"5711EM","osm":"node/4331183795"}},{"type":"Feature","id":4340945390,"geometry":{"type":"Point","coordinates":[6.203388,52.13656]},"properties":{"chain":"lidl","name":"Lidl","street":"Emmerikseweg 7","city":"Zutphen","postcode":"7204SB","osm":"node/4340945390"}},{"type":"Feature","id":4346546366,"geometry":{"type":"Point","coordinates":[6.081911,51.284517]},"properties":{"chain":"lidl","name":"Lidl","street":"Greswarenstraat 1","city":"Reuver","postcode":"5953NW","osm":"node/4346546366"}},{"type":"Feature","id":4353252069,"geometry":{"type":"Point","coordinates":[5.474738,51.650741]},"properties":{"chain":"plus","name":"PLUS","street":"Plein 1969 13","city":"Heeswijk-Dinther","postcode":"5473CA","osm":"node/4353252069"}},{"type":"Feature","id":4354656494,"geometry":{"type":"Point","coordinates":[4.472552,51.92111]},"properties":{"chain":"ah","name":"Albert Heijn","street":"Schouwburgplein 85","city":"Rotterdam","postcode":"3012CL","osm":"node/4354656494"}},{"type":"Feature","id":4359305896,"geometry":{"type":"Point","coordinates":[4.799919,52.476597]},"properties":{"chain":"ah","name":"Albert Heijn","street":"John Lennonstraat 265","city":"Zaandijk","postcode":"1544LT","osm":"node/4359305896"}},{"type":"Feature","id":4360580329,"geometry":{"type":"Point","coordinates":[5.677661,53.039138]},"properties":{"chain":"ah","name":"Albert Heijn","street":"Middelzeelaan 4","city":"Sneek","postcode":"8604BH","osm":"node/4360580329"}},{"type":"Feature","id":4368545298,"geometry":{"type":"Point","coordinates":[5.55058,53.187497]},"properties":{"chain":"ah","name":"Albert Heijn","street":"Leeuwarderweg 8a","city":"Franeker","postcode":"8801BV","osm":"node/4368545298"}},{"type":"Feature","id":4372320720,"geometry":{"type":"Point","coordinates":[6.410482,52.165414]},"properties":{"chain":"aldi","name":"ALDI","street":"Hanzeweg 17","city":"Lochem","postcode":"7241CS","osm":"node/4372320720"}},{"type":"Feature","id":4373607251,"geometry":{"type":"Point","coordinates":[5.366403,51.709494]},"properties":{"chain":"aldi","name":"ALDI","street":"Slauerhoffstraat 7","city":"Rosmalen","postcode":"5242EB","osm":"node/4373607251"}},{"type":"Feature","id":4376384509,"geometry":{"type":"Point","coordinates":[5.700715,50.859226]},"properties":{"chain":"aldi","name":"ALDI","street":"François de Veijestraat 3","city":"Maastricht","postcode":"6221AB","osm":"node/4376384509"}},{"type":"Feature","id":4381259440,"geometry":{"type":"Point","coordinates":[5.229256,51.630954]},"properties":{"chain":"aldi","name":"ALDI","street":"Vincent van Goghplein 5","city":"Helvoirt","postcode":"5268BZ","osm":"node/4381259440"}},{"type":"Feature","id":4384462241,"geometry":{"type":"Point","coordinates":[4.589456,51.546244]},"properties":{"chain":"aldi","name":"ALDI","street":"Kanariestraat 13","city":"St. Willebrord","postcode":"4711JR","osm":"node/4384462241"}},{"type":"Feature","id":4386679795,"geometry":{"type":"Point","coordinates":[5.139347,52.352318]},"properties":{"chain":"ah","name":"Albert Heijn","street":"Olivier van Noortstraat 32","city":"Almere","postcode":"1363LS","osm":"node/4386679795"}},{"type":"Feature","id":4396190563,"geometry":{"type":"Point","coordinates":[4.873602,52.375525]},"properties":{"chain":"ah","name":"Albert Heijn","street":"Frederik Hendrikstraat 81","city":"Amsterdam","postcode":"1052HM","osm":"node/4396190563"}},{"type":"Feature","id":4398831376,"geometry":{"type":"Point","coordinates":[6.61001,52.044449]},"properties":{"chain":"aldi","name":"ALDI","street":"Het Pand 2","city":"Groenlo","postcode":"7141VH","osm":"node/4398831376"}},{"type":"Feature","id":4400075263,"geometry":{"type":"Point","coordinates":[3.57345,51.445622]},"properties":{"chain":"ah","name":"Albert Heijn","street":"Aagje Dekenstraat 16","city":"Vlissingen","postcode":"4381RZ","osm":"node/4400075263"}},{"type":"Feature","id":4403276520,"geometry":{"type":"Point","coordinates":[4.660665,52.482535]},"properties":{"chain":"ah","name":"Albert Heijn","street":"Beverhof 37B","city":"Beverwijk","postcode":"1941EC","osm":"node/4403276520"}},{"type":"Feature","id":4405646330,"geometry":{"type":"Point","coordinates":[6.005864,52.878403]},"properties":{"chain":"jumbo","name":"Jumbo Pick-up point","osm":"node/4405646330"}},{"type":"Feature","id":4405712492,"geometry":{"type":"Point","coordinates":[6.006847,52.877131]},"properties":{"chain":"lidl","name":"Lidl","street":"Spoorlaan 2","city":"Wolvega","postcode":"8471JP","osm":"node/4405712492"}},{"type":"Feature","id":4410427474,"geometry":{"type":"Point","coordinates":[4.945509,51.812617]},"properties":{"chain":"ah","name":"Albert Heijn","street":"Nieuwe Es 7","city":"Sleeuwijk","postcode":"4254AW","osm":"node/4410427474"}},{"type":"Feature","id":4412247948,"geometry":{"type":"Point","coordinates":[5.633438,51.463766]},"properties":{"chain":"aldi","name":"ALDI","street":"Hoofdstraat 95-97","city":"Helmond","postcode":"5706AK","osm":"node/4412247948"}},{"type":"Feature","id":4413078771,"geometry":{"type":"Point","coordinates":[5.52921,51.615744]},"properties":{"chain":"jumbo","name":"Jumbo Foodmarkt","street":"Verlengde Noordkade 14","city":"Veghel","postcode":"5462EH","osm":"node/4413078771"}},{"type":"Feature","id":4415656587,"geometry":{"type":"Point","coordinates":[4.662074,51.470894]},"properties":{"chain":"ah","name":"Albert Heijn","street":"Molenstraat 58","city":"Zundert","postcode":"4881CT","osm":"node/4415656587"}},{"type":"Feature","id":4417111861,"geometry":{"type":"Point","coordinates":[5.624308,51.645172]},"properties":{"chain":"plus","name":"PLUS","street":"Sesterlaan 4","city":"Uden","postcode":"5406AE","osm":"node/4417111861"}},{"type":"Feature","id":4420563645,"geometry":{"type":"Point","coordinates":[5.178861,51.478301]},"properties":{"chain":"plus","name":"PLUS Plasmans","street":"Julianastraat 42","city":"Diessen","postcode":"5087BB","osm":"node/4420563645"}},{"type":"Feature","id":4425577427,"geometry":{"type":"Point","coordinates":[5.95023,50.935776]},"properties":{"chain":"plus","name":"PLUS","street":"Orionplein 1","city":"Brunssum","postcode":"6446TL","osm":"node/4425577427"}},{"type":"Feature","id":4426108376,"geometry":{"type":"Point","coordinates":[5.833899,50.865799]},"properties":{"chain":"ah","name":"Albert Heijn","street":"Irmengard Passage 3","city":"Valkenburg","postcode":"6301EC","osm":"node/4426108376"}},{"type":"Feature","id":4433238931,"geometry":{"type":"Point","coordinates":[5.341108,51.983482]},"properties":{"chain":"jumbo","name":"Jumbo","street":"Langbroekseweg 3","city":"Wijk bij Duurstede","postcode":"3962EH","osm":"node/4433238931"}},{"type":"Feature","id":4436291263,"geometry":{"type":"Point","coordinates":[5.10063,52.118905]},"properties":{"chain":"lidl","name":"Lidl","street":"Lamadreef 15","city":"Utrecht","postcode":"3563EX","osm":"node/4436291263"}},{"type":"Feature","id":4442368355,"geometry":{"type":"Point","coordinates":[4.364588,52.017648]},"properties":{"chain":"plus","name":"PLUS Schinkel","street":"Elzenlaan 1","city":"Delft","postcode":"2612VW","osm":"node/4442368355"}},{"type":"Feature","id":4443288088,"geometry":{"type":"Point","coordinates":[4.35305,51.99637]},"properties":{"chain":"ah","name":"Albert Heijn XL","street":"Martinus Nijhofflaan 7","city":"Delft","postcode":"2624ER","osm":"node/4443288088"}},{"type":"Feature","id":4449549874,"geometry":{"type":"Point","coordinates":[5.080819,51.890506]},"properties":{"chain":"plus","name":"PLUS Teeuw","street":"Europaplein 37","city":"Leerdam","postcode":"4142CD","osm":"node/4449549874"}},{"type":"Feature","id":4453950325,"geometry":{"type":"Point","coordinates":[4.890246,52.372842]},"properties":{"chain":"ah","name":"Albert Heijn","street":"Nieuwezijds Voorburgwal 226","city":"Amsterdam","postcode":"1012RR","osm":"node/4453950325"}},{"type":"Feature","id":4456146289,"geometry":{"type":"Point","coordinates":[6.066462,53.003486]},"properties":{"chain":"ah","name":"Albert Heijn","street":"Hofland 1","city":"Gorredijk","postcode":"8401SH","osm":"node/4456146289"}},{"type":"Feature","id":4458882395,"geometry":{"type":"Point","coordinates":[5.381305,52.14385]},"properties":{"chain":"jumbo","name":"Jumbo","street":"Leusderweg 152","city":"Amersfoort","postcode":"3817KD","osm":"node/4458882395"}},{"type":"Feature","id":4460848819,"geometry":{"type":"Point","coordinates":[4.862091,52.359677]},"properties":{"chain":"ah","name":"Albert Heijn","street":"Overtoom 454-H","city":"Amsterdam","postcode":"1054JW","osm":"node/4460848819"}},{"type":"Feature","id":4469674433,"geometry":{"type":"Point","coordinates":[5.742686,51.499728]},"properties":{"chain":"jumbo","name":"Jumbo","street":"Auerschootseweg 17","city":"Bakel","postcode":"5761EG","osm":"node/4469674433"}},{"type":"Feature","id":4470534122,"geometry":{"type":"Point","coordinates":[4.298704,51.476681]},"properties":{"chain":"lidl","name":"Lidl","street":"Laan van Borgvliet 1","city":"Bergen op Zoom","postcode":"4625ES","osm":"node/4470534122"}},{"type":"Feature","id":4471520163,"geometry":{"type":"Point","coordinates":[6.660541,52.349787]},"properties":{"chain":"jumbo","name":"Jumbo","street":"Bornerbroeksestraat 79","city":"Almelo","postcode":"7601BD","osm":"node/4471520163"}},{"type":"Feature","id":4471577914,"geometry":{"type":"Point","coordinates":[6.100619,53.10544]},"properties":{"chain":"ah","name":"Albert Heijn","street":"De Marke 33","city":"Drachten","postcode":"9203DV","osm":"node/4471577914"}},{"type":"Feature","id":4484312185,"geometry":{"type":"Point","coordinates":[5.613766,51.311219]},"properties":{"chain":"lidl","name":"Lidl","street":"Smits van Oyenlaan 2","city":"Maarheeze","postcode":"6026CP","osm":"node/4484312185"}},{"type":"Feature","id":4484408715,"geometry":{"type":"Point","coordinates":[5.292107,51.882143]},"properties":{"chain":"plus","name":"PLUS","street":"Herman Kuijkstraat 49","city":"Geldermalsen","postcode":"4191AJ","osm":"node/4484408715"}},{"type":"Feature","id":4487065205,"geometry":{"type":"Point","coordinates":[5.900338,52.559316]},"properties":{"chain":"jumbo","name":"Jumbo","street":"Hanzeplein 27","city":"Kampen","postcode":"8262WN","osm":"node/4487065205"}},{"type":"Feature","id":4487065207,"geometry":{"type":"Point","coordinates":[5.900382,52.559447]},"properties":{"chain":"lidl","name":"Lidl","street":"Hanzeplein 29","city":"Kampen","postcode":"8262WN","osm":"node/4487065207"}},{"type":"Feature","id":4487588039,"geometry":{"type":"Point","coordinates":[4.886885,51.851977]},"properties":{"chain":"ah","name":"Albert Heijn","street":"Lijnbaanplein 12","city":"Giessenburg","postcode":"3381EA","osm":"node/4487588039"}},{"type":"Feature","id":4487677868,"geometry":{"type":"Point","coordinates":[4.827241,52.246743]},"properties":{"chain":"jumbo","name":"Jumbo Plemp","street":"Zijdelwaardplein 60","city":"Uithoorn","postcode":"1422DN","osm":"node/4487677868"}},{"type":"Feature","id":4490535202,"geometry":{"type":"Point","coordinates":[5.784038,51.685501]},"properties":{"chain":"jumbo","name":"Jumbo","street":"Markt 20a","city":"Mill","postcode":"5451BS","osm":"node/4490535202"}},{"type":"Feature","id":4492293203,"geometry":{"type":"Point","coordinates":[5.791496,51.679622]},"properties":{"chain":"aldi","name":"ALDI","street":"Wanroijseweg 49a","city":"Mill","postcode":"5451GZ","osm":"node/4492293203"}},{"type":"Feature","id":4494637789,"geometry":{"type":"Point","coordinates":[5.675278,51.998364]},"properties":{"chain":"ah","name":"Albert Heijn","street":"Dorpsstraat 36","city":"Bennekom","postcode":"6721JL","osm":"node/4494637789"}},{"type":"Feature","id":4508850125,"geometry":{"type":"Point","coordinates":[4.971222,52.274078]},"properties":{"chain":"plus","name":"PLUS","street":"Amsterdamsestraatweg 38","city":"Abcoude","postcode":"1391AB","osm":"node/4508850125"}},{"type":"Feature","id":4512558491,"geometry":{"type":"Point","coordinates":[5.716508,52.52526]},"properties":{"chain":"jumbo","name":"Jumbo","street":"De Binnenloop 10","city":"Dronten","postcode":"8254KL","osm":"node/4512558491"}},{"type":"Feature","id":4516781085,"geometry":{"type":"Point","coordinates":[5.793095,53.172201]},"properties":{"chain":"lidl","name":"Lidl","street":"Molkenkelder 55","city":"Leeuwarden","postcode":"8941AG","osm":"node/4516781085"}},{"type":"Feature","id":4518597501,"geometry":{"type":"Point","coordinates":[6.2777,52.386074]},"properties":{"chain":"aldi","name":"ALDI","street":"Molenhof 30","city":"Raalte","postcode":"8102EX","osm":"node/4518597501"}},{"type":"Feature","id":4519473637,"geometry":{"type":"Point","coordinates":[5.219653,51.695617]},"properties":{"chain":"jumbo","name":"Jumbo","street":"Plein 16","city":"Vlijmen","postcode":"5251AT","osm":"node/4519473637"}},{"type":"Feature","id":4523185997,"geometry":{"type":"Point","coordinates":[5.574661,51.416815]},"properties":{"chain":"aldi","name":"ALDI","street":"Winkelcentrum Coevering 15","city":"Geldrop","postcode":"5665GA","osm":"node/4523185997"}},{"type":"Feature","id":4523186009,"geometry":{"type":"Point","coordinates":[5.57351,51.417019]},"properties":{"chain":"jumbo","name":"Jumbo","street":"Winkelcentrum Coevering 5","city":"Geldrop","postcode":"5665GA","osm":"node/4523186009"}},{"type":"Feature","id":4525234232,"geometry":{"type":"Point","coordinates":[4.73918,52.721994]},"properties":{"chain":"ah","name":"Albert Heijn","street":"Theresiaplein 8","city":"Warmenhuizen","postcode":"1749GX","osm":"node/4525234232"}},{"type":"Feature","id":4529135182,"geometry":{"type":"Point","coordinates":[3.491335,51.325157]},"properties":{"chain":"jumbo","name":"Jumbo","street":"Langestraat 1","city":"Oostburg","postcode":"4501BR","osm":"node/4529135182"}},{"type":"Feature","id":4529139039,"geometry":{"type":"Point","coordinates":[3.484063,51.325707]},"properties":{"chain":"ah","name":"Albert Heijn","street":"Torenweidelaan 2","city":"Oostburg","postcode":"4501AK","osm":"node/4529139039"}},{"type":"Feature","id":4529142744,"geometry":{"type":"Point","coordinates":[3.49129,51.324419]},"properties":{"chain":"lidl","name":"Lidl","street":"Langestraat 46","city":"Oostburg","postcode":"4501BS","osm":"node/4529142744"}},{"type":"Feature","id":4530594889,"geometry":{"type":"Point","coordinates":[4.801643,52.377533]},"properties":{"chain":"ah","name":"Albert Heijn","street":"Lambertus Zijlplein 8","city":"Amsterdam","postcode":"1067JS","osm":"node/4530594889"}},{"type":"Feature","id":4531685920,"geometry":{"type":"Point","coordinates":[6.920793,52.228944]},"properties":{"chain":"jumbo","name":"Jumbo","street":"Magnoliastraat 100","city":"Enschede","postcode":"7531KA","osm":"node/4531685920"}},{"type":"Feature","id":4531685953,"geometry":{"type":"Point","coordinates":[6.921194,52.229756]},"properties":{"chain":"lidl","name":"Lidl","street":"Hortensiastraat 140","city":"Enschede","postcode":"7531GX","osm":"node/4531685953"}},{"type":"Feature","id":4545133753,"geometry":{"type":"Point","coordinates":[4.721972,52.626405]},"properties":{"chain":"aldi","name":"ALDI","street":"Vincent van Goghlaan 1","city":"Alkmaar","postcode":"1816VM","osm":"node/4545133753"}},{"type":"Feature","id":4549655717,"geometry":{"type":"Point","coordinates":[4.064252,51.257893]},"properties":{"chain":"plus","name":"PLUS Mangnus","street":"Gentsevaart 8","city":"Kapellebrug","postcode":"4565EV","osm":"node/4549655717"}},{"type":"Feature","id":4549894726,"geometry":{"type":"Point","coordinates":[4.860358,51.505471]},"properties":{"chain":"lidl","name":"Lidl","street":"Brouwerij 94","city":"Chaam","postcode":"4861SN","osm":"node/4549894726"}},{"type":"Feature","id":4552423004,"geometry":{"type":"Point","coordinates":[5.202559,52.342821]},"properties":{"chain":"ah","name":"Albert Heijn","street":"Meerveldplein 3","city":"Almere","postcode":"1359HM","osm":"node/4552423004"}},{"type":"Feature","id":4559617291,"geometry":{"type":"Point","coordinates":[4.645454,51.849838]},"properties":{"chain":"jumbo","name":"Jumbo","osm":"node/4559617291"}},{"type":"Feature","id":4561827058,"geometry":{"type":"Point","coordinates":[4.479775,51.992499]},"properties":{"chain":"aldi","name":"ALDI","street":"Molenwerfstraat 27","city":"Berkel en Rodenrijs","postcode":"2651CK","osm":"node/4561827058"}},{"type":"Feature","id":4568643671,"geometry":{"type":"Point","coordinates":[5.704289,50.831956]},"properties":{"chain":"plus","name":"PLUS","street":"De Beente 86","city":"Maastricht","postcode":"6229AV","osm":"node/4568643671"}},{"type":"Feature","id":4569385354,"geometry":{"type":"Point","coordinates":[4.688655,51.889695]},"properties":{"chain":"plus","name":"PLUS","street":"Kleijburgplein 9","city":"Nieuw-Lekkerland","postcode":"2957AT","osm":"node/4569385354"}},{"type":"Feature","id":4570512510,"geometry":{"type":"Point","coordinates":[5.130006,51.756081]},"properties":{"chain":"jumbo","name":"Jumbo","street":"Markt 67","city":"Wijk en Aalburg","postcode":"4261DC","osm":"node/4570512510"}},{"type":"Feature","id":4573075451,"geometry":{"type":"Point","coordinates":[5.715171,51.379636]},"properties":{"chain":"ah","name":"Albert Heijn Jan Linders","street":"Kerkstraat 30d","city":"Someren","postcode":"5711GW","osm":"node/4573075451"}},{"type":"Feature","id":4575071006,"geometry":{"type":"Point","coordinates":[4.150797,51.75585]},"properties":{"chain":"ah","name":"Albert Heijn","street":"Dorpsweg 40","city":"Sommelsdijk","postcode":"3245VC","osm":"node/4575071006"}},{"type":"Feature","id":4582786802,"geometry":{"type":"Point","coordinates":[5.992854,53.190647]},"properties":{"chain":"jumbo","name":"Jumbo","street":"Markt 38","city":"Burgum","postcode":"9251JS","osm":"node/4582786802"}},{"type":"Feature","id":4584367678,"geometry":{"type":"Point","coordinates":[4.418593,51.856621]},"properties":{"chain":"ah","name":"Albert Heijn","osm":"node/4584367678"}},{"type":"Feature","id":4593107978,"geometry":{"type":"Point","coordinates":[4.162856,52.001923]},"properties":{"chain":"lidl","name":"Lidl","street":"Graaf Willem II straat 30","city":"'s-Gravenzande","postcode":"2691MW","osm":"node/4593107978"}},{"type":"Feature","id":4593107986,"geometry":{"type":"Point","coordinates":[4.162415,52.002588]},"properties":{"chain":"jumbo","name":"Jumbo","street":"Graaf Willem II straat 10","city":"'s-Gravenzande","postcode":"2691MW","osm":"node/4593107986"}},{"type":"Feature","id":4599693081,"geometry":{"type":"Point","coordinates":[6.507651,52.724592]},"properties":{"chain":"lidl","name":"Lidl","street":"Grote Beer 2","city":"Hoogeveen","postcode":"7904LW","osm":"node/4599693081"}},{"type":"Feature","id":4603923391,"geometry":{"type":"Point","coordinates":[4.977978,52.316302]},"properties":{"chain":"aldi","name":"ALDI","osm":"node/4603923391"}},{"type":"Feature","id":4604041302,"geometry":{"type":"Point","coordinates":[4.648425,52.417023]},"properties":{"chain":"plus","name":"PLUS","street":"Rijksstraatweg 517","city":"Haarlem","postcode":"2025DE","osm":"node/4604041302"}},{"type":"Feature","id":4605831417,"geometry":{"type":"Point","coordinates":[6.045494,52.624729]},"properties":{"chain":"aldi","name":"ALDI","osm":"node/4605831417"}},{"type":"Feature","id":4607797623,"geometry":{"type":"Point","coordinates":[5.582084,51.804852]},"properties":{"chain":"aldi","name":"ALDI","street":"Lietingstraat 21","city":"Haren","postcode":"5368AA","osm":"node/4607797623"}},{"type":"Feature","id":4611124162,"geometry":{"type":"Point","coordinates":[6.624431,53.171734]},"properties":{"chain":"jumbo","name":"Jumbo","street":"Anjerplein 31","city":"Haren Gn","postcode":"9753GT","osm":"node/4611124162"}},{"type":"Feature","id":4616038568,"geometry":{"type":"Point","coordinates":[5.711486,51.811968]},"properties":{"chain":"aldi","name":"ALDI","osm":"node/4616038568"}},{"type":"Feature","id":4616213732,"geometry":{"type":"Point","coordinates":[5.003236,51.577247]},"properties":{"chain":"lidl","name":"Lidl","street":"Heyhoefpromenade 115","city":"Tilburg","postcode":"5043RB","osm":"node/4616213732"}},{"type":"Feature","id":4627934376,"geometry":{"type":"Point","coordinates":[5.058616,52.015674]},"properties":{"chain":"aldi","name":"ALDI","street":"Boerhaaveweg 33","city":"IJsselstein","postcode":"3401MN","osm":"node/4627934376"}},{"type":"Feature","id":4627934377,"geometry":{"type":"Point","coordinates":[5.058041,52.015872]},"properties":{"chain":"plus","name":"PLUS J. Schimmel","street":"Boerhaaveweg 31","city":"IJsselstein","postcode":"3401MN","osm":"node/4627934377"}},{"type":"Feature","id":4634458075,"geometry":{"type":"Point","coordinates":[5.926144,50.925495]},"properties":{"chain":"plus","name":"PLUS Danny Rosenboom","street":"Gebrookerplein 22","city":"Hoensbroek","postcode":"6431LX","osm":"node/4634458075"}},{"type":"Feature","id":4638305775,"geometry":{"type":"Point","coordinates":[6.61373,52.042876]},"properties":{"chain":"ah","name":"Albert Heijn","street":"Beltrumsestraat 40","city":"Groenlo","postcode":"7141AM","osm":"node/4638305775"}},{"type":"Feature","id":4642648792,"geometry":{"type":"Point","coordinates":[4.56259,51.532328]},"properties":{"chain":"lidl","name":"Lidl","street":"Raadhuisstraat 74","city":"Rucphen","postcode":"4715CE","osm":"node/4642648792"}},{"type":"Feature","id":4653109769,"geometry":{"type":"Point","coordinates":[5.575071,52.898693]},"properties":{"chain":"lidl","name":"Lidl","street":"Wilhelminastraat 47","city":"Balk","postcode":"8561AB","osm":"node/4653109769"}},{"type":"Feature","id":4657564213,"geometry":{"type":"Point","coordinates":[6.089302,51.492191]},"properties":{"chain":"ah","name":"Albert Heijn Jan Linders","street":"Boerenovenweg 3","city":"Tienray","postcode":"5865BV","osm":"node/4657564213"}},{"type":"Feature","id":4665701625,"geometry":{"type":"Point","coordinates":[4.476688,51.54282]},"properties":{"chain":"aldi","name":"ALDI","street":"Philipslaan 82","city":"Roosendaal","postcode":"4702NS","osm":"node/4665701625"}},{"type":"Feature","id":4665711253,"geometry":{"type":"Point","coordinates":[6.162866,51.36154]},"properties":{"chain":"aldi","name":"ALDI","street":"Pastoor Op Heijstraat 59","city":"Venlo","postcode":"5912BS","osm":"node/4665711253"}},{"type":"Feature","id":4686147497,"geometry":{"type":"Point","coordinates":[4.702692,52.670722]},"properties":{"chain":"aldi","name":"ALDI","osm":"node/4686147497"}},{"type":"Feature","id":4691945391,"geometry":{"type":"Point","coordinates":[6.130839,51.366543]},"properties":{"chain":"jumbo","name":"Jumbo","street":"Vossenerlaan 78","city":"Venlo","postcode":"5924AG","osm":"node/4691945391"}},{"type":"Feature","id":4701576229,"geometry":{"type":"Point","coordinates":[5.0761,51.563008]},"properties":{"chain":"aldi","name":"ALDI","street":"Jan Heijnsstraat 30","city":"Tilburg","postcode":"5041GB","osm":"node/4701576229"}},{"type":"Feature","id":4701947850,"geometry":{"type":"Point","coordinates":[5.881814,51.003132]},"properties":{"chain":"lidl","name":"Lidl","street":"De Samaritaan 6","city":"Sittard","postcode":"6136VE","osm":"node/4701947850"}},{"type":"Feature","id":4701947875,"geometry":{"type":"Point","coordinates":[5.881212,51.003376]},"properties":{"chain":"plus","name":"PLUS","street":"De Samaritaan 8","city":"Sittard","postcode":"6136VE","osm":"node/4701947875"}},{"type":"Feature","id":4704311387,"geometry":{"type":"Point","coordinates":[5.587216,52.127478]},"properties":{"chain":"jumbo","name":"Jumbo Barneveld Buru","street":"Buru 40","city":"Barneveld","postcode":"3772EX","osm":"node/4704311387"}},{"type":"Feature","id":4704313541,"geometry":{"type":"Point","coordinates":[5.379116,52.251928]},"properties":{"chain":"jumbo","name":"Jumbo","street":"De Ziel 45-51","city":"Bunschoten-Spakenburg","postcode":"3751BT","osm":"node/4704313541"}},{"type":"Feature","id":4706435413,"geometry":{"type":"Point","coordinates":[3.846427,51.732829]},"properties":{"chain":"plus","name":"PLUS","street":"Boutlaan 1b","city":"Scharendijke","postcode":"4322DC","osm":"node/4706435413"}},{"type":"Feature","id":4709842744,"geometry":{"type":"Point","coordinates":[5.677741,50.843172]},"properties":{"chain":"ah","name":"Albert Heijn Jan Linders","street":"Tongerseweg 57A-02","city":"Maastricht","postcode":"6213GA","osm":"node/4709842744"}},{"type":"Feature","id":4712214024,"geometry":{"type":"Point","coordinates":[5.948226,51.127226]},"properties":{"chain":"plus","name":"PLUS","street":"Kampweg 4","city":"Montfort","postcode":"6065CC","osm":"node/4712214024"}},{"type":"Feature","id":4713962887,"geometry":{"type":"Point","coordinates":[5.862053,51.102942]},"properties":{"chain":"aldi","name":"ALDI","street":"Palmbrugweg 4","city":"Echt","postcode":"6101AJ","osm":"node/4713962887"}},{"type":"Feature","id":4719456815,"geometry":{"type":"Point","coordinates":[4.895228,52.346037]},"properties":{"chain":"ah","name":"Albert Heijn","street":"Maasstraat 47","city":"Amsterdam","postcode":"1078HD","osm":"node/4719456815"}},{"type":"Feature","id":4722400845,"geometry":{"type":"Point","coordinates":[4.771246,52.936048]},"properties":{"chain":"ah","name":"Albert Heijn","street":"Vrede en Vrijheid 19","city":"Den Helder","postcode":"1785RL","osm":"node/4722400845"}},{"type":"Feature","id":4722400846,"geometry":{"type":"Point","coordinates":[4.760865,52.958067]},"properties":{"chain":"ah","name":"Albert Heijn","street":"Julianaplein 9","city":"Den Helder","postcode":"1781HA","osm":"node/4722400846"}},{"type":"Feature","id":4722982604,"geometry":{"type":"Point","coordinates":[6.079353,52.721137]},"properties":{"chain":"plus","name":"PLUS","street":"Eendrachtsplein 4","city":"Giethoorn","postcode":"8355DL","osm":"node/4722982604"}},{"type":"Feature","id":4724495808,"geometry":{"type":"Point","coordinates":[5.765978,50.968011]},"properties":{"chain":"jumbo","name":"Jumbo","street":"Raadhuisplein 42","city":"Stein","postcode":"6171JC","osm":"node/4724495808"}},{"type":"Feature","id":4742008469,"geometry":{"type":"Point","coordinates":[4.871785,52.336494]},"properties":{"chain":"ah","name":"Albert Heijn","street":"Peter Schatstraat 65","city":"Amsterdam","postcode":"1082MX","osm":"node/4742008469"}},{"type":"Feature","id":4744673480,"geometry":{"type":"Point","coordinates":[5.431072,52.192922]},"properties":{"chain":"lidl","name":"Lidl","street":"Ursulapolder 45","city":"Amersfoort","postcode":"3825LS","osm":"node/4744673480"}},{"type":"Feature","id":4750243373,"geometry":{"type":"Point","coordinates":[5.454185,51.448072]},"properties":{"chain":"ah","name":"Albert Heijn","street":"Torenallee 86-02","city":"Eindhoven","postcode":"5617BE","osm":"node/4750243373"}},{"type":"Feature","id":4750613382,"geometry":{"type":"Point","coordinates":[4.905054,52.347628]},"properties":{"chain":"ah","name":"Albert Heijn","street":"Rijnstraat 33","city":"Amsterdam","postcode":"1078PW","osm":"node/4750613382"}},{"type":"Feature","id":4751697806,"geometry":{"type":"Point","coordinates":[5.658941,50.845534]},"properties":{"chain":"plus","name":"PLUS","street":"Keurmeestersdreef 111-A","city":"Maastricht","postcode":"6216EC","osm":"node/4751697806"}},{"type":"Feature","id":4752611682,"geometry":{"type":"Point","coordinates":[5.664737,51.483242]},"properties":{"chain":"lidl","name":"Lidl","street":"Heistraat 65","city":"Helmond","postcode":"5701HH","osm":"node/4752611682"}},{"type":"Feature","id":4752658222,"geometry":{"type":"Point","coordinates":[4.926837,52.362368]},"properties":{"chain":"lidl","name":"Lidl","street":"Eerste Van Swindenstraat 52A","city":"Amsterdam","postcode":"1093GG","osm":"node/4752658222"}},{"type":"Feature","id":4756867131,"geometry":{"type":"Point","coordinates":[4.491218,51.525822]},"properties":{"chain":"aldi","name":"ALDI","osm":"node/4756867131"}},{"type":"Feature","id":4756869640,"geometry":{"type":"Point","coordinates":[4.491259,51.527084]},"properties":{"chain":"plus","name":"PLUS","street":"Dijkcentrum 24","city":"Roosendaal","postcode":"4706LA","osm":"node/4756869640"}},{"type":"Feature","id":4770174732,"geometry":{"type":"Point","coordinates":[6.954176,52.974321]},"properties":{"chain":"aldi","name":"ALDI","street":"Parklaan 71","city":"Nieuw-Buinen","postcode":"9521GB","osm":"node/4770174732"}},{"type":"Feature","id":4779591753,"geometry":{"type":"Point","coordinates":[5.498698,51.423081]},"properties":{"chain":"ah","name":"Albert Heijn","street":"Kamperfoelielaan 45","city":"Eindhoven","postcode":"5643BB","osm":"node/4779591753"}},{"type":"Feature","id":4779591754,"geometry":{"type":"Point","coordinates":[5.498486,51.42318]},"properties":{"chain":"lidl","name":"Lidl","street":"Kamperfoelielaan 39","city":"Eindhoven","postcode":"5643BB","osm":"node/4779591754"}},{"type":"Feature","id":4792121400,"geometry":{"type":"Point","coordinates":[4.480257,51.891085]},"properties":{"chain":"plus","name":"PLUS","street":"Pleinweg 156-172","city":"Rotterdam","postcode":"3083ES","osm":"node/4792121400"}},{"type":"Feature","id":4792155303,"geometry":{"type":"Point","coordinates":[4.5819,51.981559]},"properties":{"chain":"jumbo","name":"Jumbo","street":"Siciliëboulevard 402","city":"Rotterdam","postcode":"3059XT","osm":"node/4792155303"}},{"type":"Feature","id":4802352675,"geometry":{"type":"Point","coordinates":[6.853112,52.715591]},"properties":{"chain":"plus","name":"PLUS","street":"Vaart ZZ 10","city":"Nieuw-Amsterdam","postcode":"7833AA","osm":"node/4802352675"}},{"type":"Feature","id":4802365830,"geometry":{"type":"Point","coordinates":[6.013956,50.852836]},"properties":{"chain":"lidl","name":"Lidl","street":"Locht 117","city":"Kerkrade","postcode":"6466GT","osm":"node/4802365830"}},{"type":"Feature","id":4806093626,"geometry":{"type":"Point","coordinates":[5.063901,51.570539]},"properties":{"chain":"plus","name":"PLUS","osm":"node/4806093626"}},{"type":"Feature","id":4808045974,"geometry":{"type":"Point","coordinates":[4.246885,52.066446]},"properties":{"chain":"aldi","name":"ALDI","street":"De Savornin Lohmanplein 29","city":"'s-Gravenhage","postcode":"2566AD","osm":"node/4808045974"}},{"type":"Feature","id":4811495696,"geometry":{"type":"Point","coordinates":[7.017696,52.926949]},"properties":{"chain":"lidl","name":"Lidl","street":"Marktstraat 100","city":"Musselkanaal","postcode":"9581AE","osm":"node/4811495696"}},{"type":"Feature","id":4811918679,"geometry":{"type":"Point","coordinates":[4.857109,52.344588]},"properties":{"chain":"ah","name":"Albert Heijn","street":"Stadionplein 115","city":"Amsterdam","postcode":"1076CK","osm":"node/4811918679"}},{"type":"Feature","id":4815032260,"geometry":{"type":"Point","coordinates":[4.806863,51.572762]},"properties":{"chain":"jumbo","name":"Jumbo","street":"De Burcht 20","city":"Breda","postcode":"4834HE","osm":"node/4815032260"}},{"type":"Feature","id":4815320966,"geometry":{"type":"Point","coordinates":[5.053812,51.676772]},"properties":{"chain":"jumbo","name":"Jumbo","osm":"node/4815320966"}},{"type":"Feature","id":4815940060,"geometry":{"type":"Point","coordinates":[5.882272,52.415235]},"properties":{"chain":"ah","name":"Albert Heijn","street":"Sportlaan 5","city":"'t Harde","postcode":"8084VA","osm":"node/4815940060"}},{"type":"Feature","id":4822767189,"geometry":{"type":"Point","coordinates":[4.467091,51.874644]},"properties":{"chain":"ah","name":"Albert Heijn","street":"Krabbendijkestraat 10","city":"Rotterdam","postcode":"3086LW","osm":"node/4822767189"}},{"type":"Feature","id":4823700597,"geometry":{"type":"Point","coordinates":[6.885728,52.214253]},"properties":{"chain":"aldi","name":"ALDI","street":"Haaksbergerstraat 202","city":"Enschede","postcode":"7513EC","osm":"node/4823700597"}},{"type":"Feature","id":4833229774,"geometry":{"type":"Point","coordinates":[4.667104,52.510951]},"properties":{"chain":"ah","name":"Albert Heijn","street":"Kerkweg 85","city":"Heemskerk","postcode":"1961JB","osm":"node/4833229774"}},{"type":"Feature","id":4842218695,"geometry":{"type":"Point","coordinates":[5.145394,51.689902]},"properties":{"chain":"aldi","name":"ALDI","street":"Tinie de Munnikstraat 6","city":"Drunen","postcode":"5151VW","osm":"node/4842218695"}},{"type":"Feature","id":4847704103,"geometry":{"type":"Point","coordinates":[5.905329,51.980312]},"properties":{"chain":"ah","name":"Albert Heijn","street":"Vossenstraat 1","city":"Arnhem","postcode":"6811JL","osm":"node/4847704103"}},{"type":"Feature","id":4857231495,"geometry":{"type":"Point","coordinates":[6.890156,52.751256]},"properties":{"chain":"lidl","name":"Lidl","street":"Valkenveld 119","city":"Emmen","postcode":"7827HD","osm":"node/4857231495"}},{"type":"Feature","id":4869096274,"geometry":{"type":"Point","coordinates":[4.846357,52.30709]},"properties":{"chain":"ah","name":"Albert Heijn Van der Linden","street":"Amsterdamseweg 73","city":"Amstelveen","postcode":"1182GP","osm":"node/4869096274"}},{"type":"Feature","id":4870018631,"geometry":{"type":"Point","coordinates":[6.566553,53.219063]},"properties":{"chain":"jumbo","name":"Jumbo","street":"Oude Ebbingestraat 18a","city":"Groningen","postcode":"9712HJ","osm":"node/4870018631"}},{"type":"Feature","id":4872316441,"geometry":{"type":"Point","coordinates":[5.973671,52.229742]},"properties":{"chain":"aldi","name":"ALDI","street":"Vlijtseweg 184","city":"Apeldoorn","postcode":"7317AK","osm":"node/4872316441"}},{"type":"Feature","id":4876236889,"geometry":{"type":"Point","coordinates":[4.239903,51.92729]},"properties":{"chain":"aldi","name":"ALDI","street":"Koningshoek 93046","city":"Maassluis","postcode":"3144BA","osm":"node/4876236889"}},{"type":"Feature","id":4878566632,"geometry":{"type":"Point","coordinates":[5.935185,51.777427]},"properties":{"chain":"ah","name":"Albert Heijn Jan Linders","street":"Spoorlaan 5","city":"Groesbeek","postcode":"6562AL","osm":"node/4878566632"}},{"type":"Feature","id":4878566633,"geometry":{"type":"Point","coordinates":[5.935107,51.777261]},"properties":{"chain":"aldi","name":"ALDI","street":"Spoorlaan 3","city":"Groesbeek","postcode":"6562AL","osm":"node/4878566633"}},{"type":"Feature","id":4885264663,"geometry":{"type":"Point","coordinates":[6.972597,53.175186]},"properties":{"chain":"aldi","name":"ALDI","street":"Poststraat 7","city":"Scheemda","postcode":"9679AA","osm":"node/4885264663"}},{"type":"Feature","id":4885796719,"geometry":{"type":"Point","coordinates":[6.873103,53.10556]},"properties":{"chain":"lidl","name":"Lidl","street":"J.G. Pinksterstraat 12","city":"Veendam","postcode":"9641AX","osm":"node/4885796719"}},{"type":"Feature","id":4886442787,"geometry":{"type":"Point","coordinates":[6.005577,52.194596]},"properties":{"chain":"jumbo","name":"Jumbo","street":"De Eglantier 606","city":"Apeldoorn","postcode":"7329DN","osm":"node/4886442787"}},{"type":"Feature","id":4892138789,"geometry":{"type":"Point","coordinates":[6.756279,53.156616]},"properties":{"chain":"ah","name":"Albert Heijn","street":"Gorecht-Oost 6a","city":"Hoogezand","postcode":"9603AA","osm":"node/4892138789"}},{"type":"Feature","id":4892138811,"geometry":{"type":"Point","coordinates":[6.756451,53.15421]},"properties":{"chain":"lidl","name":"Lidl","street":"Gorecht-Oost 153j","city":"Hoogezand","postcode":"9603AE","osm":"node/4892138811"}},{"type":"Feature","id":4898345256,"geometry":{"type":"Point","coordinates":[4.81382,52.653358]},"properties":{"chain":"ah","name":"Albert Heijn","street":"Roze Flamingo 98","city":"Heerhugowaard","postcode":"1704WV","osm":"node/4898345256"}},{"type":"Feature","id":4924002096,"geometry":{"type":"Point","coordinates":[5.227,51.600014]},"properties":{"chain":"jumbo","name":"Jumbo","street":"Driehoeven 56","city":"Haaren","postcode":"5076BJ","osm":"node/4924002096"}},{"type":"Feature","id":4925056288,"geometry":{"type":"Point","coordinates":[4.443527,51.534384]},"properties":{"chain":"jumbo","name":"Jumbo","street":"Rembrandtgalerij 103-109","city":"Roosendaal","postcode":"4703GX","osm":"node/4925056288"}},{"type":"Feature","id":4930539025,"geometry":{"type":"Point","coordinates":[5.429057,52.13706]},"properties":{"chain":"lidl","name":"Lidl","street":"De Biezenkamp 75","city":"Leusden","postcode":"3831JA","osm":"node/4930539025"}},{"type":"Feature","id":4931251946,"geometry":{"type":"Point","coordinates":[4.817706,52.706224]},"properties":{"chain":"aldi","name":"ALDI","street":"Oostelijke Randweg 1","city":"Noord-Scharwoude","postcode":"1723LH","osm":"node/4931251946"}},{"type":"Feature","id":4940443908,"geometry":{"type":"Point","coordinates":[4.942394,51.627867]},"properties":{"chain":"jumbo","name":"Jumbo","street":"Mgr. Schaepmanlaan 8","city":"Dongen","postcode":"5104JZ","osm":"node/4940443908"}},{"type":"Feature","id":4946318271,"geometry":{"type":"Point","coordinates":[5.792198,50.938113]},"properties":{"chain":"jumbo","name":"Jumbo","street":"Maastrichterlaan 26","city":"Beek","postcode":"6191AD","osm":"node/4946318271"}},{"type":"Feature","id":4947622304,"geometry":{"type":"Point","coordinates":[4.617783,52.378355]},"properties":{"chain":"aldi","name":"ALDI","street":"Menno Simonszplein 3","city":"Haarlem","postcode":"2014SC","osm":"node/4947622304"}},{"type":"Feature","id":4954109524,"geometry":{"type":"Point","coordinates":[6.898104,52.410446]},"properties":{"chain":"lidl","name":"Lidl","street":"De Meierij 6","city":"Ootmarsum","postcode":"7631AL","osm":"node/4954109524"}},{"type":"Feature","id":4954566694,"geometry":{"type":"Point","coordinates":[5.439524,52.490185]},"properties":{"chain":"ah","name":"Albert Heijn","street":"Ranonkellaan 1","city":"Lelystad","postcode":"8245HE","osm":"node/4954566694"}},{"type":"Feature","id":4956298452,"geometry":{"type":"Point","coordinates":[5.987077,52.22978]},"properties":{"chain":"ah","name":"Albert Heijn","street":"Operaplein 110","city":"Apeldoorn","postcode":"7323EL","osm":"node/4956298452"}},{"type":"Feature","id":4959725010,"geometry":{"type":"Point","coordinates":[5.308467,51.726179]},"properties":{"chain":"ah","name":"Albert Heijn","street":"Lokerenpassage 25","city":"'s-Hertogenbosch","postcode":"5235KR","osm":"node/4959725010"}},{"type":"Feature","id":4962763110,"geometry":{"type":"Point","coordinates":[6.935774,52.300881]},"properties":{"chain":"ah","name":"Albert Heijn Zuid-Berghuizen","street":"Burgemeester Wallerstraat 133","city":"Oldenzaal","postcode":"7574AM","osm":"node/4962763110"}},{"type":"Feature","id":4970557155,"geometry":{"type":"Point","coordinates":[6.499191,52.716222]},"properties":{"chain":"plus","name":"PLUS","street":"De Wielewaal 24-28","city":"Hoogeveen","postcode":"7905GZ","osm":"node/4970557155"}},{"type":"Feature","id":4972350112,"geometry":{"type":"Point","coordinates":[6.047031,51.864165]},"properties":{"chain":"aldi","name":"ALDI","street":"Heerbaan 158","city":"Millingen aan de Rijn","postcode":"6566EV","osm":"node/4972350112"}},{"type":"Feature","id":4985521389,"geometry":{"type":"Point","coordinates":[5.766517,50.978125]},"properties":{"chain":"ah","name":"Albert Heijn Jan Linders","street":"Industrieweg 19","city":"Stein","postcode":"6171CN","osm":"node/4985521389"}},{"type":"Feature","id":4993061453,"geometry":{"type":"Point","coordinates":[4.482107,51.92053]},"properties":{"chain":"jumbo","name":"Jumbo","street":"Hoogstraat 1005","city":"Rotterdam","postcode":"3011PM","osm":"node/4993061453"}},{"type":"Feature","id":4993062659,"geometry":{"type":"Point","coordinates":[4.487821,51.924734]},"properties":{"chain":"ah","name":"Albert Heijn","osm":"node/4993062659"}},{"type":"Feature","id":4993094121,"geometry":{"type":"Point","coordinates":[4.509787,51.925026]},"properties":{"chain":"ah","name":"Albert Heijn","street":"Lusthofstraat 89","city":"Rotterdam","postcode":"3061WL","osm":"node/4993094121"}},{"type":"Feature","id":4993094707,"geometry":{"type":"Point","coordinates":[4.477455,51.917504]},"properties":{"chain":"ah","name":"Albert Heijn","street":"Karel Doormanstraat 398","city":"Rotterdam","postcode":"3012GR","osm":"node/4993094707"}},{"type":"Feature","id":5000936225,"geometry":{"type":"Point","coordinates":[5.414448,51.503733]},"properties":{"chain":"jumbo","name":"Jumbo Pick-up Point","osm":"node/5000936225"}},{"type":"Feature","id":5003010384,"geometry":{"type":"Point","coordinates":[4.964175,52.373264]},"properties":{"chain":"ah","name":"Albert Heijn","street":"Eef Kamerbeekstraat 186","city":"Amsterdam","postcode":"1095MP","osm":"node/5003010384"}},{"type":"Feature","id":5003677606,"geometry":{"type":"Point","coordinates":[6.58976,51.989777]},"properties":{"chain":"aldi","name":"ALDI","street":"Heringsaweg 2","city":"Vragender","postcode":"7134RC","osm":"node/5003677606"}},{"type":"Feature","id":5012609024,"geometry":{"type":"Point","coordinates":[4.270939,52.076845]},"properties":{"chain":"plus","name":"PLUS","street":"Laan van Meerdervoort 419G","city":"'s-Gravenhage","postcode":"2563AS","osm":"node/5012609024"}},{"type":"Feature","id":5028249081,"geometry":{"type":"Point","coordinates":[6.425516,52.525327]},"properties":{"chain":"ah","name":"Albert Heijn","street":"Haven Noord 1","city":"Ommen","postcode":"7731GZ","osm":"node/5028249081"}},{"type":"Feature","id":5039820617,"geometry":{"type":"Point","coordinates":[4.320457,51.426458]},"properties":{"chain":"ah","name":"Albert Heijn","street":"Haviksberg 51","city":"Hoogerheide","postcode":"4631VB","osm":"node/5039820617"}},{"type":"Feature","id":5041417210,"geometry":{"type":"Point","coordinates":[5.075505,51.540795]},"properties":{"chain":"jumbo","name":"Jumbo Foodmarkt","street":"Stappegoorweg 175","city":"Tilburg","postcode":"5022DD","osm":"node/5041417210"}},{"type":"Feature","id":5061857295,"geometry":{"type":"Point","coordinates":[5.941463,51.939582]},"properties":{"chain":"ah","name":"Albert Heijn","street":"Langestraat 82","city":"Huissen","postcode":"6851AS","osm":"node/5061857295"}},{"type":"Feature","id":5064274319,"geometry":{"type":"Point","coordinates":[4.67422,52.14489]},"properties":{"chain":"ah","name":"Albert Heijn","street":"Ridderhof 2","city":"Alphen aan den Rijn","postcode":"2402EN","osm":"node/5064274319"}},{"type":"Feature","id":5072598567,"geometry":{"type":"Point","coordinates":[5.943499,52.208542]},"properties":{"chain":"ah","name":"Albert Heijn","street":"Schapendoesweg 2","city":"Apeldoorn","postcode":"7312EC","osm":"node/5072598567"}},{"type":"Feature","id":5073277934,"geometry":{"type":"Point","coordinates":[5.659967,53.278315]},"properties":{"chain":"aldi","name":"ALDI","street":"Beuckelaerstraat 35","city":"St.-Annaparochie","postcode":"9076AZ","osm":"node/5073277934"}},{"type":"Feature","id":5073994018,"geometry":{"type":"Point","coordinates":[6.074649,52.517067]},"properties":{"chain":"aldi","name":"ALDI","street":"Gasthuisdijk 1","city":"Zwolle","postcode":"8041AE","osm":"node/5073994018"}},{"type":"Feature","id":5074202961,"geometry":{"type":"Point","coordinates":[6.406062,53.244816]},"properties":{"chain":"aldi","name":"ALDI","street":"de Dorpsvenne 1e","city":"Zuidhorn","postcode":"9801DA","osm":"node/5074202961"}},{"type":"Feature","id":5081170806,"geometry":{"type":"Point","coordinates":[5.994895,53.293828]},"properties":{"chain":"lidl","name":"Lidl","street":"Conradi-Veenlandstrjitte 46","city":"Damwâld","postcode":"9104BN","osm":"node/5081170806"}},{"type":"Feature","id":5086281592,"geometry":{"type":"Point","coordinates":[5.36169,51.715782]},"properties":{"chain":"lidl","name":"Lidl","street":"Harry Coppensstraat 27","city":"Rosmalen","postcode":"5241BE","osm":"node/5086281592"}},{"type":"Feature","id":5086281605,"geometry":{"type":"Point","coordinates":[5.361823,51.715558]},"properties":{"chain":"jumbo","name":"Jumbo","street":"Harry Coppensstraat 55","city":"Rosmalen","postcode":"5241BE","osm":"node/5086281605"}},{"type":"Feature","id":5088001214,"geometry":{"type":"Point","coordinates":[5.891583,53.24262]},"properties":{"chain":"ah","name":"Albert Heijn","street":"De Haven 5","city":"Gytsjerk","postcode":"9061DL","osm":"node/5088001214"}},{"type":"Feature","id":5089470159,"geometry":{"type":"Point","coordinates":[6.14166,53.25307]},"properties":{"chain":"lidl","name":"Lidl","street":"Christinastraat 1","city":"Buitenpost","postcode":"9285TM","osm":"node/5089470159"}},{"type":"Feature","id":5118183049,"geometry":{"type":"Point","coordinates":[4.83138,51.565447]},"properties":{"chain":"ah","name":"Albert Heijn","street":"Pastoor Doensstraat 4","city":"Bavel","postcode":"4854CP","osm":"node/5118183049"}},{"type":"Feature","id":5129202116,"geometry":{"type":"Point","coordinates":[4.655995,52.505461]},"properties":{"chain":"ah","name":"Albert Heijn","street":"Rijksstraatweg 40","city":"Heemskerk","postcode":"1964LJ","osm":"node/5129202116"}},{"type":"Feature","id":5129328887,"geometry":{"type":"Point","coordinates":[5.729855,51.250853]},"properties":{"chain":"aldi","name":"ALDI","street":"Sint Jobplein 20","city":"Weert","postcode":"6004JZ","osm":"node/5129328887"}},{"type":"Feature","id":5145927213,"geometry":{"type":"Point","coordinates":[4.263406,52.041429]},"properties":{"chain":"aldi","name":"ALDI","street":"Langestede 4","city":"'s-Gravenhage","postcode":"2543VG","osm":"node/5145927213"}},{"type":"Feature","id":5147994371,"geometry":{"type":"Point","coordinates":[4.289838,52.068276]},"properties":{"chain":"ah","name":"Albert Heijn","street":"Steijnlaan 106","city":"'s-Gravenhage","postcode":"2571RH","osm":"node/5147994371"}},{"type":"Feature","id":5148261430,"geometry":{"type":"Point","coordinates":[5.767979,50.968417]},"properties":{"chain":"aldi","name":"ALDI","street":"Raadhuisplein 87","city":"Stein","postcode":"6171JC","osm":"node/5148261430"}},{"type":"Feature","id":5150359665,"geometry":{"type":"Point","coordinates":[5.795216,50.950291]},"properties":{"chain":"lidl","name":"Lidl","street":"Wethouder Sangersstraat 168","city":"Beek","postcode":"6191NA","osm":"node/5150359665"}},{"type":"Feature","id":5161483014,"geometry":{"type":"Point","coordinates":[5.92678,50.882991]},"properties":{"chain":"plus","name":"PLUS Tim & Joyce Janssen","street":"Kerkplein 36","city":"Voerendaal","postcode":"6367ER","osm":"node/5161483014"}},{"type":"Feature","id":5169745383,"geometry":{"type":"Point","coordinates":[5.99632,50.887494]},"properties":{"chain":"lidl","name":"Lidl","street":"Zondagstraat 57-59","city":"Heerlen","postcode":"6416BE","osm":"node/5169745383"}},{"type":"Feature","id":5173529236,"geometry":{"type":"Point","coordinates":[5.959398,50.949249]},"properties":{"chain":"aldi","name":"ALDI","street":"Kennedylaan 92A","city":"Brunssum","postcode":"6441JG","osm":"node/5173529236"}},{"type":"Feature","id":5173529240,"geometry":{"type":"Point","coordinates":[5.959723,50.949362]},"properties":{"chain":"ah","name":"Albert Heijn Jan Linders","street":"Kennedylaan 90","city":"Brunssum","postcode":"6441JG","osm":"node/5173529240"}},{"type":"Feature","id":5189113176,"geometry":{"type":"Point","coordinates":[4.902731,52.369191]},"properties":{"chain":"jumbo","name":"Jumbo","street":"Jodenbreestraat 11","city":"Amsterdam","postcode":"1011NG","osm":"node/5189113176"}},{"type":"Feature","id":5190703319,"geometry":{"type":"Point","coordinates":[5.518988,51.943237]},"properties":{"chain":"aldi","name":"ALDI","street":"Adelsweg 6","city":"Lienden","postcode":"4033BN","osm":"node/5190703319"}},{"type":"Feature","id":5195881368,"geometry":{"type":"Point","coordinates":[5.34619,51.974739]},"properties":{"chain":"lidl","name":"Lidl","street":"Hoogstraat 14","city":"Wijk bij Duurstede","postcode":"3962ES","osm":"node/5195881368"}},{"type":"Feature","id":5196291214,"geometry":{"type":"Point","coordinates":[3.885073,51.497465]},"properties":{"chain":"jumbo","name":"Jumbo Foodmarkt","street":"Van Doornestraat 2","city":"Goes","postcode":"4462EX","osm":"node/5196291214"}},{"type":"Feature","id":5196298721,"geometry":{"type":"Point","coordinates":[4.1649,51.751359]},"properties":{"chain":"jumbo","name":"Jumbo","street":"Korendreef 24","city":"Middelharnis","postcode":"3241AS","osm":"node/5196298721"}},{"type":"Feature","id":5196445440,"geometry":{"type":"Point","coordinates":[4.822176,51.589375]},"properties":{"chain":"ah","name":"Albert Heijn","street":"Bisschopshoeve 30","city":"Breda","postcode":"4817PV","osm":"node/5196445440"}},{"type":"Feature","id":5196703724,"geometry":{"type":"Point","coordinates":[5.054366,51.570167]},"properties":{"chain":"ah","name":"Albert Heijn","street":"Westermarkt 17","city":"Tilburg","postcode":"5042MC","osm":"node/5196703724"}},{"type":"Feature","id":5196842081,"geometry":{"type":"Point","coordinates":[5.577203,51.275019]},"properties":{"chain":"ah","name":"Albert Heijn","street":"Dr. Ant. Mathijsenstraat 20","city":"Budel","postcode":"6021CL","osm":"node/5196842081"}},{"type":"Feature","id":5198151481,"geometry":{"type":"Point","coordinates":[5.866991,50.997573]},"properties":{"chain":"ah","name":"Albert Heijn","street":"Walstraat 71","city":"Sittard","postcode":"6131CV","osm":"node/5198151481"}},{"type":"Feature","id":5198434459,"geometry":{"type":"Point","coordinates":[4.79684,52.788001]},"properties":{"chain":"ah","name":"Albert Heijn","osm":"node/5198434459"}},{"type":"Feature","id":5198500579,"geometry":{"type":"Point","coordinates":[4.893107,52.417066]},"properties":{"chain":"ah","name":"Albert Heijn","street":"Molenwijk 35","city":"Amsterdam","postcode":"1035EG","osm":"node/5198500579"}},{"type":"Feature","id":5221583022,"geometry":{"type":"Point","coordinates":[6.190076,52.704278]},"properties":{"chain":"aldi","name":"ALDI","street":"van Oldenbarneveltplein 3","city":"Meppel","postcode":"7942HS","osm":"node/5221583022"}},{"type":"Feature","id":5221664518,"geometry":{"type":"Point","coordinates":[6.286843,52.673385]},"properties":{"chain":"plus","name":"PLUS Dunnink","street":"Dorpsstraat 61","city":"de Wijk","postcode":"7957AS","osm":"node/5221664518"}},{"type":"Feature","id":5222868599,"geometry":{"type":"Point","coordinates":[6.861441,52.714036]},"properties":{"chain":"lidl","name":"Lidl","street":"Zijtak WZ 1","city":"Nieuw-Amsterdam","postcode":"7833BA","osm":"node/5222868599"}},{"type":"Feature","id":5223629462,"geometry":{"type":"Point","coordinates":[5.794979,51.979099]},"properties":{"chain":"lidl","name":"Lidl","street":"van der Molenallee 101-115","city":"Doorwerth","postcode":"6865CB","osm":"node/5223629462"}},{"type":"Feature","id":5235955784,"geometry":{"type":"Point","coordinates":[5.610389,51.443568]},"properties":{"chain":"aldi","name":"ALDI","street":"Geldropseweg 12","city":"Mierlo","postcode":"5731SG","osm":"node/5235955784"}},{"type":"Feature","id":5241817231,"geometry":{"type":"Point","coordinates":[4.618996,51.968218]},"properties":{"chain":"ah","name":"Albert Heijn","street":"Reigerhof 150","city":"Nieuwerkerk aan den IJssel","postcode":"2914KE","osm":"node/5241817231"}},{"type":"Feature","id":5242273412,"geometry":{"type":"Point","coordinates":[5.03799,51.575432]},"properties":{"chain":"aldi","name":"ALDI","street":"Paletplein 1","city":"Tilburg","postcode":"5044JB","osm":"node/5242273412"}},{"type":"Feature","id":5243365040,"geometry":{"type":"Point","coordinates":[6.894552,52.775547]},"properties":{"chain":"lidl","name":"Lidl","street":"Noordbargerstraat 19","city":"Emmen","postcode":"7811KE","osm":"node/5243365040"}},{"type":"Feature","id":5256369924,"geometry":{"type":"Point","coordinates":[4.602122,51.93594]},"properties":{"chain":"lidl","name":"Lidl","street":"Amsteldiep 27","city":"Capelle aan den IJssel","postcode":"2904EA","osm":"node/5256369924"}},{"type":"Feature","id":5272707973,"geometry":{"type":"Point","coordinates":[4.328559,52.060984]},"properties":{"chain":"ah","name":"Albert Heijn","street":"Lorentzplein 76","city":"'s-Gravenhage","postcode":"2522EH","osm":"node/5272707973"}},{"type":"Feature","id":5273984672,"geometry":{"type":"Point","coordinates":[4.324322,52.082227]},"properties":{"chain":"ah","name":"Albert Heijn","street":"Koningin Julianaplein 104","city":"'s-Gravenhage","postcode":"2595AA","osm":"node/5273984672"}},{"type":"Feature","id":5275936690,"geometry":{"type":"Point","coordinates":[4.450907,52.178077]},"properties":{"chain":"jumbo","name":"Jumbo","street":"Rustenburgerpad 9","city":"Oegstgeest","postcode":"2342CV","osm":"node/5275936690"}},{"type":"Feature","id":5277444449,"geometry":{"type":"Point","coordinates":[5.27312,52.70845]},"properties":{"chain":"aldi","name":"ALDI","street":"Rode Paard 1","city":"Enkhuizen","postcode":"1602DG","osm":"node/5277444449"}},{"type":"Feature","id":5285464135,"geometry":{"type":"Point","coordinates":[3.997806,51.646463]},"properties":{"chain":"jumbo","name":"Jumbo Schot","street":"Polderweg 3","city":"Nieuwerkerk","postcode":"4306BV","osm":"node/5285464135"}},{"type":"Feature","id":5285464136,"geometry":{"type":"Point","coordinates":[3.998204,51.646236]},"properties":{"chain":"aldi","name":"ALDI","street":"Polderweg 5","city":"Nieuwerkerk","postcode":"4306BV","osm":"node/5285464136"}},{"type":"Feature","id":5300479621,"geometry":{"type":"Point","coordinates":[6.185522,52.254991]},"properties":{"chain":"lidl","name":"Lidl","street":"Deltaplein 15","city":"Deventer","postcode":"7417BG","osm":"node/5300479621"}},{"type":"Feature","id":5317470821,"geometry":{"type":"Point","coordinates":[6.186607,52.687283]},"properties":{"chain":"jumbo","name":"Jumbo","street":"Rembrandtplein 81","city":"Meppel","postcode":"7944GG","osm":"node/5317470821"}},{"type":"Feature","id":5318568776,"geometry":{"type":"Point","coordinates":[5.021805,52.849763]},"properties":{"chain":"aldi","name":"ALDI","street":"Schipperskade 3","city":"Wieringerwerf","postcode":"1771CX","osm":"node/5318568776"}},{"type":"Feature","id":5325684500,"geometry":{"type":"Point","coordinates":[4.878776,52.33155]},"properties":{"chain":"jumbo","name":"Jumbo","street":"Gelderlandplein 118","city":"Amsterdam","postcode":"1082LB","osm":"node/5325684500"}},{"type":"Feature","id":5347240257,"geometry":{"type":"Point","coordinates":[5.063836,52.097986]},"properties":{"chain":"jumbo","name":"Jumbo Foodmarkt","street":"Brusselplein 15","city":"Utrecht","postcode":"3541CH","osm":"node/5347240257"}},{"type":"Feature","id":5359280826,"geometry":{"type":"Point","coordinates":[5.363395,51.322791]},"properties":{"chain":"lidl","name":"Lidl","street":"Meester Pankenstraat 8","city":"Bergeijk","postcode":"5571CP","osm":"node/5359280826"}},{"type":"Feature","id":5385637968,"geometry":{"type":"Point","coordinates":[5.632414,51.745901]},"properties":{"chain":"jumbo","name":"Jumbo","street":"Kapelanieplein 2","city":"Schaijk","postcode":"5374BX","osm":"node/5385637968"}},{"type":"Feature","id":5409482001,"geometry":{"type":"Point","coordinates":[4.204536,51.992495]},"properties":{"chain":"jumbo","name":"Jumbo Foodmarkt Koornneef","street":"Patijnenburg 43","city":"Naaldwijk","postcode":"2671JD","osm":"node/5409482001"}},{"type":"Feature","id":5424936172,"geometry":{"type":"Point","coordinates":[5.970257,50.946436]},"properties":{"chain":"ah","name":"Albert Heijn","street":"Koutenveld 2","city":"Brunssum","postcode":"6441CM","osm":"node/5424936172"}},{"type":"Feature","id":5433913721,"geometry":{"type":"Point","coordinates":[6.135777,51.941673]},"properties":{"chain":"ah","name":"Albert Heijn","street":"Leliestraat 47","city":"Didam","postcode":"6942XL","osm":"node/5433913721"}},{"type":"Feature","id":5440329536,"geometry":{"type":"Point","coordinates":[4.846495,52.445876]},"properties":{"chain":"lidl","name":"Lidl","street":"Gibraltar 15","city":"Zaandam","postcode":"1503BM","osm":"node/5440329536"}},{"type":"Feature","id":5486711034,"geometry":{"type":"Point","coordinates":[4.319547,51.426859]},"properties":{"chain":"aldi","name":"ALDI","street":"Haviksberg 4","city":"Hoogerheide","postcode":"4631VB","osm":"node/5486711034"}},{"type":"Feature","id":5489488605,"geometry":{"type":"Point","coordinates":[5.039729,51.57629]},"properties":{"chain":"ah","name":"Albert Heijn","street":"Umberstraat 2","city":"Tilburg","postcode":"5044JJ","osm":"node/5489488605"}},{"type":"Feature","id":5494549476,"geometry":{"type":"Point","coordinates":[5.551266,51.348013]},"properties":{"chain":"plus","name":"PLUS Smetsers","street":"Dorpstraat 70","city":"Leende","postcode":"5595CJ","osm":"node/5494549476"}},{"type":"Feature","id":5518908226,"geometry":{"type":"Point","coordinates":[5.923584,50.923736]},"properties":{"chain":"lidl","name":"Lidl","street":"Hoofdstraat 66","city":"Hoensbroek","postcode":"6432GG","osm":"node/5518908226"}},{"type":"Feature","id":5536255750,"geometry":{"type":"Point","coordinates":[5.008046,51.837333]},"properties":{"chain":"ah","name":"Albert Heijn","street":"De Linie 54","city":"Gorinchem","postcode":"4208DE","osm":"node/5536255750"}},{"type":"Feature","id":5554824526,"geometry":{"type":"Point","coordinates":[4.386503,52.088838]},"properties":{"chain":"jumbo","name":"Jumbo Foodmarkt Koornneef","street":"Liguster 2","city":"Leidschendam","postcode":"2262AC","osm":"node/5554824526"}},{"type":"Feature","id":5590989662,"geometry":{"type":"Point","coordinates":[4.94175,52.719807]},"properties":{"chain":"aldi","name":"ALDI","street":"Ooster Boekelweg 1d","city":"Hoogwoud","postcode":"1718LN","osm":"node/5590989662"}},{"type":"Feature","id":5599123827,"geometry":{"type":"Point","coordinates":[5.036594,52.638758]},"properties":{"chain":"aldi","name":"ALDI","street":"Grote Beer 5M","city":"Hoorn","postcode":"1622ES","osm":"node/5599123827"}},{"type":"Feature","id":5622883381,"geometry":{"type":"Point","coordinates":[4.495919,51.90243]},"properties":{"chain":"jumbo","name":"Jumbo Rotterdam Hillelaan","street":"Hillelaan 77A","city":"Rotterdam","postcode":"3072JE","osm":"node/5622883381"}},{"type":"Feature","id":5629500501,"geometry":{"type":"Point","coordinates":[4.337267,52.013364]},"properties":{"chain":"plus","name":"PLUS Martin Panis","street":"Van Foreestweg 4A","city":"Delft","postcode":"2614CJ","osm":"node/5629500501"}},{"type":"Feature","id":5648039743,"geometry":{"type":"Point","coordinates":[4.488751,51.905676]},"properties":{"chain":"ah","name":"Albert Heijn","street":"Otto Reuchlinweg 968","city":"Rotterdam","postcode":"3072MD","osm":"node/5648039743"}},{"type":"Feature","id":5649942689,"geometry":{"type":"Point","coordinates":[4.816992,52.460993]},"properties":{"chain":"lidl","name":"Lidl","street":"Boere Jonkerplein 1","city":"Zaandam","postcode":"1508HA","osm":"node/5649942689"}},{"type":"Feature","id":5652451554,"geometry":{"type":"Point","coordinates":[4.797614,52.382355]},"properties":{"chain":"lidl","name":"Lidl","street":"Aalbersestraat 273","city":"Amsterdam","postcode":"1067MD","osm":"node/5652451554"}},{"type":"Feature","id":5659126993,"geometry":{"type":"Point","coordinates":[5.110335,52.090862]},"properties":{"chain":"ah","name":"Albert Heijn","street":"Stationsplein 24","city":"Utrecht","postcode":"3511ED","osm":"node/5659126993"}},{"type":"Feature","id":5684420257,"geometry":{"type":"Point","coordinates":[3.825875,51.332009]},"properties":{"chain":"lidl","name":"Lidl","street":"Kennedylaan 9","city":"Terneuzen","postcode":"4538AE","osm":"node/5684420257"}},{"type":"Feature","id":5684420260,"geometry":{"type":"Point","coordinates":[3.826529,51.332351]},"properties":{"chain":"aldi","name":"ALDI","street":"Kennedylaan 3","city":"Terneuzen","postcode":"4538AE","osm":"node/5684420260"}},{"type":"Feature","id":5692704063,"geometry":{"type":"Point","coordinates":[5.240951,51.811937]},"properties":{"chain":"lidl","name":"Lidl","street":"Steenweg 10","city":"Zaltbommel","postcode":"5301HL","osm":"node/5692704063"}},{"type":"Feature","id":5692865566,"geometry":{"type":"Point","coordinates":[5.324906,51.286956]},"properties":{"chain":"plus","name":"PLUS Van de Huijgevoort","street":"Dorpstraat 65","city":"Luyksgestel","postcode":"5575AE","osm":"node/5692865566"}},{"type":"Feature","id":5696492026,"geometry":{"type":"Point","coordinates":[6.023386,51.94888]},"properties":{"chain":"lidl","name":"Lidl","street":"Kastanjelaan 2","city":"Duiven","postcode":"6921ES","osm":"node/5696492026"}},{"type":"Feature","id":5732293457,"geometry":{"type":"Point","coordinates":[5.135441,51.58747]},"properties":{"chain":"aldi","name":"ALDI","street":"Koningsoord 1","city":"Berkel-Enschot","postcode":"5057DK","osm":"node/5732293457"}},{"type":"Feature","id":5732293732,"geometry":{"type":"Point","coordinates":[5.134838,51.586877]},"properties":{"chain":"jumbo","name":"Jumbo","street":"Koningsoord 64","city":"Berkel-Enschot","postcode":"5057DK","osm":"node/5732293732"}},{"type":"Feature","id":5732293802,"geometry":{"type":"Point","coordinates":[5.135276,51.586334]},"properties":{"chain":"ah","name":"Albert Heijn","street":"Koningsoord 137","city":"Berkel-Enschot","postcode":"5057DL","osm":"node/5732293802"}},{"type":"Feature","id":5743878295,"geometry":{"type":"Point","coordinates":[5.985854,52.22882]},"properties":{"chain":"lidl","name":"Lidl","street":"Operaplein 19","city":"Apeldoorn","postcode":"7323EL","osm":"node/5743878295"}},{"type":"Feature","id":5744469511,"geometry":{"type":"Point","coordinates":[4.936297,52.399449]},"properties":{"chain":"lidl","name":"Lidl","street":"Buikslotermeerplein 121C","city":"Amsterdam","postcode":"1025ET","osm":"node/5744469511"}},{"type":"Feature","id":5755595423,"geometry":{"type":"Point","coordinates":[6.578045,52.365768]},"properties":{"chain":"plus","name":"PLUS","street":"Hexelseweg 35","city":"Wierden","postcode":"7641PN","osm":"node/5755595423"}},{"type":"Feature","id":5760382041,"geometry":{"type":"Point","coordinates":[5.731598,50.896967]},"properties":{"chain":"jumbo","name":"Jumbo","street":"Sint Agnesplein 8","city":"Bunde","postcode":"6241CA","osm":"node/5760382041"}},{"type":"Feature","id":5766492688,"geometry":{"type":"Point","coordinates":[6.210291,52.139727]},"properties":{"chain":"aldi","name":"ALDI","street":"Jan Vermeerstraat 53","city":"Zutphen","postcode":"7204CL","osm":"node/5766492688"}},{"type":"Feature","id":5766529593,"geometry":{"type":"Point","coordinates":[4.254813,52.014527]},"properties":{"chain":"jumbo","name":"Jumbo Koornneef","street":"De Raaphorst 4","city":"Kwintsheul","postcode":"2295NZ","osm":"node/5766529593"}},{"type":"Feature","id":5792929316,"geometry":{"type":"Point","coordinates":[5.952971,51.9838]},"properties":{"chain":"ah","name":"Albert Heijn","street":"Hanzestraat 411","city":"Arnhem","postcode":"6826ML","osm":"node/5792929316"}},{"type":"Feature","id":5792929317,"geometry":{"type":"Point","coordinates":[5.952719,51.983808]},"properties":{"chain":"aldi","name":"ALDI","street":"Hanzestraat 405","city":"Arnhem","postcode":"6826ML","osm":"node/5792929317"}},{"type":"Feature","id":5815164163,"geometry":{"type":"Point","coordinates":[5.462666,51.352544]},"properties":{"chain":"lidl","name":"Lidl","street":"De Kerverij 21","city":"Valkenswaard","postcode":"5554CM","osm":"node/5815164163"}},{"type":"Feature","id":5815653331,"geometry":{"type":"Point","coordinates":[6.87871,52.192261]},"properties":{"chain":"ah","name":"Albert Heijn","street":"Wesseler-nering 20A","city":"Enschede","postcode":"7544JB","osm":"node/5815653331"}},{"type":"Feature","id":5815654967,"geometry":{"type":"Point","coordinates":[6.862709,52.212183]},"properties":{"chain":"aldi","name":"ALDI","street":"Jan Vermeerstraat 3","city":"Enschede","postcode":"7545BN","osm":"node/5815654967"}},{"type":"Feature","id":5820463316,"geometry":{"type":"Point","coordinates":[6.56484,53.135264]},"properties":{"chain":"lidl","name":"Lidl","street":"Hoofdweg 93","city":"Eelde","postcode":"9761EC","osm":"node/5820463316"}},{"type":"Feature","id":5827843188,"geometry":{"type":"Point","coordinates":[5.704613,51.471429]},"properties":{"chain":"aldi","name":"ALDI","street":"Deltaweg 247","city":"Helmond","postcode":"5709AB","osm":"node/5827843188"}},{"type":"Feature","id":5842099338,"geometry":{"type":"Point","coordinates":[5.484811,52.520468]},"properties":{"chain":"lidl","name":"Lidl","street":"Passage 1","city":"Lelystad","postcode":"8223AJ","osm":"node/5842099338"}},{"type":"Feature","id":5874265859,"geometry":{"type":"Point","coordinates":[4.144623,51.834455]},"properties":{"chain":"jumbo","name":"Jumbo","street":"Struytse Hoeck 349a","city":"Hellevoetsluis","postcode":"3223DE","osm":"node/5874265859"}},{"type":"Feature","id":5876538765,"geometry":{"type":"Point","coordinates":[6.466933,52.722889]},"properties":{"chain":"aldi","name":"ALDI","street":"Griendtsveenweg 20c","city":"Hoogeveen","postcode":"7901EA","osm":"node/5876538765"}},{"type":"Feature","id":5885744982,"geometry":{"type":"Point","coordinates":[5.117597,52.093356]},"properties":{"chain":"ah","name":"Albert Heijn","street":"Potterstraat 1","city":"Utrecht","postcode":"3512TA","osm":"node/5885744982"}},{"type":"Feature","id":5892594109,"geometry":{"type":"Point","coordinates":[6.164681,52.269547]},"properties":{"chain":"lidl","name":"Lidl","street":"Karel de Groteplein 46","city":"Deventer","postcode":"7415DH","osm":"node/5892594109"}},{"type":"Feature","id":5896971945,"geometry":{"type":"Point","coordinates":[3.585694,51.452776]},"properties":{"chain":"lidl","name":"Lidl","street":"Mercuriusweg 16","city":"Vlissingen","postcode":"4382NC","osm":"node/5896971945"}},{"type":"Feature","id":5910279749,"geometry":{"type":"Point","coordinates":[5.891686,50.920036]},"properties":{"chain":"aldi","name":"ALDI","street":"Stationstraat 7","city":"Nuth","postcode":"6361BH","osm":"node/5910279749"}},{"type":"Feature","id":5915859582,"geometry":{"type":"Point","coordinates":[5.091655,52.671301]},"properties":{"chain":"ah","name":"Albert Heijn","street":"Hollandse cirkel 36","city":"Zwaag","postcode":"1689XE","osm":"node/5915859582"}},{"type":"Feature","id":5918300469,"geometry":{"type":"Point","coordinates":[4.880211,52.427329]},"properties":{"chain":"jumbo","name":"Jumbo Pick Up Point","street":"Westeinde 26","city":"Oostzaan","postcode":"1511MA","osm":"node/5918300469"}},{"type":"Feature","id":5924542836,"geometry":{"type":"Point","coordinates":[6.143155,52.170065]},"properties":{"chain":"plus","name":"PLUS Versluis","street":"Rijksstraatweg 77","city":"Voorst","postcode":"7383AM","osm":"node/5924542836"}},{"type":"Feature","id":5940498011,"geometry":{"type":"Point","coordinates":[5.916562,52.533204]},"properties":{"chain":"ah","name":"Albert Heijn","street":"De Arend 2","city":"Kampen","postcode":"8265NK","osm":"node/5940498011"}},{"type":"Feature","id":5995130558,"geometry":{"type":"Point","coordinates":[6.296803,51.966657]},"properties":{"chain":"lidl","name":"Lidl","street":"Doctor Huber Noodtstraat 93","city":"Doetinchem","postcode":"7001DV","osm":"node/5995130558"}},{"type":"Feature","id":6000309992,"geometry":{"type":"Point","coordinates":[4.636111,51.838895]},"properties":{"chain":"plus","name":"PLUS","street":"Louwersplein 27","city":"Hendrik-Ido-Ambacht","postcode":"3343RC","osm":"node/6000309992"}},{"type":"Feature","id":6003246109,"geometry":{"type":"Point","coordinates":[5.039702,51.656741]},"properties":{"chain":"ah","name":"Albert Heijn","street":"Gasthuisstraat 124","city":"Kaatsheuvel","postcode":"5171GJ","osm":"node/6003246109"}},{"type":"Feature","id":6011761588,"geometry":{"type":"Point","coordinates":[4.34171,51.995747]},"properties":{"chain":"lidl","name":"Lidl","street":"Griegstraat 275","city":"Delft","postcode":"2625AN","osm":"node/6011761588"}},{"type":"Feature","id":6018339364,"geometry":{"type":"Point","coordinates":[5.065022,51.5738]},"properties":{"chain":"aldi","name":"ALDI","street":"Frans van Spaendonckplein 1","city":"Tilburg","postcode":"5042GP","osm":"node/6018339364"}},{"type":"Feature","id":6056094243,"geometry":{"type":"Point","coordinates":[4.853885,52.364046]},"properties":{"chain":"aldi","name":"ALDI","osm":"node/6056094243"}},{"type":"Feature","id":6072927002,"geometry":{"type":"Point","coordinates":[5.625659,51.933877]},"properties":{"chain":"aldi","name":"ALDI","street":"Hamsestraat 16","city":"Opheusden","postcode":"4043LH","osm":"node/6072927002"}},{"type":"Feature","id":6093789430,"geometry":{"type":"Point","coordinates":[4.679989,52.002682]},"properties":{"chain":"ah","name":"Albert Heijn","street":"Burgemeester van Dijkesingel 53","city":"Gouda","postcode":"2809RB","osm":"node/6093789430"}},{"type":"Feature","id":6162841264,"geometry":{"type":"Point","coordinates":[4.693135,52.700926]},"properties":{"chain":"jumbo","name":"Jumbo","street":"Heereweg 3","city":"Schoorl","postcode":"1871EB","osm":"node/6162841264"}},{"type":"Feature","id":6210490487,"geometry":{"type":"Point","coordinates":[5.405385,52.168279]},"properties":{"chain":"lidl","name":"Lidl","street":"Wiekslag 365","city":"Amersfoort","postcode":"3815GM","osm":"node/6210490487"}},{"type":"Feature","id":6210492935,"geometry":{"type":"Point","coordinates":[5.400851,52.162452]},"properties":{"chain":"aldi","name":"ALDI","street":"Neptunusplein 70","city":"Amersfoort","postcode":"3814BR","osm":"node/6210492935"}},{"type":"Feature","id":6249452135,"geometry":{"type":"Point","coordinates":[6.267155,53.144693]},"properties":{"chain":"lidl","name":"Lidl","street":"Grote Hoorn 2","city":"Marum","postcode":"9363DB","osm":"node/6249452135"}},{"type":"Feature","id":6254093569,"geometry":{"type":"Point","coordinates":[5.56731,51.771719]},"properties":{"chain":"jumbo","name":"Jumbo","street":"Meester Gielenplein 1-3","city":"Berghem","postcode":"5351EH","osm":"node/6254093569"}},{"type":"Feature","id":6273957370,"geometry":{"type":"Point","coordinates":[4.864845,52.03119]},"properties":{"chain":"jumbo","name":"Jumbo Blankestijn","street":"Wagenerf 1","city":"Oudewater","postcode":"3421JB","osm":"node/6273957370"}},{"type":"Feature","id":6277121613,"geometry":{"type":"Point","coordinates":[5.450569,51.558845]},"properties":{"chain":"lidl","name":"Lidl","street":"Boskantseweg 43","city":"Sint-Oedenrode","postcode":"5492BV","osm":"node/6277121613"}},{"type":"Feature","id":6283120435,"geometry":{"type":"Point","coordinates":[4.280076,52.075096]},"properties":{"chain":"jumbo","name":"Jumbo","osm":"node/6283120435"}},{"type":"Feature","id":6292598464,"geometry":{"type":"Point","coordinates":[4.684398,52.411181]},"properties":{"chain":"ah","name":"Albert Heijn","street":"Lageweg 1","city":"Spaarndam","postcode":"2064KZ","osm":"node/6292598464"}},{"type":"Feature","id":6356232511,"geometry":{"type":"Point","coordinates":[5.547461,51.424775]},"properties":{"chain":"ah","name":"Albert Heijn","street":"Eindhovenseweg 40","city":"Geldrop","postcode":"5662AB","osm":"node/6356232511"}},{"type":"Feature","id":6356550290,"geometry":{"type":"Point","coordinates":[6.926952,52.219417]},"properties":{"chain":"aldi","name":"ALDI","street":"Noord Esmarkerrondweg 421-15","city":"Enschede","postcode":"7533BL","osm":"node/6356550290"}},{"type":"Feature","id":6409827173,"geometry":{"type":"Point","coordinates":[6.520938,52.311988]},"properties":{"chain":"ah","name":"Albert Heijn","street":"Stationsdwarsweg 19","city":"Rijssen","postcode":"7461AR","osm":"node/6409827173"}},{"type":"Feature","id":6430430737,"geometry":{"type":"Point","coordinates":[5.154568,52.356936]},"properties":{"chain":"plus","name":"PLUS","street":"Alseïdenstraat 11","city":"Almere","postcode":"1363SR","osm":"node/6430430737"}},{"type":"Feature","id":6503335280,"geometry":{"type":"Point","coordinates":[4.506049,52.166458]},"properties":{"chain":"ah","name":"Albert Heijn","street":"Soestdijkkade 82","city":"Leiden","postcode":"2316RC","osm":"node/6503335280"}},{"type":"Feature","id":6511847017,"geometry":{"type":"Point","coordinates":[5.729029,51.251688]},"properties":{"chain":"ah","name":"Albert Heijn Heerschap","street":"Sint Jobplein 2","city":"Weert","postcode":"6004JZ","osm":"node/6511847017"}},{"type":"Feature","id":6514864307,"geometry":{"type":"Point","coordinates":[4.748896,52.266432]},"properties":{"chain":"lidl","name":"Lidl","street":"Stationsweg 8","city":"Aalsmeer","postcode":"1431EG","osm":"node/6514864307"}},{"type":"Feature","id":6537012746,"geometry":{"type":"Point","coordinates":[6.650976,52.102308]},"properties":{"chain":"lidl","name":"Lidl","street":"J.W. Hagemanstraat 25","city":"Eibergen","postcode":"7151AD","osm":"node/6537012746"}},{"type":"Feature","id":6557790612,"geometry":{"type":"Point","coordinates":[5.748641,51.402976]},"properties":{"chain":"aldi","name":"ALDI","street":"Julianastraat 50","city":"Asten","postcode":"5721GL","osm":"node/6557790612"}},{"type":"Feature","id":6558203674,"geometry":{"type":"Point","coordinates":[5.483164,51.523992]},"properties":{"chain":"plus","name":"PLUS","street":"Amerikalaan 4","city":"Son en Breugel","postcode":"5691KD","osm":"node/6558203674"}},{"type":"Feature","id":6586408519,"geometry":{"type":"Point","coordinates":[5.723601,51.807214]},"properties":{"chain":"lidl","name":"Lidl","street":"Touwslagersbaan 35","city":"Wijchen","postcode":"6602AJ","osm":"node/6586408519"}},{"type":"Feature","id":6614619594,"geometry":{"type":"Point","coordinates":[6.42795,52.675807]},"properties":{"chain":"aldi","name":"ALDI","osm":"node/6614619594"}},{"type":"Feature","id":6616616739,"geometry":{"type":"Point","coordinates":[5.844711,51.830756]},"properties":{"chain":"ah","name":"Albert Heijn","street":"Groenestraat 261","city":"Nijmegen","postcode":"6531HK","osm":"node/6616616739"}},{"type":"Feature","id":6625108645,"geometry":{"type":"Point","coordinates":[5.32948,51.696201]},"properties":{"chain":"ah","name":"Albert Heijn","street":"Mgr. Van Roosmalenplein 19","city":"'s-Hertogenbosch","postcode":"5213GC","osm":"node/6625108645"}},{"type":"Feature","id":6681237938,"geometry":{"type":"Point","coordinates":[5.796362,50.940731]},"properties":{"chain":"plus","name":"PLUS","street":"Markt 62","city":"Beek","postcode":"6191JK","osm":"node/6681237938"}},{"type":"Feature","id":6736289325,"geometry":{"type":"Point","coordinates":[4.892536,52.401779]},"properties":{"chain":"ah","name":"Albert Heijn","street":"ms. van Riemsdijkweg 188","city":"Amsterdam","postcode":"1033RD","osm":"node/6736289325"}},{"type":"Feature","id":6755309951,"geometry":{"type":"Point","coordinates":[6.129577,51.938174]},"properties":{"chain":"plus","name":"PLUS","street":"Hoofdstraat 13","city":"Didam","postcode":"6942AR","osm":"node/6755309951"}},{"type":"Feature","id":6762281562,"geometry":{"type":"Point","coordinates":[4.430629,52.015781]},"properties":{"chain":"lidl","name":"Lidl","street":"Korteweg 2","city":"Pijnacker","postcode":"2641GZ","osm":"node/6762281562"}},{"type":"Feature","id":6766819987,"geometry":{"type":"Point","coordinates":[5.580677,52.026001]},"properties":{"chain":"ah","name":"Albert Heijn","street":"Stuivenbergheem 15","city":"Veenendaal","postcode":"3907NH","osm":"node/6766819987"}},{"type":"Feature","id":6766819994,"geometry":{"type":"Point","coordinates":[5.580444,52.025293]},"properties":{"chain":"lidl","name":"Lidl","street":"Stuivenbergheem 1","city":"Veenendaal","postcode":"3907NH","osm":"node/6766819994"}},{"type":"Feature","id":6768858106,"geometry":{"type":"Point","coordinates":[5.233563,52.696683]},"properties":{"chain":"aldi","name":"ALDI","street":"De Middend 70b","city":"Bovenkarspel","postcode":"1611KT","osm":"node/6768858106"}},{"type":"Feature","id":6858676175,"geometry":{"type":"Point","coordinates":[5.023567,52.853188]},"properties":{"chain":"lidl","name":"Lidl","street":"Terpstraat 29","city":"Wieringerwerf","postcode":"1771AC","osm":"node/6858676175"}},{"type":"Feature","id":6919191357,"geometry":{"type":"Point","coordinates":[6.256991,51.965742]},"properties":{"chain":"plus","name":"PLUS","street":"Slotlaan 137","city":"Doetinchem","postcode":"7006HC","osm":"node/6919191357"}},{"type":"Feature","id":6919856412,"geometry":{"type":"Point","coordinates":[6.280523,51.969828]},"properties":{"chain":"lidl","name":"Lidl","street":"IJsselstraat 2","city":"Doetinchem","postcode":"7008AA","osm":"node/6919856412"}},{"type":"Feature","id":6945860532,"geometry":{"type":"Point","coordinates":[3.890496,51.510371]},"properties":{"chain":"ah","name":"Albert Heijn","street":"Westhavendijk 103","city":"Goes","postcode":"4463AD","osm":"node/6945860532"}},{"type":"Feature","id":6955960898,"geometry":{"type":"Point","coordinates":[6.801977,52.266273]},"properties":{"chain":"jumbo","name":"Jumbo","street":"Oude Molenweg 40","city":"Hengelo","postcode":"7551HC","osm":"node/6955960898"}},{"type":"Feature","id":6964926432,"geometry":{"type":"Point","coordinates":[4.358104,52.075536]},"properties":{"chain":"jumbo","name":"Jumbo","street":"Jacob van den Eyndestraat 14","city":"Voorburg","postcode":"2274VZ","osm":"node/6964926432"}},{"type":"Feature","id":6984393696,"geometry":{"type":"Point","coordinates":[6.690191,53.09298]},"properties":{"chain":"ah","name":"Albert Heijn","street":"Laarweg 1","city":"Zuidlaren","postcode":"9471AD","osm":"node/6984393696"}},{"type":"Feature","id":6984573613,"geometry":{"type":"Point","coordinates":[6.895065,52.212978]},"properties":{"chain":"jumbo","name":"Jumbo","street":"Kuipersdijk 118","city":"Enschede","postcode":"7512CL","osm":"node/6984573613"}},{"type":"Feature","id":7009829745,"geometry":{"type":"Point","coordinates":[5.331161,51.585692]},"properties":{"chain":"aldi","name":"ALDI","street":"Fellenoord 35","city":"Boxtel","postcode":"5281CA","osm":"node/7009829745"}},{"type":"Feature","id":7018852539,"geometry":{"type":"Point","coordinates":[4.508144,52.057597]},"properties":{"chain":"aldi","name":"ALDI","street":"Schepenenveld 6","city":"Zoetermeer","postcode":"2722BR","osm":"node/7018852539"}},{"type":"Feature","id":7107992378,"geometry":{"type":"Point","coordinates":[6.196017,52.697827]},"properties":{"chain":"lidl","name":"Lidl","street":"Marktstraat 18","city":"Meppel","postcode":"7941KR","osm":"node/7107992378"}},{"type":"Feature","id":7121804006,"geometry":{"type":"Point","coordinates":[4.479801,51.936417]},"properties":{"chain":"ah","name":"Albert Heijn","osm":"node/7121804006"}},{"type":"Feature","id":7254816575,"geometry":{"type":"Point","coordinates":[4.754912,52.897145]},"properties":{"chain":"lidl","name":"Lidl","street":"Schoolweg 20","city":"Julianadorp","postcode":"1787AW","osm":"node/7254816575"}},{"type":"Feature","id":7394204563,"geometry":{"type":"Point","coordinates":[5.419658,51.879305]},"properties":{"chain":"jumbo","name":"Jumbo","street":"Westledeplein 12","city":"Tiel","postcode":"4006BB","osm":"node/7394204563"}},{"type":"Feature","id":7394207088,"geometry":{"type":"Point","coordinates":[5.420028,51.878899]},"properties":{"chain":"aldi","name":"ALDI","street":"Westledeplein 20","city":"Tiel","postcode":"4006BB","osm":"node/7394207088"}},{"type":"Feature","id":7417351001,"geometry":{"type":"Point","coordinates":[5.62095,52.084829]},"properties":{"chain":"ah","name":"Albert Heijn","street":"Wilbrinkplein 3","city":"Lunteren","postcode":"6741DN","osm":"node/7417351001"}},{"type":"Feature","id":7527406193,"geometry":{"type":"Point","coordinates":[5.236094,52.30513]},"properties":{"chain":"lidl","name":"Lidl","street":"Warandebergstraat 47","city":"Huizen","postcode":"1271ZC","osm":"node/7527406193"}},{"type":"Feature","id":7528334687,"geometry":{"type":"Point","coordinates":[5.991657,51.522779]},"properties":{"chain":"lidl","name":"Lidl","street":"Kiosk 180","city":"Venray","postcode":"5802NV","osm":"node/7528334687"}},{"type":"Feature","id":7528334688,"geometry":{"type":"Point","coordinates":[5.991334,51.523197]},"properties":{"chain":"jumbo","name":"Jumbo Winters","street":"Kiosk 185","city":"Venray","postcode":"5802NV","osm":"node/7528334688"}},{"type":"Feature","id":7529620756,"geometry":{"type":"Point","coordinates":[4.867635,51.696231]},"properties":{"chain":"jumbo","name":"Jumbo","street":"Boterpolderlaan 11","city":"Raamsdonksveer","postcode":"4941ZL","osm":"node/7529620756"}},{"type":"Feature","id":7607133896,"geometry":{"type":"Point","coordinates":[4.529828,52.150399]},"properties":{"chain":"lidl","name":"Lidl","street":"Amaliaplein 38","city":"Leiderdorp","postcode":"2351PV","osm":"node/7607133896"}},{"type":"Feature","id":7677932122,"geometry":{"type":"Point","coordinates":[4.782316,51.596484]},"properties":{"chain":"ah","name":"Albert Heijn","street":"Anna van Burenstraat 24","city":"Breda","postcode":"4811BS","osm":"node/7677932122"}},{"type":"Feature","id":7678111265,"geometry":{"type":"Point","coordinates":[5.094642,52.074272]},"properties":{"chain":"jumbo","name":"Jumbo","street":"Hammarskjöldhof 61","city":"Utrecht","postcode":"3527HD","osm":"node/7678111265"}},{"type":"Feature","id":7749918601,"geometry":{"type":"Point","coordinates":[6.91129,52.224161]},"properties":{"chain":"aldi","name":"ALDI","street":"Lage Bothofstraat 181","city":"Enschede","postcode":"7533AS","osm":"node/7749918601"}},{"type":"Feature","id":7791852118,"geometry":{"type":"Point","coordinates":[6.375108,53.169325]},"properties":{"chain":"aldi","name":"ALDI","street":"Industriepark 7","city":"Leek","postcode":"9351PA","osm":"node/7791852118"}},{"type":"Feature","id":7875614603,"geometry":{"type":"Point","coordinates":[5.137274,52.340448]},"properties":{"chain":"plus","name":"PLUS","street":"Zeeduinweg 706","city":"Almere","postcode":"1361BG","osm":"node/7875614603"}},{"type":"Feature","id":7888535383,"geometry":{"type":"Point","coordinates":[5.676583,51.974976]},"properties":{"chain":"ah","name":"Albert Heijn Jan Linders","street":"Nobelweg 2A","city":"Wageningen","postcode":"6706GA","osm":"node/7888535383"}},{"type":"Feature","id":7935350362,"geometry":{"type":"Point","coordinates":[6.413792,52.163058]},"properties":{"chain":"lidl","name":"Lidl","street":"Julianaweg 9","city":"Lochem","postcode":"7241BM","osm":"node/7935350362"}},{"type":"Feature","id":7947807619,"geometry":{"type":"Point","coordinates":[5.782719,53.1986]},"properties":{"chain":"ah","name":"Albert Heijn","street":"Tesselschadestraat 23","city":"Leeuwarden","postcode":"8913HA","osm":"node/7947807619"}},{"type":"Feature","id":7993100724,"geometry":{"type":"Point","coordinates":[5.771665,53.201828]},"properties":{"chain":"aldi","name":"ALDI","street":"Stadionplein 5","city":"Leeuwarden","postcode":"8914BX","osm":"node/7993100724"}},{"type":"Feature","id":7993100725,"geometry":{"type":"Point","coordinates":[5.772198,53.201826]},"properties":{"chain":"jumbo","name":"Jumbo","street":"Stadionplein 3","city":"Leeuwarden","postcode":"8914BX","osm":"node/7993100725"}},{"type":"Feature","id":8000671443,"geometry":{"type":"Point","coordinates":[3.882651,51.499842]},"properties":{"chain":"lidl","name":"Lidl","street":"Marconistraat 11","city":"Goes","postcode":"4461HH","osm":"node/8000671443"}},{"type":"Feature","id":8093105552,"geometry":{"type":"Point","coordinates":[4.802378,52.788464]},"properties":{"chain":"aldi","name":"ALDI","osm":"node/8093105552"}},{"type":"Feature","id":8177009124,"geometry":{"type":"Point","coordinates":[5.710747,52.845548]},"properties":{"chain":"ah","name":"Albert Heijn","street":"Schoolstraat 12","city":"Lemmer","postcode":"8531JW","osm":"node/8177009124"}},{"type":"Feature","id":8199730573,"geometry":{"type":"Point","coordinates":[6.069436,51.129656]},"properties":{"chain":"aldi","name":"ALDI","street":"Angsterweg 14","city":"Vlodrop","postcode":"6063AV","osm":"node/8199730573"}},{"type":"Feature","id":8211283539,"geometry":{"type":"Point","coordinates":[5.190086,51.582205]},"properties":{"chain":"lidl","name":"Lidl","street":"Almystraat 2","city":"Oisterwijk","postcode":"5061PA","osm":"node/8211283539"}},{"type":"Feature","id":8245716687,"geometry":{"type":"Point","coordinates":[6.13883,51.340666]},"properties":{"chain":"aldi","name":"ALDI","street":"Raadhuislaan 176","city":"Tegelen","postcode":"5931NS","osm":"node/8245716687"}},{"type":"Feature","id":8306973259,"geometry":{"type":"Point","coordinates":[4.661128,51.469868]},"properties":{"chain":"aldi","name":"ALDI","street":"Achtertuin 14","city":"Zundert","postcode":"4881CP","osm":"node/8306973259"}},{"type":"Feature","id":8337544542,"geometry":{"type":"Point","coordinates":[4.80447,52.357594]},"properties":{"chain":"jumbo","name":"Jumbo","street":"Osdorpplein 1014","city":"Amsterdam","postcode":"1068TG","osm":"node/8337544542"}},{"type":"Feature","id":8339655610,"geometry":{"type":"Point","coordinates":[4.920034,52.346624]},"properties":{"chain":"jumbo","name":"Jumbo","street":"Julianaplein 48","city":"Amsterdam","postcode":"1097DN","osm":"node/8339655610"}},{"type":"Feature","id":8363980301,"geometry":{"type":"Point","coordinates":[5.116043,51.988012]},"properties":{"chain":"plus","name":"PLUS","street":"De Brink 2","city":"Hoef en Haag","postcode":"4125TR","osm":"node/8363980301"}},{"type":"Feature","id":8363993241,"geometry":{"type":"Point","coordinates":[4.86906,52.33969]},"properties":{"chain":"ah","name":"Albert Heijn","street":"Parnassusweg 707","city":"Amsterdam","postcode":"1077DG","osm":"node/8363993241"}},{"type":"Feature","id":8373336298,"geometry":{"type":"Point","coordinates":[5.823428,53.20212]},"properties":{"chain":"aldi","name":"ALDI","street":"De Centrale 39b","city":"Leeuwarden","postcode":"8924CZ","osm":"node/8373336298"}},{"type":"Feature","id":8412889521,"geometry":{"type":"Point","coordinates":[4.655485,52.358875]},"properties":{"chain":"aldi","name":"ALDI","street":"Casablancastraat 11","city":"Haarlem","postcode":"2037AZ","osm":"node/8412889521"}},{"type":"Feature","id":8412889546,"geometry":{"type":"Point","coordinates":[4.655484,52.358799]},"properties":{"chain":"ah","name":"Albert Heijn","street":"Casablancastraat 13","city":"Haarlem","postcode":"2037AZ","osm":"node/8412889546"}},{"type":"Feature","id":8460303139,"geometry":{"type":"Point","coordinates":[6.101254,52.235979]},"properties":{"chain":"aldi","name":"ALDI","street":"Duistervoordseweg 21","city":"Twello","postcode":"7391CA","osm":"node/8460303139"}},{"type":"Feature","id":8511556356,"geometry":{"type":"Point","coordinates":[5.292626,52.375876]},"properties":{"chain":"lidl","name":"Lidl","street":"Daniël Goedkoopstraat 21","city":"Almere","postcode":"1349GJ","osm":"node/8511556356"}},{"type":"Feature","id":8557728283,"geometry":{"type":"Point","coordinates":[5.051544,52.646188]},"properties":{"chain":"ah","name":"Albert Heijn","street":"van Dedemstraat 19","city":"Hoorn","postcode":"1624NN","osm":"node/8557728283"}},{"type":"Feature","id":8615010662,"geometry":{"type":"Point","coordinates":[4.364471,52.009353]},"properties":{"chain":"ah","name":"Albert Heijn","street":"Bastiaanpoort 7","city":"Delft","postcode":"2611MC","osm":"node/8615010662"}},{"type":"Feature","id":8626716192,"geometry":{"type":"Point","coordinates":[5.134539,52.106744]},"properties":{"chain":"ah","name":"Albert Heijn","street":"Troosterhof 14","city":"Utrecht","postcode":"3571NC","osm":"node/8626716192"}},{"type":"Feature","id":8633187410,"geometry":{"type":"Point","coordinates":[5.632314,52.352747]},"properties":{"chain":"lidl","name":"Lidl","street":"Knardijk West 8","city":"Harderwijk","postcode":"3841LA","osm":"node/8633187410"}},{"type":"Feature","id":8650419561,"geometry":{"type":"Point","coordinates":[4.711079,52.013974]},"properties":{"chain":"plus","name":"PLUS","street":"Nieuwe-Marktpassage 30","city":"Gouda","postcode":"2801HV","osm":"node/8650419561"}},{"type":"Feature","id":8672874406,"geometry":{"type":"Point","coordinates":[5.799887,51.811429]},"properties":{"chain":"ah","name":"Albert Heijn","street":"Meijhorst 7001","city":"Nijmegen","postcode":"6537EN","osm":"node/8672874406"}},{"type":"Feature","id":8672874413,"geometry":{"type":"Point","coordinates":[5.800535,51.811906]},"properties":{"chain":"lidl","name":"Lidl","street":"Meijhorst 7005","city":"Nijmegen","postcode":"6537EN","osm":"node/8672874413"}},{"type":"Feature","id":8694131479,"geometry":{"type":"Point","coordinates":[5.916394,52.533705]},"properties":{"chain":"aldi","name":"ALDI","street":"De Arend 1","city":"Kampen","postcode":"8265NK","osm":"node/8694131479"}},{"type":"Feature","id":8706732255,"geometry":{"type":"Point","coordinates":[6.882047,52.224685]},"properties":{"chain":"aldi","name":"ALDI","street":"Schuttersveld 3","city":"Enschede","postcode":"7514AC","osm":"node/8706732255"}},{"type":"Feature","id":8724400967,"geometry":{"type":"Point","coordinates":[5.843353,50.992896]},"properties":{"chain":"aldi","name":"ALDI","osm":"node/8724400967"}},{"type":"Feature","id":8726463152,"geometry":{"type":"Point","coordinates":[6.51681,52.860675]},"properties":{"chain":"lidl","name":"Lidl","street":"Karspelstraat 66","city":"Beilen","postcode":"9411ND","osm":"node/8726463152"}},{"type":"Feature","id":8735499717,"geometry":{"type":"Point","coordinates":[4.474563,51.995369]},"properties":{"chain":"lidl","name":"Lidl","street":"Westersingel 49a","city":"Berkel en Rodenrijs","postcode":"2651CM","osm":"node/8735499717"}},{"type":"Feature","id":8763779568,"geometry":{"type":"Point","coordinates":[5.513012,51.434381]},"properties":{"chain":"jumbo","name":"Jumbo","street":"Kanaaldijk-Noord 125","city":"Eindhoven","postcode":"5642JB","osm":"node/8763779568"}},{"type":"Feature","id":8826967641,"geometry":{"type":"Point","coordinates":[5.183623,52.119649]},"properties":{"chain":"jumbo","name":"Jumbo","street":"Neptunuslaan 13","city":"Bilthoven","postcode":"3721LG","osm":"node/8826967641"}},{"type":"Feature","id":8832061370,"geometry":{"type":"Point","coordinates":[5.743806,51.50347]},"properties":{"chain":"aldi","name":"ALDI","street":"Dorpsstraat 58","city":"Bakel","postcode":"5761BP","osm":"node/8832061370"}},{"type":"Feature","id":8841775107,"geometry":{"type":"Point","coordinates":[6.839917,53.390059]},"properties":{"chain":"plus","name":"PLUS","street":"Alberdaweg 9","city":"Spijk","postcode":"9909AJ","osm":"node/8841775107"}},{"type":"Feature","id":8856290431,"geometry":{"type":"Point","coordinates":[3.908739,51.653452]},"properties":{"chain":"ah","name":"Albert Heijn","street":"Haringvlietplein 7","city":"Zierikzee","postcode":"4301XG","osm":"node/8856290431"}},{"type":"Feature","id":8856290432,"geometry":{"type":"Point","coordinates":[3.909612,51.653469]},"properties":{"chain":"lidl","name":"Lidl","street":"Haringvlietplein 13","city":"Zierikzee","postcode":"4301XG","osm":"node/8856290432"}},{"type":"Feature","id":8903532967,"geometry":{"type":"Point","coordinates":[5.465048,51.42756]},"properties":{"chain":"jumbo","name":"Jumbo","street":"Boutenslaan 56","city":"Eindhoven","postcode":"5615KT","osm":"node/8903532967"}},{"type":"Feature","id":8935988939,"geometry":{"type":"Point","coordinates":[4.608835,52.390682]},"properties":{"chain":"ah","name":"Albert Heijn","street":"Bloemendaalseweg 240","city":"Overveen","postcode":"2051GM","osm":"node/8935988939"}},{"type":"Feature","id":8990634023,"geometry":{"type":"Point","coordinates":[4.942456,51.543903]},"properties":{"chain":"jumbo","name":"Jumbo Hapers","street":"Lange Wagenstraat 2","city":"Gilze","postcode":"5126BC","osm":"node/8990634023"}},{"type":"Feature","id":9019928174,"geometry":{"type":"Point","coordinates":[5.055742,52.657556]},"properties":{"chain":"ah","name":"Albert Heijn","street":"De Huesmolen 2","city":"Hoorn","postcode":"1625HZ","osm":"node/9019928174"}},{"type":"Feature","id":9036166428,"geometry":{"type":"Point","coordinates":[4.803956,52.358258]},"properties":{"chain":"lidl","name":"Lidl","street":"Osdorpplein 572","city":"Amsterdam","postcode":"1068TB","osm":"node/9036166428"}},{"type":"Feature","id":9042627742,"geometry":{"type":"Point","coordinates":[5.114174,52.091275]},"properties":{"chain":"jumbo","name":"Jumbo","street":"Rijnkade 6","city":"Utrecht","postcode":"3511LC","osm":"node/9042627742"}},{"type":"Feature","id":9045469055,"geometry":{"type":"Point","coordinates":[5.67232,53.028142]},"properties":{"chain":"lidl","name":"Lidl","street":"Oude Oppenhuizerweg 4","city":"Sneek","postcode":"8606JC","osm":"node/9045469055"}},{"type":"Feature","id":9068177551,"geometry":{"type":"Point","coordinates":[5.784544,51.764307]},"properties":{"chain":"plus","name":"PLUS","street":"Lagenhof 5","city":"Overasselt","postcode":"6611AB","osm":"node/9068177551"}},{"type":"Feature","id":9071291762,"geometry":{"type":"Point","coordinates":[4.856631,52.384216]},"properties":{"chain":"ah","name":"Albert Heijn","osm":"node/9071291762"}},{"type":"Feature","id":9097664301,"geometry":{"type":"Point","coordinates":[6.65264,53.232141]},"properties":{"chain":"jumbo","name":"Jumbo","street":"Vossenburglaan 184","city":"Meerstad","postcode":"9613CG","osm":"node/9097664301"}},{"type":"Feature","id":9114962340,"geometry":{"type":"Point","coordinates":[4.221273,52.068599]},"properties":{"chain":"plus","name":"PLUS","street":"Deltaplein 300","city":"'s-Gravenhage","postcode":"2554GW","osm":"node/9114962340"}},{"type":"Feature","id":9119413530,"geometry":{"type":"Point","coordinates":[4.676302,51.78659]},"properties":{"chain":"jumbo","name":"Jumbo Foodmarkt","street":"P.A. de Kok-plein 152","city":"Dordrecht","postcode":"3318JW","osm":"node/9119413530"}},{"type":"Feature","id":9120627323,"geometry":{"type":"Point","coordinates":[4.356721,52.091836]},"properties":{"chain":"ah","name":"Albert Heijn","street":"Het Kleine Loo 342","city":"'s-Gravenhage","postcode":"2592CK","osm":"node/9120627323"}},{"type":"Feature","id":9137246561,"geometry":{"type":"Point","coordinates":[4.794416,51.565626]},"properties":{"chain":"aldi","name":"ALDI","street":"Allerheiligenweg 85","city":"Breda","postcode":"4834TN","osm":"node/9137246561"}},{"type":"Feature","id":9137400862,"geometry":{"type":"Point","coordinates":[5.093035,51.540047]},"properties":{"chain":"jumbo","name":"Jumbo","street":"Pater van den Elsenplein 35","city":"Tilburg","postcode":"5022EG","osm":"node/9137400862"}},{"type":"Feature","id":9139623078,"geometry":{"type":"Point","coordinates":[5.523799,51.766973]},"properties":{"chain":"plus","name":"PLUS","street":"Heschepad 49","city":"Oss","postcode":"5341GS","osm":"node/9139623078"}},{"type":"Feature","id":9141291572,"geometry":{"type":"Point","coordinates":[4.947446,52.702421]},"properties":{"chain":"ah","name":"Albert Heijn","street":"Wuiver 4-6","city":"Spanbroek","postcode":"1715ED","osm":"node/9141291572"}},{"type":"Feature","id":9141305928,"geometry":{"type":"Point","coordinates":[5.075317,52.668395]},"properties":{"chain":"ah","name":"Albert Heijn","street":"Dorpsstraat 200","city":"Zwaag","postcode":"1689GH","osm":"node/9141305928"}},{"type":"Feature","id":9160651424,"geometry":{"type":"Point","coordinates":[5.680961,51.739046]},"properties":{"chain":"aldi","name":"ALDI","street":"Monseigneur Borretstraat 56","city":"Reek","postcode":"5375AC","osm":"node/9160651424"}},{"type":"Feature","id":9175130530,"geometry":{"type":"Point","coordinates":[4.339439,52.022045]},"properties":{"chain":"lidl","name":"Lidl","street":"Porseleinvlinderstraat 15","city":"Rijswijk","postcode":"2288HX","osm":"node/9175130530"}},{"type":"Feature","id":9183522998,"geometry":{"type":"Point","coordinates":[5.331325,52.346625]},"properties":{"chain":"aldi","name":"ALDI","street":"Margaret Cavendishweg 65","city":"Almere","postcode":"1349BN","osm":"node/9183522998"}},{"type":"Feature","id":9183522999,"geometry":{"type":"Point","coordinates":[5.332966,52.347286]},"properties":{"chain":"ah","name":"Albert Heijn","street":"Margaret Cavendishweg 95","city":"Almere","postcode":"1349BN","osm":"node/9183522999"}},{"type":"Feature","id":9210861617,"geometry":{"type":"Point","coordinates":[5.300044,52.402279]},"properties":{"chain":"ah","name":"Albert Heijn","street":"Lombokstraat 2","city":"Almere","postcode":"1335JR","osm":"node/9210861617"}},{"type":"Feature","id":9214243282,"geometry":{"type":"Point","coordinates":[5.853472,51.86478]},"properties":{"chain":"aldi","name":"ALDI","street":"Oranje Marieplein 9","city":"Lent","postcode":"6663RL","osm":"node/9214243282"}},{"type":"Feature","id":9214302568,"geometry":{"type":"Point","coordinates":[5.853789,51.864535]},"properties":{"chain":"ah","name":"Albert Heijn XL","street":"Oranje Marieplein 8","city":"Lent","postcode":"6663RL","osm":"node/9214302568"}},{"type":"Feature","id":9219413920,"geometry":{"type":"Point","coordinates":[5.932186,51.933727]},"properties":{"chain":"plus","name":"PLUS","street":"Muntstraat 13","city":"Huissen","postcode":"6851JW","osm":"node/9219413920"}},{"type":"Feature","id":9235404557,"geometry":{"type":"Point","coordinates":[4.83083,52.662794]},"properties":{"chain":"ah","name":"Albert Heijn XL","street":"Middenwaard 2","city":"Heerhugowaard","postcode":"1703SE","osm":"node/9235404557"}},{"type":"Feature","id":9254071210,"geometry":{"type":"Point","coordinates":[5.350036,51.639036]},"properties":{"chain":"jumbo","name":"Jumbo","street":"Kloosterpad 9","city":"Sint-Michielsgestel","postcode":"5271AX","osm":"node/9254071210"}},{"type":"Feature","id":9254386662,"geometry":{"type":"Point","coordinates":[3.699134,51.573065]},"properties":{"chain":"aldi","name":"ALDI","street":"Ruiterplaatweg 4","city":"Kamperland","postcode":"4493PG","osm":"node/9254386662"}},{"type":"Feature","id":9275103042,"geometry":{"type":"Point","coordinates":[5.099266,51.58517]},"properties":{"chain":"lidl","name":"Lidl","street":"Kreverplein 1","city":"Tilburg","postcode":"5012CP","osm":"node/9275103042"}},{"type":"Feature","id":9318757014,"geometry":{"type":"Point","coordinates":[4.844614,51.951893]},"properties":{"chain":"lidl","name":"Lidl","street":"Albert Plesmanstraat 21","city":"Schoonhoven","postcode":"2871HJ","osm":"node/9318757014"}},{"type":"Feature","id":9327486819,"geometry":{"type":"Point","coordinates":[5.842253,50.993694]},"properties":{"chain":"jumbo","name":"Jumbo","street":"Zürichstraat 11","city":"Sittard","postcode":"6135LP","osm":"node/9327486819"}},{"type":"Feature","id":9339279428,"geometry":{"type":"Point","coordinates":[6.711246,51.971237]},"properties":{"chain":"aldi","name":"ALDI","street":"Landbouwstraat 15","city":"Winterswijk","postcode":"7101EK","osm":"node/9339279428"}},{"type":"Feature","id":9353947663,"geometry":{"type":"Point","coordinates":[5.289597,51.872024]},"properties":{"chain":"aldi","name":"ALDI","street":"Rijksstraatweg 70","city":"Meteren","postcode":"4194SL","osm":"node/9353947663"}},{"type":"Feature","id":9368254897,"geometry":{"type":"Point","coordinates":[5.947738,51.647952]},"properties":{"chain":"aldi","name":"ALDI","street":"d'n Entrepot 9","city":"Boxmeer","postcode":"5831DE","osm":"node/9368254897"}},{"type":"Feature","id":9454067828,"geometry":{"type":"Point","coordinates":[4.516106,52.144005]},"properties":{"chain":"jumbo","name":"Jumbo","street":"Molenplein 1","city":"Zoeterwoude","postcode":"2382BT","osm":"node/9454067828"}},{"type":"Feature","id":9528163237,"geometry":{"type":"Point","coordinates":[5.366459,52.164114]},"properties":{"chain":"aldi","name":"ALDI","street":"Amsterdamseweg 47","city":"Amersfoort","postcode":"3812RP","osm":"node/9528163237"}},{"type":"Feature","id":9528163238,"geometry":{"type":"Point","coordinates":[5.366653,52.164362]},"properties":{"chain":"ah","name":"Albert Heijn","street":"Amsterdamseweg 45","city":"Amersfoort","postcode":"3812RP","osm":"node/9528163238"}},{"type":"Feature","id":9545619551,"geometry":{"type":"Point","coordinates":[4.646992,52.3707]},"properties":{"chain":"ah","name":"Albert Heijn","street":"Schipholweg 5","city":"Haarlem","postcode":"2034LS","osm":"node/9545619551"}},{"type":"Feature","id":9547250647,"geometry":{"type":"Point","coordinates":[5.098548,52.653282]},"properties":{"chain":"ah","name":"Albert Heijn","street":"Stan Kentonhof 88","city":"Hoorn","postcode":"1628TR","osm":"node/9547250647"}},{"type":"Feature","id":9559074908,"geometry":{"type":"Point","coordinates":[5.282342,52.703168]},"properties":{"chain":"ah","name":"Albert Heijn","street":"Westerstraat 188","city":"Enkhuizen","postcode":"1601AP","osm":"node/9559074908"}},{"type":"Feature","id":9592647225,"geometry":{"type":"Point","coordinates":[4.465167,52.156843]},"properties":{"chain":"aldi","name":"ALDI","street":"Diamantplein","osm":"node/9592647225"}},{"type":"Feature","id":9594132439,"geometry":{"type":"Point","coordinates":[5.09927,51.567946]},"properties":{"chain":"aldi","name":"ALDI","street":"Dijksterhuisstraat 88","city":"Tilburg","postcode":"5013BG","osm":"node/9594132439"}},{"type":"Feature","id":9652236851,"geometry":{"type":"Point","coordinates":[5.71105,50.865115]},"properties":{"chain":"ah","name":"Albert Heijn Jan Linders","street":"Masadastraat 51","city":"Maastricht","postcode":"6222DZ","osm":"node/9652236851"}},{"type":"Feature","id":9698601378,"geometry":{"type":"Point","coordinates":[5.564397,51.43153]},"properties":{"chain":"lidl","name":"Lidl","street":"Wede 2","city":"Geldrop","postcode":"5667AS","osm":"node/9698601378"}},{"type":"Feature","id":9712025464,"geometry":{"type":"Point","coordinates":[5.277897,51.690909]},"properties":{"chain":"lidl","name":"Lidl","street":"Oude Vlijmenseweg 108","city":"'s-Hertogenbosch","postcode":"5223GS","osm":"node/9712025464"}},{"type":"Feature","id":9720809743,"geometry":{"type":"Point","coordinates":[6.272597,51.970348]},"properties":{"chain":"ah","name":"Albert Heijn","street":"Zaagmolenpad 16","city":"Doetinchem","postcode":"7008AJ","osm":"node/9720809743"}},{"type":"Feature","id":9721947972,"geometry":{"type":"Point","coordinates":[5.357931,51.736152]},"properties":{"chain":"jumbo","name":"Jumbo","street":"Het Frontier 161","city":"Rosmalen","postcode":"5245ED","osm":"node/9721947972"}},{"type":"Feature","id":9721948009,"geometry":{"type":"Point","coordinates":[5.357272,51.736554]},"properties":{"chain":"ah","name":"Albert Heijn Jan Linders","street":"Het Frontier 176","city":"Rosmalen","postcode":"5245EE","osm":"node/9721948009"}},{"type":"Feature","id":9740799900,"geometry":{"type":"Point","coordinates":[4.314309,51.584472]},"properties":{"chain":"lidl","name":"Lidl","street":"Burgemeester van Loonstraat 72","city":"Steenbergen","postcode":"4651CE","osm":"node/9740799900"}},{"type":"Feature","id":9749729922,"geometry":{"type":"Point","coordinates":[7.037502,52.23476]},"properties":{"chain":"aldi","name":"ALDI","street":"Hoofdstraat 195","city":"Overdinkel","postcode":"7586BP","osm":"node/9749729922"}},{"type":"Feature","id":9754220261,"geometry":{"type":"Point","coordinates":[5.92858,51.988656]},"properties":{"chain":"ah","name":"Albert Heijn","street":"Velperweg 47","city":"Arnhem","postcode":"6824BG","osm":"node/9754220261"}},{"type":"Feature","id":9787232138,"geometry":{"type":"Point","coordinates":[6.007602,53.323496]},"properties":{"chain":"aldi","name":"ALDI","street":"Koophandel 2","city":"Dokkum","postcode":"9101WZ","osm":"node/9787232138"}},{"type":"Feature","id":9811406073,"geometry":{"type":"Point","coordinates":[5.847823,51.954461]},"properties":{"chain":"lidl","name":"Lidl","street":"Fortunastraat 44","city":"Arnhem","postcode":"6846XZ","osm":"node/9811406073"}},{"type":"Feature","id":9875994503,"geometry":{"type":"Point","coordinates":[5.609434,52.969259]},"properties":{"chain":"plus","name":"PLUS Gerritsma","street":"Koaldyk 17","city":"Heeg","postcode":"8621CN","osm":"node/9875994503"}},{"type":"Feature","id":9880934523,"geometry":{"type":"Point","coordinates":[4.665524,52.484457]},"properties":{"chain":"lidl","name":"Lidl","street":"Spoorsingel 21","city":"Beverwijk","postcode":"1947LA","osm":"node/9880934523"}},{"type":"Feature","id":9885672785,"geometry":{"type":"Point","coordinates":[6.582229,52.232874]},"properties":{"chain":"lidl","name":"Lidl","street":"Laarstraat 3","city":"Goor","postcode":"7471DA","osm":"node/9885672785"}},{"type":"Feature","id":9908363078,"geometry":{"type":"Point","coordinates":[3.547322,51.483328]},"properties":{"chain":"aldi","name":"ALDI","street":"Duinstraat 18B","city":"Koudekerke","postcode":"4371AZ","osm":"node/9908363078"}},{"type":"Feature","id":9937137916,"geometry":{"type":"Point","coordinates":[6.863178,52.211245]},"properties":{"chain":"jumbo","name":"Jumbo","street":"Wethouder Nijhuisstraat 238","city":"Enschede","postcode":"7545NP","osm":"node/9937137916"}},{"type":"Feature","id":9937314644,"geometry":{"type":"Point","coordinates":[7.007198,52.3761]},"properties":{"chain":"aldi","name":"ALDI","street":"Nordhornsestraat 12","city":"Denekamp","postcode":"7591BG","osm":"node/9937314644"}},{"type":"Feature","id":9937869482,"geometry":{"type":"Point","coordinates":[4.748892,52.376848]},"properties":{"chain":"lidl","name":"Lidl","street":"Olmenlaan 139","city":"Zwanenburg","postcode":"1161JV","osm":"node/9937869482"}},{"type":"Feature","id":9946598909,"geometry":{"type":"Point","coordinates":[4.235582,51.862114]},"properties":{"chain":"ah","name":"Albert Heijn","street":"Nico de Regtplein 5","city":"Heenvliet","postcode":"3218XW","osm":"node/9946598909"}},{"type":"Feature","id":9970460839,"geometry":{"type":"Point","coordinates":[4.489615,51.888475]},"properties":{"chain":"ah","name":"Albert Heijn","street":"Zuidplein 60H","city":"Rotterdam","postcode":"3083CW","osm":"node/9970460839"}},{"type":"Feature","id":9986409103,"geometry":{"type":"Point","coordinates":[3.743107,51.699225]},"properties":{"chain":"aldi","name":"ALDI","osm":"node/9986409103"}},{"type":"Feature","id":10015831432,"geometry":{"type":"Point","coordinates":[4.299902,51.492553]},"properties":{"chain":"jumbo","name":"Jumbo","street":"Piusplein 11","city":"Bergen op Zoom","postcode":"4621EM","osm":"node/10015831432"}},{"type":"Feature","id":10048985478,"geometry":{"type":"Point","coordinates":[5.694415,52.537263]},"properties":{"chain":"lidl","name":"Lidl","street":"Beursstraat 14","city":"Dronten","postcode":"8253GG","osm":"node/10048985478"}},{"type":"Feature","id":10075322745,"geometry":{"type":"Point","coordinates":[4.836624,52.387488]},"properties":{"chain":"jumbo","name":"Jumbo","street":"Teleportboulevard 76","city":"Amsterdam","postcode":"1043EJ","osm":"node/10075322745"}},{"type":"Feature","id":10110102490,"geometry":{"type":"Point","coordinates":[5.398201,51.678115]},"properties":{"chain":"aldi","name":"ALDI","street":"Runweg 14","city":"Berlicum","postcode":"5258BN","osm":"node/10110102490"}},{"type":"Feature","id":10249513508,"geometry":{"type":"Point","coordinates":[4.716292,51.80292]},"properties":{"chain":"aldi","name":"ALDI","street":"Van Eesterenplein 182","city":"Dordrecht","postcode":"3315KW","osm":"node/10249513508"}},{"type":"Feature","id":10278844863,"geometry":{"type":"Point","coordinates":[4.633153,52.075661]},"properties":{"chain":"aldi","name":"ALDI","street":"Westpark 3A","city":"Boskoop","postcode":"2771RV","osm":"node/10278844863"}},{"type":"Feature","id":10290296862,"geometry":{"type":"Point","coordinates":[5.093825,52.045527]},"properties":{"chain":"aldi","name":"ALDI","street":"Middelhoeve 1","city":"Nieuwegein","postcode":"3438MG","osm":"node/10290296862"}},{"type":"Feature","id":10296649592,"geometry":{"type":"Point","coordinates":[5.625211,51.648757]},"properties":{"chain":"aldi","name":"ALDI","street":"Vijverlaan 1","city":"Uden","postcode":"5404KH","osm":"node/10296649592"}},{"type":"Feature","id":10298337967,"geometry":{"type":"Point","coordinates":[5.86143,51.845917]},"properties":{"chain":"ah","name":"Albert Heijn","street":"Bloemerstraat 133","city":"Nijmegen","postcode":"6511EH","osm":"node/10298337967"}},{"type":"Feature","id":10300578823,"geometry":{"type":"Point","coordinates":[4.627411,51.812376]},"properties":{"chain":"jumbo","name":"Jumbo","street":"Kort-Ambachtlaan 97","city":"Zwijndrecht","postcode":"3333EK","osm":"node/10300578823"}},{"type":"Feature","id":10650625476,"geometry":{"type":"Point","coordinates":[5.100826,52.766107]},"properties":{"chain":"ah","name":"Albert Heijn","street":"Overleek 1","city":"Medemblik","postcode":"1671GD","osm":"node/10650625476"}},{"type":"Feature","id":10680984299,"geometry":{"type":"Point","coordinates":[4.816775,52.460548]},"properties":{"chain":"aldi","name":"ALDI","street":"Dr. H.G. Scholtenstraat 5b","city":"Zaandam","postcode":"1508EB","osm":"node/10680984299"}},{"type":"Feature","id":10708857141,"geometry":{"type":"Point","coordinates":[4.822677,51.609742]},"properties":{"chain":"aldi","name":"ALDI","street":"Scheperij 5","city":"Teteringen","postcode":"4847EZ","osm":"node/10708857141"}},{"type":"Feature","id":10708857142,"geometry":{"type":"Point","coordinates":[4.822582,51.609458]},"properties":{"chain":"jumbo","name":"Jumbo","street":"Scheperij 7","city":"Teteringen","postcode":"4847EZ","osm":"node/10708857142"}},{"type":"Feature","id":10733959147,"geometry":{"type":"Point","coordinates":[5.477733,51.468096]},"properties":{"chain":"jumbo","name":"Jumbo","street":"Winkelcentrum Woensel 1","city":"Eindhoven","postcode":"5625AA","osm":"node/10733959147"}},{"type":"Feature","id":10757550579,"geometry":{"type":"Point","coordinates":[4.346894,51.68231]},"properties":{"chain":"plus","name":"PLUS","street":"Weespad 33","city":"Ooltgensplaat","postcode":"3257KJ","osm":"node/10757550579"}},{"type":"Feature","id":10784693565,"geometry":{"type":"Point","coordinates":[6.405838,52.271233]},"properties":{"chain":"ah","name":"Albert Heijn","street":"Larenseweg 102D","city":"Holten","postcode":"7451EN","osm":"node/10784693565"}},{"type":"Feature","id":10839636368,"geometry":{"type":"Point","coordinates":[3.820238,51.472151]},"properties":{"chain":"lidl","name":"Lidl","street":"Stenevate 6","city":"Heinkenszand","postcode":"4451KB","osm":"node/10839636368"}},{"type":"Feature","id":10931553417,"geometry":{"type":"Point","coordinates":[6.424463,52.527504]},"properties":{"chain":"aldi","name":"ALDI","street":"Nieuwelandstraat 1b","city":"Ommen","postcode":"7731TH","osm":"node/10931553417"}},{"type":"Feature","id":11022654026,"geometry":{"type":"Point","coordinates":[6.928287,53.332246]},"properties":{"chain":"lidl","name":"Lidl","street":"Willemstraat 32","city":"Delfzijl","postcode":"9934BC","osm":"node/11022654026"}},{"type":"Feature","id":11040090305,"geometry":{"type":"Point","coordinates":[5.883395,51.750449]},"properties":{"chain":"jumbo","name":"Jumbo","street":"Rijksweg 121","city":"Mook","postcode":"6585AC","osm":"node/11040090305"}},{"type":"Feature","id":11040439884,"geometry":{"type":"Point","coordinates":[4.827169,51.823917]},"properties":{"chain":"aldi","name":"ALDI","street":"Peulenplein 1","city":"Hardinxveld-Giessendam","postcode":"3371XV","osm":"node/11040439884"}},{"type":"Feature","id":11062208335,"geometry":{"type":"Point","coordinates":[5.789101,52.386092]},"properties":{"chain":"aldi","name":"ALDI","street":"Beltmolen 1","city":"Nunspeet","postcode":"8071TL","osm":"node/11062208335"}},{"type":"Feature","id":11079478510,"geometry":{"type":"Point","coordinates":[4.506473,51.544885]},"properties":{"chain":"ah","name":"Albert Heijn","street":"Rijksweg-Noord 28","city":"Zegge","postcode":"4735TX","osm":"node/11079478510"}},{"type":"Feature","id":11117711774,"geometry":{"type":"Point","coordinates":[4.81645,51.595412]},"properties":{"chain":"aldi","name":"ALDI","street":"Urkstraat 9","city":"Breda","postcode":"4817AR","osm":"node/11117711774"}},{"type":"Feature","id":11126280469,"geometry":{"type":"Point","coordinates":[4.920607,51.587721]},"properties":{"chain":"lidl","name":"Lidl","street":"A.Vlaminckxplein 3","city":"Rijen","postcode":"5121EX","osm":"node/11126280469"}},{"type":"Feature","id":11133944632,"geometry":{"type":"Point","coordinates":[5.728224,50.828155]},"properties":{"chain":"ah","name":"Albert Heijn Jan Linders","street":"Rijksweg 62A02","city":"Maastricht","postcode":"6228XZ","osm":"node/11133944632"}},{"type":"Feature","id":11160879680,"geometry":{"type":"Point","coordinates":[4.888902,52.367112]},"properties":{"chain":"ah","name":"Albert Heijn","osm":"node/11160879680"}},{"type":"Feature","id":11194075220,"geometry":{"type":"Point","coordinates":[6.955922,52.986388]},"properties":{"chain":"jumbo","name":"Jumbo Froukje Sloot","street":"Beneluxlaan 6","city":"Stadskanaal","postcode":"9501CT","osm":"node/11194075220"}},{"type":"Feature","id":11216190585,"geometry":{"type":"Point","coordinates":[6.373665,52.837961]},"properties":{"chain":"aldi","name":"ALDI","street":"Valderseweg 75","city":"Dwingeloo","postcode":"7991BD","osm":"node/11216190585"}},{"type":"Feature","id":11261940823,"geometry":{"type":"Point","coordinates":[5.576624,51.275301]},"properties":{"chain":"jumbo","name":"Jumbo","street":"Dr. Ant. Mathijsenstraat 9a","city":"Budel","postcode":"6021CJ","osm":"node/11261940823"}},{"type":"Feature","id":11262154500,"geometry":{"type":"Point","coordinates":[4.491349,51.888368]},"properties":{"chain":"lidl","name":"Lidl","street":"Zuidplein 624","city":"Rotterdam","postcode":"3083CX","osm":"node/11262154500"}},{"type":"Feature","id":11296101670,"geometry":{"type":"Point","coordinates":[5.04409,52.318541]},"properties":{"chain":"ah","name":"Albert Heijn","street":"Gouwplein 1A","city":"Weesp","postcode":"1384MB","osm":"node/11296101670"}},{"type":"Feature","id":11378435862,"geometry":{"type":"Point","coordinates":[5.052924,52.332828]},"properties":{"chain":"ah","name":"Albert Heijn","street":"E.J. Ruijgplein 2","city":"Muiden","postcode":"1398KK","osm":"node/11378435862"}},{"type":"Feature","id":11388612415,"geometry":{"type":"Point","coordinates":[4.993462,51.836866]},"properties":{"chain":"aldi","name":"ALDI","street":"Dr. H.B. Wiardi Beckmanplein 59a","city":"Gorinchem","postcode":"4207NA","osm":"node/11388612415"}},{"type":"Feature","id":11413307949,"geometry":{"type":"Point","coordinates":[4.868283,52.325951]},"properties":{"chain":"ah","name":"Albert Heijn","street":"Buitenveldertselaan 156","city":"Amsterdam","postcode":"1081AB","osm":"node/11413307949"}},{"type":"Feature","id":11423435725,"geometry":{"type":"Point","coordinates":[5.899722,51.250671]},"properties":{"chain":"ah","name":"Albert Heijn Heerschap","street":"Sint Antoniusstraat 1a","city":"Heythuysen","postcode":"6093GA","osm":"node/11423435725"}},{"type":"Feature","id":11435912737,"geometry":{"type":"Point","coordinates":[5.808157,51.808899]},"properties":{"chain":"jumbo","name":"Jumbo","street":"Malvert 7023","city":"Nijmegen","postcode":"6538DP","osm":"node/11435912737"}},{"type":"Feature","id":11460591703,"geometry":{"type":"Point","coordinates":[4.291928,52.047941]},"properties":{"chain":"aldi","name":"ALDI","street":"Betje Wolffstraat 207","city":"'s-Gravenhage","postcode":"2533HM","osm":"node/11460591703"}},{"type":"Feature","id":11469097425,"geometry":{"type":"Point","coordinates":[6.626257,52.413351]},"properties":{"chain":"aldi","name":"ALDI","street":"Westeinde 30","city":"Vriezenveen","postcode":"7671CC","osm":"node/11469097425"}},{"type":"Feature","id":11488287551,"geometry":{"type":"Point","coordinates":[4.273628,52.100545]},"properties":{"chain":"aldi","name":"ALDI","street":"Lindoduin 1","city":"'s-Gravenhage","postcode":"2583BG","osm":"node/11488287551"}},{"type":"Feature","id":11500800125,"geometry":{"type":"Point","coordinates":[3.801245,51.224799]},"properties":{"chain":"ah","name":"Albert Heijn","street":"Westkade 48","city":"Sas van Gent","postcode":"4551BV","osm":"node/11500800125"}},{"type":"Feature","id":11500800128,"geometry":{"type":"Point","coordinates":[3.801367,51.223913]},"properties":{"chain":"lidl","name":"Lidl","street":"Westkade 44","city":"Sas van Gent","postcode":"4551BV","osm":"node/11500800128"}},{"type":"Feature","id":11549998781,"geometry":{"type":"Point","coordinates":[5.588198,52.255153]},"properties":{"chain":"aldi","name":"ALDI","street":"Enghuusweg 13","city":"Putten","postcode":"3882ML","osm":"node/11549998781"}},{"type":"Feature","id":11579802501,"geometry":{"type":"Point","coordinates":[5.711292,51.931033]},"properties":{"chain":"aldi","name":"ALDI","street":"Hoofdstraat 21","city":"Zetten","postcode":"6671CD","osm":"node/11579802501"}},{"type":"Feature","id":11591057888,"geometry":{"type":"Point","coordinates":[4.234033,52.040254]},"properties":{"chain":"ah","name":"Albert Heijn","street":"Thomas Mannsingel 24","city":"'s-Gravenhage","postcode":"2553DA","osm":"node/11591057888"}},{"type":"Feature","id":11681036382,"geometry":{"type":"Point","coordinates":[6.105784,52.500383]},"properties":{"chain":"ah","name":"Albert Heijn","street":"Deventerstraatweg 24","city":"Zwolle","postcode":"8012AH","osm":"node/11681036382"}},{"type":"Feature","id":11686063849,"geometry":{"type":"Point","coordinates":[4.337773,52.067966]},"properties":{"chain":"ah","name":"Albert Heijn","street":"Binckhorstlaan 137","city":"'s-Gravenhage","postcode":"2516BA","osm":"node/11686063849"}},{"type":"Feature","id":11780658417,"geometry":{"type":"Point","coordinates":[5.484985,52.079507]},"properties":{"chain":"jumbo","name":"Jumbo Mudde","street":"Dorpsstraat 226","city":"Scherpenzeel","postcode":"3925KJ","osm":"node/11780658417"}},{"type":"Feature","id":11782237776,"geometry":{"type":"Point","coordinates":[5.945594,52.199227]},"properties":{"chain":"aldi","name":"ALDI","street":"Europaweg 44","city":"Apeldoorn","postcode":"7336AP","osm":"node/11782237776"}},{"type":"Feature","id":11807483723,"geometry":{"type":"Point","coordinates":[3.965287,51.473435]},"properties":{"chain":"aldi","name":"ALDI","street":"Abdijstraat 2-020","city":"Kapelle","postcode":"4421JE","osm":"node/11807483723"}},{"type":"Feature","id":11810235914,"geometry":{"type":"Point","coordinates":[5.544554,51.615024]},"properties":{"chain":"aldi","name":"ALDI","street":"Vlas en Graan 101","city":"Veghel","postcode":"5461KL","osm":"node/11810235914"}},{"type":"Feature","id":11815197287,"geometry":{"type":"Point","coordinates":[4.82044,52.429388]},"properties":{"chain":"aldi","name":"ALDI","street":"Stormhoek 71","city":"Zaandam","postcode":"1506SW","osm":"node/11815197287"}},{"type":"Feature","id":11822908207,"geometry":{"type":"Point","coordinates":[5.436885,51.61811]},"properties":{"chain":"aldi","name":"ALDI","street":"Catharinaplein 19","city":"Schijndel","postcode":"5482HT","osm":"node/11822908207"}},{"type":"Feature","id":11872429815,"geometry":{"type":"Point","coordinates":[7.035377,53.147616]},"properties":{"chain":"aldi","name":"ALDI","street":"Heemskerkstraat 55","city":"Winschoten","postcode":"9675BN","osm":"node/11872429815"}},{"type":"Feature","id":11872429847,"geometry":{"type":"Point","coordinates":[7.034913,53.147267]},"properties":{"chain":"jumbo","name":"Jumbo","street":"Heemskerkstraat 56","city":"Winschoten","postcode":"9675BN","osm":"node/11872429847"}},{"type":"Feature","id":11881372494,"geometry":{"type":"Point","coordinates":[5.758414,52.711909]},"properties":{"chain":"aldi","name":"ALDI","street":"Lange Nering 83","city":"Emmeloord","postcode":"8302EB","osm":"node/11881372494"}},{"type":"Feature","id":11891357092,"geometry":{"type":"Point","coordinates":[4.751186,52.634568]},"properties":{"chain":"ah","name":"Albert Heijn","street":"Kwakelkade 10E","city":"Alkmaar","postcode":"1823CK","osm":"node/11891357092"}},{"type":"Feature","id":11899470361,"geometry":{"type":"Point","coordinates":[4.271553,51.523718]},"properties":{"chain":"plus","name":"PLUS","street":"Dorpsstraat 75","city":"Halsteren","postcode":"4661HN","osm":"node/11899470361"}},{"type":"Feature","id":12013209006,"geometry":{"type":"Point","coordinates":[6.072085,52.465443]},"properties":{"chain":"lidl","name":"Lidl","street":"Populierenlaan 14","city":"Hattem","postcode":"8051DA","osm":"node/12013209006"}},{"type":"Feature","id":12037554735,"geometry":{"type":"Point","coordinates":[5.05676,52.691252]},"properties":{"chain":"ah","name":"Albert Heijn","street":"Ganker 3A","city":"Nibbixwoud","postcode":"1688CR","osm":"node/12037554735"}},{"type":"Feature","id":12077970059,"geometry":{"type":"Point","coordinates":[5.714977,51.379777]},"properties":{"chain":"lidl","name":"Lidl","street":"Kerkstraat 30c","city":"Someren","postcode":"5711GW","osm":"node/12077970059"}},{"type":"Feature","id":12109976384,"geometry":{"type":"Point","coordinates":[4.798076,52.788336]},"properties":{"chain":"lidl","name":"LIDL","osm":"node/12109976384"}},{"type":"Feature","id":12165002805,"geometry":{"type":"Point","coordinates":[5.286008,53.382516]},"properties":{"chain":"plus","name":"PLUS","street":"Oosterburen 2","city":"Midsland","postcode":"8891GC","osm":"node/12165002805"}},{"type":"Feature","id":12168851516,"geometry":{"type":"Point","coordinates":[4.820552,52.063628]},"properties":{"chain":"plus","name":"PLUS Hoogendoorn","street":"Molendijk 105","city":"Waarder","postcode":"3466NB","osm":"node/12168851516"}},{"type":"Feature","id":12178465520,"geometry":{"type":"Point","coordinates":[4.677449,52.494648]},"properties":{"chain":"lidl","name":"Lidl","street":"Europassage 7","city":"Heemskerk","postcode":"1966WH","osm":"node/12178465520"}},{"type":"Feature","id":12189041547,"geometry":{"type":"Point","coordinates":[4.600357,51.942078]},"properties":{"chain":"lidl","name":"Lidl","street":"Schermerhoek 509","city":"Capelle aan den IJssel","postcode":"2905TW","osm":"node/12189041547"}},{"type":"Feature","id":12190582269,"geometry":{"type":"Point","coordinates":[5.524329,51.87976]},"properties":{"chain":"aldi","name":"ALDI","street":"van Heemstraweg 44","city":"Beneden-Leeuwen","postcode":"6658KH","osm":"node/12190582269"}},{"type":"Feature","id":12250861675,"geometry":{"type":"Point","coordinates":[4.366886,51.750648]},"properties":{"chain":"ah","name":"Albert Heijn","street":"Gravin Sabinastraat 52","city":"Zuid-Beijerland","postcode":"3284AP","osm":"node/12250861675"}},{"type":"Feature","id":12274590879,"geometry":{"type":"Point","coordinates":[4.174607,51.753027]},"properties":{"chain":"lidl","name":"Lidl","street":"De Hofjes 3","city":"Middelharnis","postcode":"3241ML","osm":"node/12274590879"}},{"type":"Feature","id":12291875552,"geometry":{"type":"Point","coordinates":[6.540253,53.179731]},"properties":{"chain":"ah","name":"Albert Heijn","street":"Borchsingel 25","city":"Eelderwolde","postcode":"9766PP","osm":"node/12291875552"}},{"type":"Feature","id":12367285663,"geometry":{"type":"Point","coordinates":[6.380042,51.890344]},"properties":{"chain":"aldi","name":"ALDI","street":"Middelgraaf 42","city":"Ulft","postcode":"7071WT","osm":"node/12367285663"}},{"type":"Feature","id":12367315706,"geometry":{"type":"Point","coordinates":[6.382118,51.890996]},"properties":{"chain":"lidl","name":"Lidl","street":"Kerkstraat 30","city":"Ulft","postcode":"7071WZ","osm":"node/12367315706"}},{"type":"Feature","id":12372196704,"geometry":{"type":"Point","coordinates":[5.080344,52.644704]},"properties":{"chain":"lidl","name":"Lidl","street":"Clausplein 28","city":"Hoorn","postcode":"1623KD","osm":"node/12372196704"}},{"type":"Feature","id":12386150530,"geometry":{"type":"Point","coordinates":[4.521212,51.877425]},"properties":{"chain":"lidl","name":"Lidl","street":"Spinozaweg 187","city":"Rotterdam","postcode":"3076EL","osm":"node/12386150530"}},{"type":"Feature","id":12386397022,"geometry":{"type":"Point","coordinates":[5.439576,53.17142]},"properties":{"chain":"aldi","name":"ALDI","street":"Grensweg 19","city":"Harlingen","postcode":"8861KX","osm":"node/12386397022"}},{"type":"Feature","id":12405573285,"geometry":{"type":"Point","coordinates":[5.840639,51.840751]},"properties":{"chain":"aldi","name":"ALDI","street":"Fuchsiastraat 7","city":"Nijmegen","postcode":"6542NX","osm":"node/12405573285"}},{"type":"Feature","id":12407747390,"geometry":{"type":"Point","coordinates":[5.161465,51.360902]},"properties":{"chain":"ah","name":"Albert Heijn","street":"Wilhelminalaan 32","city":"Reusel","postcode":"5541CW","osm":"node/12407747390"}},{"type":"Feature","id":12407782498,"geometry":{"type":"Point","coordinates":[5.71878,52.114244]},"properties":{"chain":"ah","name":"Albert Heijn","street":"Edeseweg 101A","city":"Wekerom","postcode":"6733AD","osm":"node/12407782498"}},{"type":"Feature","id":12420625643,"geometry":{"type":"Point","coordinates":[6.985766,53.098146]},"properties":{"chain":"aldi","name":"ALDI","street":"Industrieweg-West 11","city":"Oude Pekela","postcode":"9665PX","osm":"node/12420625643"}},{"type":"Feature","id":12441888402,"geometry":{"type":"Point","coordinates":[5.960703,51.167551]},"properties":{"chain":"aldi","name":"ALDI","street":"Natronchemieweg 1","city":"Herten","postcode":"6049CN","osm":"node/12441888402"}},{"type":"Feature","id":12459606621,"geometry":{"type":"Point","coordinates":[4.950783,52.368462]},"properties":{"chain":"ah","name":"Albert Heijn","osm":"node/12459606621"}},{"type":"Feature","id":12512371351,"geometry":{"type":"Point","coordinates":[6.941878,52.994323]},"properties":{"chain":"jumbo","name":"Jumbo","osm":"node/12512371351"}},{"type":"Feature","id":12556812401,"geometry":{"type":"Point","coordinates":[6.674115,53.407717]},"properties":{"chain":"ah","name":"Albert Heijn","street":"Hoofdstraat-Oost 9","city":"Uithuizen","postcode":"9981AG","osm":"node/12556812401"}},{"type":"Feature","id":12623630305,"geometry":{"type":"Point","coordinates":[5.425672,53.164022]},"properties":{"chain":"lidl","name":"Lidl","street":"Kimswerderweg 58","city":"Harlingen","postcode":"8862TS","osm":"node/12623630305"}},{"type":"Feature","id":12623630306,"geometry":{"type":"Point","coordinates":[5.425906,53.164337]},"properties":{"chain":"ah","name":"Albert Heijn","street":"Kimswerderweg 56","city":"Harlingen","postcode":"8862TS","osm":"node/12623630306"}},{"type":"Feature","id":12624105100,"geometry":{"type":"Point","coordinates":[5.669131,53.031066]},"properties":{"chain":"jumbo","name":"Jumbo Kooistra","street":"Oppenhuizerweg 68","city":"Sneek","postcode":"8606AS","osm":"node/12624105100"}},{"type":"Feature","id":12637280897,"geometry":{"type":"Point","coordinates":[4.753376,52.482032]},"properties":{"chain":"aldi","name":"ALDI","street":"Dorpsstraat 705","city":"Assendelft","postcode":"1566EE","osm":"node/12637280897"}},{"type":"Feature","id":12650758377,"geometry":{"type":"Point","coordinates":[5.068721,52.026009]},"properties":{"chain":"lidl","name":"Lidl","street":"Buizerdlaan 12","city":"Nieuwegein","postcode":"3435SB","osm":"node/12650758377"}},{"type":"Feature","id":12662488111,"geometry":{"type":"Point","coordinates":[4.716472,52.010329]},"properties":{"chain":"jumbo","name":"Jumbo","street":"Fluwelensingel 58","city":"Gouda","postcode":"2806CC","osm":"node/12662488111"}},{"type":"Feature","id":12672319530,"geometry":{"type":"Point","coordinates":[5.502364,51.442534]},"properties":{"chain":"aldi","name":"ALDI","street":"Meerkollaan 6","city":"Eindhoven","postcode":"5613BW","osm":"node/12672319530"}},{"type":"Feature","id":12687777736,"geometry":{"type":"Point","coordinates":[6.512996,52.999843]},"properties":{"chain":"ah","name":"Albert Heijn","street":"Rondgang 20","city":"Assen","postcode":"9408MH","osm":"node/12687777736"}},{"type":"Feature","id":12688608926,"geometry":{"type":"Point","coordinates":[5.502707,51.441263]},"properties":{"chain":"ah","name":"Albert Heijn","osm":"node/12688608926"}},{"type":"Feature","id":12694054582,"geometry":{"type":"Point","coordinates":[4.815458,52.242467]},"properties":{"chain":"aldi","name":"ALDI","street":"Sportlaan 19","city":"Uithoorn","postcode":"1421TE","osm":"node/12694054582"}},{"type":"Feature","id":12732704926,"geometry":{"type":"Point","coordinates":[5.305133,51.691394]},"properties":{"chain":"jumbo","name":"Jumbo","street":"Tolbrugstraat 105","city":"'s-Hertogenbosch","postcode":"5211RW","osm":"node/12732704926"}},{"type":"Feature","id":12734131893,"geometry":{"type":"Point","coordinates":[4.912962,52.356759]},"properties":{"chain":"ah","name":"Albert Heijn","osm":"node/12734131893"}},{"type":"Feature","id":12824054671,"geometry":{"type":"Point","coordinates":[5.653619,53.018589]},"properties":{"chain":"jumbo","name":"Jumbo","street":"Molenkrite 130B","city":"Sneek","postcode":"8608XK","osm":"node/12824054671"}},{"type":"Feature","id":12858134309,"geometry":{"type":"Point","coordinates":[4.82825,52.453924]},"properties":{"chain":"ah","name":"Albert Heijn XL","street":"Koningin Julianaplein 10","city":"Zaandam","postcode":"1502DV","osm":"node/12858134309"}},{"type":"Feature","id":12895186148,"geometry":{"type":"Point","coordinates":[5.780504,50.861427]},"properties":{"chain":"plus","name":"PLUS Kaumanns","street":"Valkenburgerstraat 25","city":"Berg en Terblijt","postcode":"6325BK","osm":"node/12895186148"}},{"type":"Feature","id":12971213978,"geometry":{"type":"Point","coordinates":[5.81513,53.213029]},"properties":{"chain":"lidl","name":"Lidl","street":"Elzenstraat 1","city":"Leeuwarden","postcode":"8924JN","osm":"node/12971213978"}},{"type":"Feature","id":12990180298,"geometry":{"type":"Point","coordinates":[5.894578,51.959031]},"properties":{"chain":"aldi","name":"ALDI","street":"Kronenburgpassage 112","city":"Arnhem","postcode":"6831ES","osm":"node/12990180298"}},{"type":"Feature","id":12997205163,"geometry":{"type":"Point","coordinates":[6.678008,53.404923]},"properties":{"chain":"lidl","name":"Lidl","street":"Molenerf 13","city":"Uithuizen","postcode":"9981EA","osm":"node/12997205163"}},{"type":"Feature","id":13008543801,"geometry":{"type":"Point","coordinates":[5.930589,52.565126]},"properties":{"chain":"plus","name":"PLUS Anne-Jan van Dijk","street":"Slenkstraat 12A","city":"IJsselmuiden","postcode":"8271TB","osm":"node/13008543801"}},{"type":"Feature","id":13021483935,"geometry":{"type":"Point","coordinates":[5.427875,52.128413]},"properties":{"chain":"jumbo","name":"Jumbo Pickup Point","osm":"node/13021483935"}},{"type":"Feature","id":13073213601,"geometry":{"type":"Point","coordinates":[5.732287,50.863687]},"properties":{"chain":"plus","name":"PLUS Quaedvlieg","street":"Severenplein 24","city":"Maastricht","postcode":"6225AZ","osm":"node/13073213601"}},{"type":"Feature","id":13123112260,"geometry":{"type":"Point","coordinates":[4.838661,52.355674]},"properties":{"chain":"ah","name":"Albert Heijn","osm":"node/13123112260"}},{"type":"Feature","id":13124134384,"geometry":{"type":"Point","coordinates":[6.166,52.25281]},"properties":{"chain":"ah","name":"Albert Heijn","street":"Boreelplein 38","city":"Deventer","postcode":"7411EH","osm":"node/13124134384"}},{"type":"Feature","id":13158712628,"geometry":{"type":"Point","coordinates":[5.580721,51.381671]},"properties":{"chain":"ah","name":"Albert Heijn","street":"Kapelstraat 35","city":"Heeze","postcode":"5591HC","osm":"node/13158712628"}},{"type":"Feature","id":13160572800,"geometry":{"type":"Point","coordinates":[6.468717,51.859432]},"properties":{"chain":"aldi","name":"ALDI","street":"Jaegerinkweg 6","city":"Dinxperlo","postcode":"7091KA","osm":"node/13160572800"}},{"type":"Feature","id":13233431965,"geometry":{"type":"Point","coordinates":[6.178965,51.358888]},"properties":{"chain":"lidl","name":"Lidl","street":"Groenveldsingel 471","city":"Venlo","postcode":"5913SG","osm":"node/13233431965"}},{"type":"Feature","id":13243504701,"geometry":{"type":"Point","coordinates":[4.895451,52.378374]},"properties":{"chain":"ah","name":"Albert Heijn","osm":"node/13243504701"}},{"type":"Feature","id":13245458816,"geometry":{"type":"Point","coordinates":[4.468994,51.923525]},"properties":{"chain":"ah","name":"Albert Heijn","street":"Stationsplein 45","osm":"node/13245458816"}},{"type":"Feature","id":13245475384,"geometry":{"type":"Point","coordinates":[4.947661,52.508828]},"properties":{"chain":"ah","name":"Albert Heijn","street":"Weeshuissteeg 2","city":"Purmerend","postcode":"1441CS","osm":"node/13245475384"}},{"type":"Feature","id":13275415287,"geometry":{"type":"Point","coordinates":[4.047853,51.274941]},"properties":{"chain":"lidl","name":"Lidl","street":"Nassauweg 2","city":"Hulst","postcode":"4561JV","osm":"node/13275415287"}},{"type":"Feature","id":13295141551,"geometry":{"type":"Point","coordinates":[5.864671,51.103093]},"properties":{"chain":"lidl","name":"Lidl","street":"Zuiderpoort 31","city":"Echt","postcode":"6101KA","osm":"node/13295141551"}},{"type":"Feature","id":13384141317,"geometry":{"type":"Point","coordinates":[5.894584,51.959339]},"properties":{"chain":"jumbo","name":"Jumbo","street":"Kronenburgpassage 110","city":"Arnhem","postcode":"6831ES","osm":"node/13384141317"}},{"type":"Feature","id":13384171311,"geometry":{"type":"Point","coordinates":[6.464791,51.945013]},"properties":{"chain":"jumbo","name":"Jumbo Bennink","street":"Boterstraat 5","city":"Varsseveld","postcode":"7051DA","osm":"node/13384171311"}},{"type":"Feature","id":13479764059,"geometry":{"type":"Point","coordinates":[5.673645,51.602768]},"properties":{"chain":"jumbo","name":"Jumbo","street":"Sint Agathaplein 3","city":"Boekel","postcode":"5427AA","osm":"node/13479764059"}},{"type":"Feature","id":13564406461,"geometry":{"type":"Point","coordinates":[4.277638,52.046404]},"properties":{"chain":"lidl","name":"Lidl","street":"Leyweg 709S","city":"'s-Gravenhage","postcode":"2545GM","osm":"node/13564406461"}},{"type":"Feature","id":13720841596,"geometry":{"type":"Point","coordinates":[4.905303,52.385634]},"properties":{"chain":"ah","name":"Albert Heijn","street":"Bercylaan 807 B","osm":"node/13720841596"}},{"type":"Feature","id":14030900342,"geometry":{"type":"Point","coordinates":[4.474535,51.916161]},"properties":{"chain":"ah","name":"Albert Heijn","street":"Westblaak 232","city":"Rotterdam","postcode":"3012KP","osm":"node/14030900342"}},{"type":"Feature","id":14107576396,"geometry":{"type":"Point","coordinates":[4.345681,51.909674]},"properties":{"chain":"lidl","name":"Lidl","osm":"node/14107576396"}},{"type":"Feature","id":262756724,"geometry":{"type":"Point","coordinates":[4.999524,51.809272]},"properties":{"chain":"lidl","name":"Lidl","street":"Postweide 137","city":"Woudrichem","postcode":"4285DV","osm":"way/262756724"}},{"type":"Feature","id":285284314,"geometry":{"type":"Point","coordinates":[4.809544,52.463672]},"properties":{"chain":"ah","name":"Albert Heijn","street":"Verzetstraat 10","city":"Koog aan de Zaan","postcode":"1541HB","osm":"way/285284314"}},{"type":"Feature","id":289781190,"geometry":{"type":"Point","coordinates":[5.534839,51.758154]},"properties":{"chain":"lidl","name":"Lidl","city":"Oss","osm":"way/289781190"}},{"type":"Feature","id":312651835,"geometry":{"type":"Point","coordinates":[5.206036,52.380986]},"properties":{"chain":"lidl","name":"Lidl","street":"Saffraanplein 29","city":"Almere","postcode":"1314HJ","osm":"way/312651835"}},{"type":"Feature","id":563466972,"geometry":{"type":"Point","coordinates":[4.703316,51.519292]},"properties":{"chain":"lidl","name":"Lidl","street":"Sint Bavostraat 106","city":"Rijsbergen","postcode":"4891CK","osm":"way/563466972"}},{"type":"Feature","id":739868445,"geometry":{"type":"Point","coordinates":[6.561043,53.016897]},"properties":{"chain":"ah","name":"Albert Heijn","osm":"way/739868445"}},{"type":"Feature","id":770734743,"geometry":{"type":"Point","coordinates":[6.585534,53.017365]},"properties":{"chain":"jumbo","name":"Jumbo","street":"Kleuvenstee 106","city":"Assen","postcode":"9403LS","osm":"way/770734743"}},{"type":"Feature","id":776864161,"geometry":{"type":"Point","coordinates":[6.515047,53.000607]},"properties":{"chain":"lidl","name":"Lidl","street":"Rondgang 14","city":"Assen","postcode":"9408MH","osm":"way/776864161"}},{"type":"Feature","id":842112895,"geometry":{"type":"Point","coordinates":[6.560875,52.997927]},"properties":{"chain":"ah","name":"Albert Heijn","street":"Triade 14","city":"Assen","postcode":"9401ZH","osm":"way/842112895"}},{"type":"Feature","id":867995016,"geometry":{"type":"Point","coordinates":[6.584932,53.017927]},"properties":{"chain":"lidl","name":"Lidl","street":"Kleuvenstee 8","city":"Assen","postcode":"9403LR","osm":"way/867995016"}},{"type":"Feature","id":1042205786,"geometry":{"type":"Point","coordinates":[5.105944,51.562119]},"properties":{"chain":"lidl","name":"Lidl","street":"Bosscheweg 296","city":"Tilburg","postcode":"5013AC","osm":"way/1042205786"}}]}